country,country_name,year,rao_score,rao_score_pre_overlay,overlay_adjustment,market_size_bonus,cvar25,volatility_band,pillar_opportunity,pillar_fragility,pillar_absorptive_capacity,pillar_trajectory,tos_score,tos_signal_label,sis_score,dgi_score,rvs_score,regime,regime_label,archetype,trajectory_classification,norm_gdp_growth,norm_export_growth,norm_net_fdi_pct_gdp,norm_gross_capital_formation,norm_secondary_school_enrolment,norm_cpi_inflation,norm_government_debt_pct_gdp,norm_current_account_pct_gdp,norm_external_debt_pct_gni,norm_political_stability,norm_rule_of_law,norm_control_of_corruption,norm_natural_resource_rents_pct_gdp,norm_gdp_per_capita_growth,norm_youth_unemployment,norm_vulnerable_employment,norm_regulatory_quality,norm_gdp_growth_trend,norm_fdi_trend,norm_governance_trend,norm_debt_trend,norm_inflation_trend,universe_flag,universe_flag_severity,data_confidence,imputed_vars,anomaly_flag
AFG,AFG,2010,4.213,3.864,0.349,0.349,0.297,0.125,0.482,0.417,0.26,,0.488,Moderate Potential,0.45,0.519,0.5,SR,Structural Risk,Diversified Emerging Market,structural,0.9878,0.3693,0.367,0.5593,0.151,0.1314,0.8787,0.955,0.9038,0.0126,0.0448,0.0591,0.7875,0.9773,0.737,0.0329,0.0657,,,,,,clean,N/A,MEDIUM,export_growth; gross_capital_formation,True
AFG,AFG,2011,3.849,3.5,0.349,0.349,0.177,0.163,0.306,0.444,0.165,,0.429,Moderate Potential,0.45,0.359,0.5,SR,Structural Risk,Diversified Emerging Market,structural,0.2598,0.4191,0.3271,0.4433,0.1645,0.4001,0.8763,0.9165,0.9036,0.0138,0.0386,0.0657,0.7953,0.1455,0.7352,0.0343,0.0692,,,,,,clean,N/A,MEDIUM,export_growth; gross_capital_formation,False
AFG,AFG,2012,4.365,4.016,0.349,0.349,0.338,0.138,0.49,0.445,0.277,0.558,0.47,Moderate Potential,0.45,0.579,0.388,SR,Structural Risk,Diversified Emerging Market,structural,0.8586,0.5564,0.3816,0.4347,0.169,0.4761,0.8819,0.7375,0.9088,0.0164,0.0422,0.0665,0.7862,0.7665,0.7347,0.0357,0.097,0.7008,0.2288,0.3882,0.7234,0.97,clean,N/A,MEDIUM,export_growth; gross_capital_formation,True
AFG,AFG,2013,1.758,4.062,-2.304,0.349,0.258,0.151,0.429,0.404,0.25,0.638,0.602,Pre-Breakout Signal,0.45,0.606,0.84,SR,Structural Risk,Diversified Emerging Market,structural,0.6808,0.5534,0.3203,0.4372,0.1666,0.3035,0.8814,0.578,0.9045,0.0122,0.0631,0.0709,0.7876,0.5264,0.7357,0.0381,0.095,0.6126,0.3284,0.8397,0.7575,0.8819,narrative_inconsistency,HIGH,MEDIUM,export_growth; gross_capital_formation,True
AFG,AFG,2014,4.043,3.694,0.349,0.349,0.25,0.162,0.389,0.471,0.234,0.572,0.512,Moderate Potential,0.277,0.557,0.951,SR,Structural Risk,Diversified Emerging Market,structural,0.4211,0.5415,0.3815,0.4472,0.1566,0.6603,0.8848,0.7919,0.9074,0.0196,0.0678,0.0816,0.7883,0.2018,0.7324,0.0404,0.1092,0.2088,0.4019,0.9513,0.7665,0.97,clean,N/A,MEDIUM,export_growth; gross_capital_formation,True
AFG,AFG,2015,3.316,3.611,-0.295,0.349,0.258,0.188,0.332,0.458,0.233,0.716,0.478,Moderate Potential,0.208,0.607,0.952,SR,Structural Risk,Diversified Emerging Market,recovery_bounce,0.3462,0.4576,0.3572,0.4124,0.1469,0.6274,0.8974,0.8098,0.8944,0.0128,0.0671,0.0861,0.7497,0.2111,0.6637,0.042,0.1264,0.6015,0.7272,0.9521,0.7866,0.9553,clean,N/A,MEDIUM,export_growth; gross_capital_formation,True
AFG,AFG,2016,3.709,3.36,0.349,0.349,0.232,0.163,0.327,0.455,0.221,0.558,0.447,Moderate Potential,0.197,0.527,0.957,SR,Structural Risk,Diversified Emerging Market,structural,0.4253,0.4081,0.3032,0.4181,0.1397,0.5467,0.9127,0.9363,0.8754,0.0137,0.0737,0.0786,0.7776,0.3007,0.5824,0.0434,0.0777,0.0294,0.651,0.9566,0.8221,0.612,clean,N/A,MEDIUM,export_growth; gross_capital_formation,True
AFG,AFG,2017,3.821,3.472,0.349,0.349,0.243,0.167,0.385,0.455,0.213,0.597,0.461,Moderate Potential,0.269,0.524,0.747,SR,Structural Risk,Diversified Emerging Market,structural,0.4049,0.4338,0.4077,0.5397,0.1566,0.5528,0.9113,0.9134,0.8707,0.0106,0.0703,0.0815,0.7784,0.2655,0.4813,0.0455,0.0687,0.2631,0.5545,0.7467,0.8269,0.669,clean,N/A,MEDIUM,export_growth; gross_capital_formation,True
AFG,AFG,2018,3.474,3.125,0.349,0.349,0.233,0.166,0.396,0.462,0.204,0.579,0.381,Low Takeoff Signal,0.265,0.509,0.415,SR,Structural Risk,Commodity Exporter,structural,0.2383,0.4853,0.4424,0.6225,0.1669,0.5356,0.9135,0.9608,0.8803,0.0096,0.0621,0.0842,0.7438,0.1076,0.493,0.0445,0.0878,0.4742,0.6253,0.4146,0.7989,0.6318,clean,N/A,MEDIUM,export_growth; gross_capital_formation,True
AFG,AFG,2019,3.97,3.621,0.349,0.349,0.266,0.154,0.434,0.465,0.236,0.563,0.468,Moderate Potential,0.45,0.526,0.426,SR,Structural Risk,Diversified Emerging Market,structural,0.6127,0.4518,0.4097,0.6409,0.1627,0.5382,0.9181,0.9401,0.882,0.0094,0.0651,0.0857,0.7471,0.4218,0.5161,0.0432,0.0927,0.634,0.4875,0.4265,0.7714,0.5182,clean,N/A,MEDIUM,export_growth; gross_capital_formation,True
AFG,AFG,2020,3.516,3.167,0.349,0.349,0.27,0.18,0.223,0.472,0.179,0.541,0.336,Low Takeoff Signal,0.45,0.411,0.189,SR,Structural Risk,Diversified Emerging Market,structural,0.5755,0.4719,0.4736,0.0704,0.1569,0.5439,0.9175,0.9781,0.8786,0.0099,0.0626,0.0911,0.7821,0.4576,0.582,0.0441,0.092,0.8396,0.643,0.1891,0.8672,0.3715,clean,N/A,HIGH,export_growth,True
AFG,AFG,2021,2.742,2.393,0.349,0.349,0.135,0.155,0.232,0.418,0.06,0.38,0.323,Low Takeoff Signal,0.45,0.312,0.229,SR,Structural Risk,Commodity Exporter,structural,0.0001,0.3711,0.4178,0.0837,0.1565,0.5021,0.9025,0.549,0.8207,0.0141,0.0582,0.1252,0.7821,0.0001,0.5561,0.0478,0.0763,0.0121,0.5051,0.2286,0.8661,0.0212,clean,N/A,HIGH,,True
AFG,AFG,2022,2.602,2.253,0.349,0.349,0.135,0.125,0.286,0.346,0.142,0.38,0.284,Low Takeoff Signal,0.45,0.344,0.134,SR,Structural Risk,Diversified Emerging Market,structural,0.0575,0.7414,0.4831,0.1668,0.1551,0.703,0.9156,0.0626,0.8188,0.0125,0.0485,0.1372,0.7827,0.0511,0.4435,0.0453,0.0773,0.0339,0.2215,0.1335,0.6694,0.8492,clean,N/A,HIGH,,True
AFG,AFG,2023,2.381,2.032,0.349,0.349,0.142,0.119,0.281,0.348,0.217,0.392,0.212,Low Takeoff Signal,0.45,0.375,0.045,SL,Stable / Low Opportunity,Diversified Emerging Market,structural,0.4469,0.1066,0.4095,0.1289,0.182,0.6646,0.9219,0.0229,0.8428,0.0144,0.0466,0.1318,0.7826,0.3765,0.422,0.0432,0.075,0.1982,0.4354,0.0455,0.5288,0.8552,clean,N/A,HIGH,,True
AFG,AFG,2024,2.326,1.977,0.349,0.349,0.137,0.12,0.281,0.346,0.207,0.397,0.204,Low Takeoff Signal,0.521,0.379,0.033,SR,Structural Risk,Diversified Emerging Market,structural,0.4132,0.1445,0.4174,0.133,0.1711,0.6653,0.9229,0.018,0.8335,0.023,0.0449,0.118,0.7827,0.3337,0.4333,0.042,0.0593,0.5093,,0.0334,0.2943,0.9398,clean,N/A,HIGH,,True
AGO,AGO,2010,3.971,3.355,0.616,0.616,0.129,0.156,0.369,0.38,0.066,,0.461,Moderate Potential,0.45,0.441,0.5,SR,Structural Risk,Diversified Emerging Market,structural,0.5343,0.2567,0.2571,0.7614,0.0399,0.0185,0.6455,0.6953,0.6942,0.4684,0.1267,0.1026,0.0104,0.2502,0.0503,0.0822,0.1185,,,,,,clean,N/A,HIGH,,False
AGO,AGO,2011,3.956,3.34,0.616,0.616,0.134,0.166,0.337,0.414,0.069,,0.449,Moderate Potential,0.45,0.408,0.5,SR,Structural Risk,Commodity Exporter,structural,0.4811,0.3554,0.2625,0.6094,0.0433,0.3138,0.7196,0.7228,0.6826,0.3941,0.1121,0.0954,0.0194,0.2945,0.052,0.0863,0.1204,,,,,,clean,N/A,HIGH,,False
AGO,AGO,2012,2.6,2.424,0.176,0.616,0.175,0.178,0.445,0.437,0.105,0.611,0.271,Low Takeoff Signal,0.45,0.638,0.055,SR,Structural Risk,High-Growth Emerging Market,cyclical,0.7212,0.4674,0.3587,0.6322,0.0393,0.2654,0.7542,0.7169,0.7463,0.4192,0.1061,0.0919,0.0223,0.6012,0.0706,0.1009,0.1381,0.8757,0.9495,0.0553,0.9383,0.97,clean,N/A,HIGH,,True
AGO,AGO,2013,3.008,2.392,0.616,0.616,0.146,0.167,0.364,0.406,0.114,0.57,0.306,Low Takeoff Signal,0.45,0.59,0.091,SR,Structural Risk,Diversified Emerging Market,structural,0.6262,0.4085,0.1735,0.5989,0.0397,0.2777,0.7099,0.6781,0.7004,0.3576,0.111,0.0873,0.0313,0.4251,0.0839,0.1178,0.1284,0.7203,0.5388,0.0911,0.7489,0.9728,clean,N/A,HIGH,,True
AGO,AGO,2014,2.633,2.498,0.135,0.616,0.179,0.165,0.419,0.378,0.148,0.668,0.286,Low Takeoff Signal,0.108,0.599,0.373,SR,Structural Risk,Diversified Emerging Market,cyclical,0.6442,0.4289,0.4319,0.7038,0.0387,0.2978,0.666,0.4772,0.7071,0.361,0.1173,0.092,0.0633,0.3778,0.087,0.1373,0.1413,0.7148,0.9001,0.3734,0.7545,0.97,clean,N/A,HIGH,,True
AGO,AGO,2015,2.423,1.807,0.616,0.616,0.141,0.098,0.409,0.272,0.153,0.38,0.151,Low Takeoff Signal,0.025,0.369,0.428,SL,Stable / Low Opportunity,Diversified Emerging Market,structural,0.2848,0.4658,0.6274,0.6988,0.0394,0.3553,0.5334,0.277,0.4599,0.3405,0.116,0.0909,0.1884,0.142,0.0865,0.136,0.1217,0.3874,0.9163,0.4277,0.0518,0.1904,clean,N/A,HIGH,,True
AGO,AGO,2016,2.088,1.472,0.616,0.616,0.102,0.093,0.306,0.203,0.104,0.38,0.117,Low Takeoff Signal,0.012,0.369,0.434,SL,Stable / Low Opportunity,Diversified Emerging Market,structural,0.1011,0.2802,0.2646,0.7455,0.1473,0.1777,0.3772,0.5414,0.0773,0.4144,0.1112,0.089,0.025,0.039,0.0839,0.1343,0.1053,0.0294,0.8903,0.4336,0.0441,0.0385,clean,N/A,HIGH,,True
AGO,AGO,2017,2.251,1.635,0.616,0.616,0.114,0.11,0.317,0.268,0.095,0.38,0.144,Low Takeoff Signal,0.032,0.318,0.333,SL,Stable / Low Opportunity,Commodity Exporter,structural,0.1708,0.3553,0.2779,0.7504,0.1476,0.4183,0.4604,0.6022,0.2509,0.3667,0.1088,0.0992,0.0153,0.077,0.0803,0.1321,0.1029,0.0275,0.441,0.3326,0.0347,0.0257,clean,N/A,HIGH,,True
AGO,AGO,2018,2.405,1.789,0.616,0.616,0.104,0.129,0.24,0.328,0.078,0.38,0.202,Low Takeoff Signal,0.051,0.268,0.726,SR,Structural Risk,Commodity Exporter,structural,0.1046,0.271,0.365,0.4633,0.1427,0.5348,0.235,0.8716,0.2276,0.4097,0.1543,0.1463,0.0117,0.0322,0.0805,0.1301,0.1307,0.0302,0.0169,0.7264,0.0412,0.1008,clean,N/A,HIGH,,True
AGO,AGO,2019,3.592,2.976,0.616,0.616,0.104,0.122,0.277,0.313,0.091,0.38,0.531,Reform Story,0.45,0.385,0.94,SR,Structural Risk,Commodity Exporter,structural,0.216,0.3607,0.3564,0.5011,0.1388,0.5298,0.1242,0.816,0.1703,0.4022,0.1712,0.1931,0.0091,0.092,0.0866,0.1279,0.1463,0.4555,0.0263,0.9401,0.0483,0.5694,clean,N/A,HIGH,,True
AGO,AGO,2020,4.413,3.797,0.616,0.616,0.158,0.151,0.239,0.274,0.1,0.595,0.679,Pre-Breakout Signal,0.696,0.494,0.956,SR,Structural Risk,Commodity Exporter,structural,0.4715,0.4814,0.4248,0.313,0.1334,0.5053,0.1335,0.6675,0.0469,0.3095,0.1953,0.1991,0.0168,0.3501,0.1185,0.1263,0.1422,0.8863,0.6906,0.9559,0.0355,0.9722,clean,N/A,HIGH,,True
AGO,AGO,2021,4.151,3.535,0.616,0.616,0.157,0.175,0.285,0.357,0.106,0.67,0.607,Pre-Breakout Signal,0.45,0.561,0.944,SR,Structural Risk,Commodity Exporter,structural,0.2233,0.1893,0.348,0.1507,0.1237,0.417,0.4423,0.9023,0.1609,0.2606,0.16,0.2875,0.0244,0.1302,0.1474,0.1219,0.1889,0.7194,0.9647,0.9439,0.7054,0.4272,clean,N/A,HIGH,,True
AGO,AGO,2022,4.037,3.421,0.616,0.616,0.184,0.193,0.328,0.448,0.115,0.679,0.536,Moderate Potential,0.45,0.578,0.602,SR,Structural Risk,Diversified Emerging Market,structural,0.5095,0.3493,0.4123,0.1051,0.1228,0.5355,0.5948,0.8303,0.4849,0.3533,0.1516,0.3052,0.0246,0.3769,0.1624,0.1162,0.1912,0.9664,0.5437,0.602,0.8874,0.8987,clean,N/A,HIGH,,True
AGO,AGO,2023,2.612,2.433,0.179,0.616,0.135,0.182,0.212,0.411,0.097,0.607,0.334,Low Takeoff Signal,0.45,0.495,0.149,SR,Structural Risk,Diversified Emerging Market,cyclical,0.3576,0.016,0.3325,0.0683,0.1168,0.4752,0.4291,0.7257,0.346,0.4575,0.1466,0.2989,0.0246,0.2319,0.1502,0.1138,0.1769,0.8122,0.6343,0.1495,0.9658,0.8552,clean,N/A,HIGH,,True
AGO,AGO,2024,2.942,2.326,0.616,0.616,0.15,0.173,0.323,0.415,0.112,0.585,0.282,Low Takeoff Signal,0.45,0.532,0.078,SR,Structural Risk,Diversified Emerging Market,structural,0.6265,0.4273,0.3902,0.0463,0.1083,0.3901,0.5179,0.8015,0.2968,0.3654,0.155,0.3093,0.0245,0.4473,0.1523,0.1134,0.21,0.9047,0.849,0.0781,0.9726,0.595,clean,N/A,HIGH,,True
ALB,ALB,2010,6.144,5.694,0.45,0.45,0.531,0.09,0.603,0.43,0.374,,0.507,Moderate Potential,0.45,0.579,0.5,SL,Stable / Low Opportunity,Diversified Emerging Market,structural,0.2787,0.6106,0.583,0.8547,0.7506,0.7077,0.3192,0.2417,0.527,0.515,0.4431,0.3404,0.7629,0.4963,0.1355,0.2577,0.5612,,,,,,clean,N/A,HIGH,,False
ALB,ALB,2011,6.234,5.784,0.45,0.45,0.549,0.076,0.583,0.402,0.418,,0.505,Moderate Potential,0.45,0.571,0.5,SL,Stable / Low Opportunity,Diversified Emerging Market,structural,0.396,0.4622,0.5441,0.8508,0.7605,0.7268,0.3088,0.2488,0.3982,0.4609,0.4512,0.2654,0.7449,0.5246,0.3334,0.2059,0.5437,,,,,,clean,N/A,HIGH,,False
ALB,ALB,2012,4.201,3.751,0.45,0.45,0.384,0.074,0.537,0.37,0.353,0.38,0.327,Low Takeoff Signal,0.45,0.4,0.177,SL,Stable / Low Opportunity,Diversified Emerging Market,structural,0.3634,0.4248,0.5149,0.7085,0.7711,0.7106,0.3012,0.3174,0.2737,0.4514,0.4008,0.2335,0.7154,0.5122,0.1934,0.1783,0.4823,0.3454,0.0899,0.1775,0.2467,0.4859,clean,N/A,HIGH,,True
ALB,ALB,2013,3.906,3.456,0.45,0.45,0.407,0.067,0.569,0.368,0.36,0.38,0.21,Low Takeoff Signal,0.45,0.383,0.043,SL,Stable / Low Opportunity,Diversified Emerging Market,structural,0.3655,0.4342,0.6871,0.6929,0.8012,0.6688,0.2537,0.3038,0.2526,0.5435,0.3828,0.2347,0.703,0.6346,0.1568,0.2145,0.496,0.4094,0.5686,0.0427,0.112,0.366,clean,N/A,HIGH,,True
ALB,ALB,2014,4.7,4.25,0.45,0.45,0.373,0.103,0.559,0.42,0.312,0.467,0.482,Moderate Potential,0.466,0.49,0.491,SL,Stable / Low Opportunity,Diversified Emerging Market,structural,0.3666,0.4206,0.5814,0.6778,0.7961,0.7025,0.2442,0.1903,0.3215,0.7005,0.462,0.2988,0.6859,0.7307,0.0547,0.2312,0.56,0.6564,0.6085,0.4912,0.0591,0.5196,clean,N/A,HIGH,,True
ALB,ALB,2015,4.495,4.045,0.45,0.45,0.362,0.097,0.548,0.403,0.314,0.446,0.442,Moderate Potential,0.368,0.471,0.509,SL,Stable / Low Opportunity,Diversified Emerging Market,structural,0.422,0.425,0.5932,0.6426,0.7784,0.608,0.274,0.2484,0.2669,0.6569,0.4789,0.3286,0.6996,0.7295,0.0491,0.2224,0.5396,0.651,0.7223,0.5088,0.1506,0.1991,clean,N/A,HIGH,,True
ALB,ALB,2016,5.706,5.256,0.45,0.45,0.477,0.105,0.594,0.416,0.36,0.599,0.606,Pre-Breakout Signal,0.447,0.558,0.951,SL,Stable / Low Opportunity,Diversified Emerging Market,structural,0.6185,0.5175,0.7455,0.6033,0.7372,0.5747,0.3133,0.2961,0.3769,0.6913,0.4849,0.3534,0.7585,0.8794,0.0698,0.2263,0.5427,0.8941,0.6118,0.9506,0.5194,0.3611,clean,N/A,HIGH,,True
ALB,ALB,2017,6.004,5.554,0.45,0.45,0.511,0.09,0.598,0.411,0.41,0.581,0.637,Pre-Breakout Signal,0.466,0.618,0.948,SL,Stable / Low Opportunity,Diversified Emerging Market,structural,0.4717,0.5116,0.5263,0.6793,0.7184,0.5608,0.3409,0.2199,0.3505,0.6901,0.4854,0.3309,0.7537,0.7609,0.1118,0.2617,0.5604,0.8724,0.1064,0.9477,0.8163,0.5477,clean,N/A,HIGH,,True
ALB,ALB,2018,6.301,5.851,0.45,0.45,0.553,0.1,0.57,0.426,0.442,0.63,0.657,Pre-Breakout Signal,0.577,0.616,0.826,SL,Stable / Low Opportunity,Diversified Emerging Market,structural,0.5521,0.4665,0.5154,0.6224,0.7318,0.5355,0.3713,0.2554,0.4426,0.674,0.5015,0.3253,0.714,0.8678,0.1492,0.2679,0.5725,0.8454,0.345,0.8256,0.7979,0.5548,clean,N/A,HIGH,,True
ALB,ALB,2019,4.881,4.431,0.45,0.45,0.486,0.09,0.517,0.418,0.439,0.526,0.363,Low Takeoff Signal,0.2,0.537,0.461,SL,Stable / Low Opportunity,High-Growth Emerging Market,structural,0.4191,0.4475,0.4909,0.5348,0.7344,0.5392,0.4118,0.2481,0.4989,0.6078,0.4476,0.3351,0.7085,0.7195,0.1638,0.2784,0.56,0.4572,0.2968,0.4607,0.8738,0.6663,clean,N/A,HIGH,,True
ALB,ALB,2020,4.704,4.254,0.45,0.45,0.491,0.108,0.411,0.391,0.373,0.492,0.306,Low Takeoff Signal,0.2,0.442,0.327,SL,Stable / Low Opportunity,Diversified Emerging Market,structural,0.5165,0.3176,0.579,0.6597,0.6929,0.5514,0.4512,0.15,0.4812,0.6087,0.4608,0.2735,0.7598,0.6787,0.2511,0.296,0.5268,0.2592,0.3718,0.327,0.8426,0.7823,clean,N/A,HIGH,,True
ALB,ALB,2021,5.884,5.434,0.45,0.45,0.639,0.061,0.739,0.42,0.478,0.599,0.412,Moderate Potential,0.2,0.669,0.543,RO,Robust Opportunity,High-Growth Emerging Market,structural,0.7619,0.9815,0.5041,0.7488,0.7162,0.5868,0.4375,0.208,0.5245,0.6311,0.4909,0.3022,0.7517,0.8762,0.2102,0.3184,0.525,0.7396,0.2153,0.5426,0.8276,0.7478,clean,N/A,HIGH,,True
ALB,ALB,2022,5.871,5.421,0.45,0.45,0.628,0.084,0.624,0.464,0.486,0.613,0.425,Moderate Potential,0.2,0.601,0.687,RO,Robust Opportunity,High-Growth Emerging Market,structural,0.5508,0.7045,0.5853,0.6282,0.7044,0.6295,0.4961,0.3379,0.5539,0.6191,0.5336,0.3454,0.7524,0.739,0.2213,0.3029,0.5446,0.7088,0.3144,0.6866,0.821,0.6049,clean,N/A,HIGH,,True
ALB,ALB,2023,6.122,5.672,0.45,0.45,0.658,0.107,0.55,0.519,0.482,0.57,0.449,Moderate Potential,0.2,0.537,0.938,RO,Robust Opportunity,Diversified Emerging Market,structural,0.6074,0.6869,0.6654,0.5019,0.6971,0.5827,0.5701,0.4968,0.613,0.6197,0.5255,0.3625,0.7522,0.8169,0.1799,0.3314,0.5636,0.5744,0.3986,0.9378,0.8033,0.3743,clean,N/A,HIGH,,True
ALB,ALB,2024,6.253,5.803,0.45,0.45,0.677,0.1,0.576,0.533,0.481,0.536,0.458,Moderate Potential,0.2,0.578,0.918,RO,Robust Opportunity,Diversified Emerging Market,structural,0.5903,0.3905,0.557,0.5991,0.8328,0.5845,0.5929,0.4391,0.6876,0.6484,0.5428,0.3898,0.7523,0.8259,0.1765,0.3354,0.5947,0.2436,0.3529,0.9182,0.9684,0.5817,clean,N/A,HIGH,,True
ARE,ARE,2010,6.448,5.571,0.877,0.877,0.525,0.186,0.474,0.68,0.354,,0.481,Moderate Potential,0.45,0.498,0.5,SR,Structural Risk,Advanced Economy,structural,0.1689,0.3876,0.4113,0.7254,0.7268,0.8337,0.7965,0.6066,0.1773,0.8708,0.6237,0.8731,0.0903,0.1039,0.8061,0.9289,0.8087,,,,,,clean,N/A,HIGH,secondary_school_enrolment; external_debt_pct_gni,False
ARE,ARE,2011,7.709,6.832,0.877,0.877,0.734,0.169,0.585,0.732,0.442,,0.519,Moderate Potential,0.45,0.619,0.5,FO,Fragile Opportunity,Advanced Economy,structural,0.7085,0.5502,0.3701,0.4814,0.8324,0.7804,0.775,0.7511,0.2336,0.882,0.7595,0.9074,0.0664,0.5613,0.8105,0.9285,0.8497,,,,,,clean,N/A,HIGH,secondary_school_enrolment; external_debt_pct_gni,False
ARE,ARE,2012,7.643,6.766,0.877,0.877,0.74,0.189,0.55,0.749,0.423,0.596,0.631,Pre-Breakout Signal,0.45,0.623,0.95,FO,Fragile Opportunity,Advanced Economy,structural,0.5456,0.5592,0.4204,0.4108,0.828,0.8085,0.7834,0.8497,0.3592,0.8751,0.7333,0.9028,0.057,0.4167,0.8158,0.9276,0.8381,0.8532,0.4046,0.9502,0.5295,0.5437,clean,N/A,HIGH,secondary_school_enrolment; external_debt_pct_gni,True
ARE,ARE,2013,7.478,6.601,0.877,0.877,0.713,0.194,0.519,0.753,0.431,0.597,0.625,Pre-Breakout Signal,0.45,0.612,0.938,FO,Fragile Opportunity,Advanced Economy,structural,0.629,0.486,0.3995,0.3164,0.8207,0.6891,0.8288,0.8942,0.3982,0.8741,0.7597,0.9145,0.0431,0.4148,0.8228,0.9273,0.8722,0.8273,0.5459,0.9382,0.7601,0.1881,clean,N/A,HIGH,secondary_school_enrolment; external_debt_pct_gni,True
ARE,ARE,2014,6.693,5.816,0.877,0.877,0.695,0.187,0.52,0.74,0.449,0.595,0.435,Moderate Potential,0.193,0.594,0.78,FO,Fragile Opportunity,Advanced Economy,structural,0.6417,0.4618,0.4372,0.3588,0.8102,0.5632,0.8555,0.9172,0.5038,0.8835,0.7279,0.89,0.0457,0.275,0.8272,0.9271,0.8968,0.7754,0.6035,0.7799,0.899,0.1216,clean,N/A,HIGH,secondary_school_enrolment; external_debt_pct_gni,True
ARE,ARE,2015,6.737,5.86,0.877,0.877,0.797,0.125,0.549,0.691,0.615,0.489,0.293,Low Takeoff Signal,0.159,0.563,0.279,FO,Fragile Opportunity,Advanced Economy,structural,0.845,0.4728,0.3968,0.3484,0.8139,0.5671,0.8612,0.8408,0.4017,0.8823,0.7222,0.8751,0.1669,0.5012,0.8366,0.9257,0.9083,0.6485,0.6941,0.2785,0.9036,0.0741,clean,N/A,HIGH,secondary_school_enrolment; external_debt_pct_gni,True
ARE,ARE,2016,6.882,6.005,0.877,0.877,0.795,0.128,0.54,0.69,0.616,0.538,0.337,Low Takeoff Signal,0.173,0.576,0.393,FO,Fragile Opportunity,Advanced Economy,structural,0.7884,0.4945,0.4093,0.3224,0.8217,0.581,0.8603,0.8196,0.41,0.8601,0.7439,0.9024,0.1882,0.3968,0.8457,0.9252,0.8863,0.6988,0.6032,0.3926,0.8695,0.2471,clean,N/A,HIGH,secondary_school_enrolment; external_debt_pct_gni,True
ARE,ARE,2017,5.243,4.366,0.877,0.877,0.499,0.189,0.419,0.715,0.44,0.457,0.325,Low Takeoff Signal,0.231,0.454,0.328,SR,Structural Risk,Advanced Economy,structural,0.1225,0.3878,0.4438,0.2954,0.8275,0.5597,0.8419,0.9026,0.5428,0.8662,0.7334,0.8988,0.1584,0.0624,0.7927,0.9253,0.8919,0.1989,0.5558,0.3278,0.6153,0.5879,clean,N/A,HIGH,secondary_school_enrolment; external_debt_pct_gni,True
ARE,ARE,2018,6.033,5.156,0.877,0.877,0.592,0.176,0.451,0.725,0.499,0.445,0.405,Moderate Potential,0.295,0.459,0.506,FO,Fragile Opportunity,Advanced Economy,stable,0.275,0.4395,0.4596,0.3059,0.7713,0.5355,0.8457,0.9331,0.5365,0.8877,0.7376,0.8999,0.12,0.2641,0.7997,0.9242,0.8895,0.0302,0.6232,0.5063,0.4131,0.6514,clean,N/A,HIGH,external_debt_pct_gni,True
ARE,ARE,2019,6.371,5.494,0.877,0.877,0.644,0.166,0.473,0.709,0.513,0.484,0.42,Moderate Potential,0.25,0.518,0.605,FO,Fragile Opportunity,Advanced Economy,structural,0.3402,0.4393,0.4522,0.4197,0.7669,0.541,0.8128,0.8998,0.4764,0.8867,0.7465,0.8962,0.0966,0.3528,0.7826,0.9222,0.8988,0.0678,0.8432,0.6049,0.2494,0.9138,clean,N/A,HIGH,external_debt_pct_gni,True
ARE,ARE,2020,6.279,5.402,0.877,0.877,0.654,0.189,0.425,0.69,0.368,0.445,0.381,Low Takeoff Signal,0.25,0.456,0.503,FO,Fragile Opportunity,Knowledge / Service Economy,structural,0.2203,0.5842,0.5573,0.4788,0.7355,0.5573,0.7519,0.8648,0.5732,0.8875,0.7378,0.8903,0.1357,0.2871,0.6646,0.9218,0.8944,0.0521,0.8943,0.5032,0.169,0.9722,clean,N/A,HIGH,external_debt_pct_gni,True
ARE,ARE,2021,6.578,5.701,0.877,0.877,0.677,0.152,0.58,0.723,0.526,0.589,0.429,Moderate Potential,0.25,0.62,0.524,FO,Fragile Opportunity,Advanced Economy,structural,0.4045,0.3006,0.4795,0.5892,0.7833,0.6136,0.7767,0.9273,0.5618,0.8922,0.7192,0.8894,0.1659,0.3383,0.7508,0.9224,0.8878,0.7184,0.9647,0.5241,0.2047,0.8562,clean,N/A,HIGH,external_debt_pct_gni,True
ARE,ARE,2022,7.224,6.347,0.877,0.877,0.772,0.162,0.632,0.75,0.506,0.686,0.466,Moderate Potential,0.25,0.678,0.622,FO,Fragile Opportunity,Advanced Economy,structural,0.7176,0.4648,0.5426,0.5908,0.7673,0.6653,0.8087,0.9156,0.575,0.9006,0.7518,0.8891,0.1669,0.4584,0.7076,0.9217,0.8914,0.9544,0.7912,0.622,0.5606,0.892,clean,N/A,HIGH,external_debt_pct_gni,True
ARE,ARE,2023,7.215,6.338,0.877,0.877,0.783,0.165,0.598,0.743,0.474,0.562,0.447,Moderate Potential,0.25,0.566,0.669,FO,Fragile Opportunity,Advanced Economy,structural,0.6324,0.634,0.6288,0.6815,0.7695,0.5979,0.8043,0.9101,0.5085,0.8773,0.765,0.8862,0.1668,0.3874,0.7986,0.9178,0.8991,0.9806,0.574,0.6694,0.5928,0.2224,clean,N/A,HIGH,external_debt_pct_gni,True
ARE,ARE,2024,7.333,6.456,0.877,0.877,0.766,0.177,0.602,0.758,0.449,0.594,0.505,Moderate Potential,0.25,0.612,0.917,FO,Fragile Opportunity,Advanced Economy,structural,0.585,0.5728,0.6,0.6898,0.7683,0.5873,0.8056,0.8979,0.5654,0.8926,0.7799,0.9131,0.1666,0.2603,0.7987,0.9176,0.9042,0.9376,0.8328,0.9166,0.625,0.0951,clean,N/A,HIGH,external_debt_pct_gni,True
ARG,Argentina,2010,7.54,6.625,0.915,0.915,0.702,0.063,0.559,0.438,0.537,,0.509,Moderate Potential,0.45,0.584,0.5,RO,Robust Opportunity,High-Growth Emerging Market,structural,0.9171,0.5196,0.4063,0.1765,0.8106,0.1028,0.4991,0.4934,0.7566,0.5499,0.355,0.3986,0.7106,0.9382,0.4346,0.793,0.1997,,,,,,clean,N/A,HIGH,,False
ARG,Argentina,2011,7.058,6.143,0.915,0.915,0.626,0.098,0.488,0.502,0.518,,0.49,Moderate Potential,0.45,0.524,0.5,RO,Robust Opportunity,High-Growth Emerging Market,structural,0.6601,0.4387,0.373,0.2056,0.8184,0.3915,0.565,0.4853,0.7728,0.672,0.3752,0.4051,0.7181,0.6838,0.4619,0.7949,0.2243,,,,,,clean,N/A,HIGH,,False
ARG,Argentina,2012,4.918,4.003,0.915,0.915,0.361,0.12,0.383,0.478,0.4,0.404,0.432,Moderate Potential,0.45,0.415,0.43,SR,Structural Risk,Diversified Emerging Market,structural,0.276,0.3875,0.4273,0.1501,0.8243,0.1762,0.5629,0.5171,0.8002,0.6519,0.3522,0.3448,0.7033,0.2962,0.4856,0.7884,0.1871,0.0263,0.4356,0.4298,0.7586,0.3785,clean,N/A,HIGH,,True
ARG,Argentina,2013,5.256,4.341,0.915,0.915,0.424,0.097,0.424,0.457,0.454,0.38,0.431,Moderate Potential,0.45,0.43,0.409,SL,Stable / Low Opportunity,High-Growth Emerging Market,structural,0.4214,0.387,0.3764,0.1769,0.817,0.1335,0.551,0.4817,0.7884,0.6424,0.3431,0.3445,0.7089,0.4671,0.4531,0.7798,0.1926,0.0254,0.496,0.4094,0.7168,0.182,clean,N/A,HIGH,,True
ARG,Argentina,2014,3.252,2.337,0.915,0.915,0.25,0.108,0.36,0.407,0.346,0.38,0.135,Low Takeoff Signal,0.092,0.334,0.073,SL,Stable / Low Opportunity,Diversified Emerging Market,structural,0.0578,0.3577,0.3988,0.165,0.8221,0.0066,0.5528,0.5035,0.7763,0.5851,0.2739,0.3025,0.7037,0.0656,0.4559,0.7717,0.1446,0.021,0.2402,0.0735,0.7383,0.1216,clean,N/A,HIGH,,True
ARG,Argentina,2015,4.997,4.082,0.915,0.915,0.414,0.078,0.436,0.41,0.466,0.38,0.374,Low Takeoff Signal,0.312,0.435,0.389,SL,Stable / Low Opportunity,Diversified Emerging Market,structural,0.4734,0.4201,0.389,0.1788,0.8272,0.1417,0.5066,0.5247,0.7758,0.5867,0.3735,0.3062,0.7248,0.5208,0.411,0.7647,0.1939,0.5419,0.5993,0.3888,0.2572,0.0741,clean,N/A,HIGH,,True
ARG,Argentina,2016,4.972,4.057,0.915,0.915,0.376,0.112,0.404,0.476,0.42,0.382,0.424,Reform Story,0.241,0.45,0.763,SL,Stable / Low Opportunity,Diversified Emerging Market,structural,0.0858,0.4955,0.3065,0.1997,0.8431,0.3269,0.541,0.54,0.7515,0.7024,0.4712,0.4748,0.7642,0.1026,0.349,0.7571,0.3972,0.5728,0.3132,0.7631,0.2336,0.0385,clean,N/A,HIGH,,True
ARG,Argentina,2017,6.37,5.455,0.915,0.915,0.523,0.088,0.465,0.485,0.531,0.431,0.592,Pre-Breakout Signal,0.474,0.488,0.962,SL,Stable / Low Opportunity,Diversified Emerging Market,structural,0.4226,0.4145,0.4315,0.1949,0.85,0.4111,0.5013,0.344,0.7292,0.7203,0.5005,0.4946,0.7664,0.4715,0.2949,0.7503,0.4531,0.5597,0.551,0.9615,0.267,0.0257,clean,N/A,HIGH,,True
ARG,Argentina,2018,4.885,3.97,0.915,0.915,0.316,0.117,0.384,0.456,0.385,0.416,0.489,Reform Story,0.308,0.433,0.967,SL,Stable / Low Opportunity,Diversified Emerging Market,structural,0.0368,0.4295,0.4583,0.1388,0.8439,0.5335,0.2129,0.3258,0.5338,0.661,0.4888,0.57,0.7021,0.0436,0.2466,0.7478,0.4321,0.5297,0.7203,0.9667,0.0412,0.0387,clean,N/A,HIGH,,True
ARG,Argentina,2019,4.674,3.759,0.915,0.915,0.299,0.11,0.403,0.441,0.359,0.38,0.457,Moderate Potential,0.45,0.367,0.599,SL,Stable / Low Opportunity,Diversified Emerging Market,structural,0.1139,0.4824,0.424,0.091,0.8515,0.5077,0.1941,0.5597,0.4452,0.6322,0.427,0.5268,0.6856,0.1285,0.1873,0.7324,0.3195,0.1085,0.6038,0.5994,0.0483,0.0498,clean,N/A,HIGH,,True
ARG,Argentina,2020,4.173,3.258,0.915,0.915,0.291,0.14,0.329,0.444,0.22,0.38,0.33,Low Takeoff Signal,0.45,0.309,0.248,SR,Structural Risk,Diversified Emerging Market,structural,0.1733,0.4002,0.4919,0.1259,0.8673,0.4841,0.2169,0.6334,0.498,0.6363,0.4455,0.49,0.7264,0.1911,0.162,0.7156,0.2935,0.278,0.7009,0.248,0.0355,0.0608,clean,N/A,HIGH,,True
ARG,Argentina,2021,5.693,4.778,0.915,0.915,0.561,0.064,0.594,0.487,0.52,0.38,0.347,Low Takeoff Signal,0.45,0.491,0.171,SL,Stable / Low Opportunity,High-Growth Emerging Market,structural,0.8428,0.3999,0.4335,0.2203,0.8905,0.2617,0.3788,0.6187,0.6224,0.6613,0.4448,0.4142,0.7118,0.8567,0.3092,0.7107,0.2751,0.7606,0.3861,0.1706,0.4205,0.0212,clean,N/A,HIGH,,True
ARG,Argentina,2022,6.553,5.638,0.915,0.915,0.607,0.078,0.543,0.49,0.544,0.497,0.516,Moderate Potential,0.45,0.545,0.57,RO,Robust Opportunity,High-Growth Emerging Market,structural,0.6289,0.3542,0.5144,0.1878,0.8752,0.0086,0.2967,0.5402,0.6987,0.6403,0.4615,0.4127,0.7126,0.7015,0.3911,0.719,0.2849,0.9664,0.3835,0.5696,0.8264,0.0305,clean,N/A,HIGH,,True
ARG,Argentina,2023,5.311,4.396,0.915,0.915,0.365,0.102,0.394,0.438,0.434,0.411,0.534,Reform Story,0.45,0.422,0.86,SL,Stable / Low Opportunity,Diversified Emerging Market,structural,0.1487,0.1473,0.5513,0.2793,0.8081,0.0051,0.0189,0.3988,0.6962,0.5986,0.4876,0.4093,0.7124,0.2114,0.4053,0.726,0.31,0.4851,0.9714,0.8597,0.0506,0.0174,clean,N/A,HIGH,,True
ARG,Argentina,2024,5.782,4.867,0.915,0.915,0.46,0.104,0.448,0.496,0.462,0.38,0.524,Reform Story,0.45,0.42,0.808,SL,Stable / Low Opportunity,Diversified Emerging Market,structural,0.1414,0.846,0.455,0.1486,0.8059,0.0374,0.2803,0.6151,0.6934,0.5595,0.4839,0.4302,0.7125,0.1954,0.3607,0.7252,0.4222,0.163,0.5704,0.8079,0.273,0.0145,clean,N/A,HIGH,,True
ARM,ARM,2010,5.815,5.398,0.417,0.417,0.464,0.074,0.645,0.341,0.342,,0.526,Moderate Potential,0.45,0.643,0.5,SL,Stable / Low Opportunity,Diversified Emerging Market,structural,0.2119,0.7236,0.4908,0.9604,0.8829,0.1806,0.5515,0.1986,0.2193,0.6024,0.3877,0.2753,0.7296,0.4253,0.0587,0.3787,0.6834,,,,,,clean,N/A,HIGH,,False
ARM,ARM,2011,6.055,5.638,0.417,0.417,0.513,0.08,0.618,0.394,0.373,,0.519,Moderate Potential,0.45,0.617,0.5,SL,Stable / Low Opportunity,Diversified Emerging Market,structural,0.5655,0.5393,0.4969,0.7953,0.7534,0.6103,0.5239,0.2895,0.1268,0.5564,0.4113,0.2696,0.7443,0.7105,0.0586,0.3645,0.6825,,,,,,clean,N/A,HIGH,,False
ARM,ARM,2012,6.464,6.047,0.417,0.417,0.613,0.102,0.571,0.431,0.431,0.631,0.622,Pre-Breakout Signal,0.45,0.654,0.853,RO,Robust Opportunity,Diversified Emerging Market,structural,0.6656,0.502,0.462,0.4723,0.7383,0.6705,0.5528,0.3197,0.1747,0.6418,0.4208,0.3051,0.7652,0.7311,0.1057,0.3688,0.6978,0.9051,0.3201,0.8533,0.5868,0.97,clean,N/A,HIGH,,True
ARM,ARM,2013,5.453,5.036,0.417,0.417,0.436,0.115,0.467,0.418,0.401,0.579,0.607,Pre-Breakout Signal,0.45,0.562,0.938,SL,Stable / Low Opportunity,Diversified Emerging Market,structural,0.496,0.5007,0.4279,0.3617,0.5966,0.4087,0.5829,0.3476,0.1785,0.6166,0.4622,0.3376,0.7737,0.6415,0.1022,0.3808,0.6756,0.7578,0.0347,0.9382,0.7104,0.6487,clean,N/A,HIGH,,True
ARM,ARM,2014,4.588,4.171,0.417,0.417,0.369,0.098,0.461,0.397,0.386,0.476,0.467,Moderate Potential,0.402,0.48,0.536,SL,Stable / Low Opportunity,Diversified Emerging Market,structural,0.5238,0.4839,0.4585,0.3186,0.5788,0.471,0.5654,0.2737,0.2376,0.4833,0.4007,0.3127,0.7955,0.7357,0.0807,0.378,0.5908,0.717,0.0349,0.5364,0.6898,0.4012,clean,N/A,HIGH,,True
ARM,ARM,2015,4.414,3.997,0.417,0.417,0.4,0.092,0.439,0.437,0.433,0.38,0.372,Low Takeoff Signal,0.286,0.441,0.414,SL,Stable / Low Opportunity,Diversified Emerging Market,structural,0.5219,0.4938,0.3822,0.3089,0.5689,0.6582,0.554,0.5289,0.1954,0.5357,0.4039,0.3145,0.7387,0.7037,0.1281,0.388,0.6168,0.407,0.0215,0.414,0.6637,0.3809,clean,N/A,HIGH,,True
ARM,ARM,2016,4.028,3.611,0.417,0.417,0.329,0.096,0.436,0.412,0.364,0.38,0.37,Low Takeoff Signal,0.305,0.429,0.39,SL,Stable / Low Opportunity,Diversified Emerging Market,structural,0.2173,0.647,0.4462,0.2111,0.5594,0.6126,0.496,0.6314,0.1908,0.4355,0.4394,0.3242,0.7937,0.4011,0.0722,0.4006,0.6229,0.0313,0.3751,0.3897,0.2051,0.9574,clean,N/A,HIGH,,True
ARM,ARM,2017,4.755,4.338,0.417,0.417,0.443,0.078,0.536,0.405,0.413,0.453,0.403,Moderate Potential,0.358,0.532,0.334,SL,Stable / Low Opportunity,Diversified Emerging Market,structural,0.8439,0.571,0.4378,0.2026,0.5604,0.5548,0.4787,0.5546,0.2447,0.4766,0.4342,0.3318,0.7949,0.9223,0.0468,0.4268,0.6301,0.6132,0.4652,0.3338,0.1012,0.9504,clean,N/A,HIGH,,True
ARM,ARM,2018,5.597,5.18,0.417,0.417,0.468,0.111,0.481,0.432,0.441,0.597,0.598,Pre-Breakout Signal,0.413,0.572,0.967,SL,Stable / Low Opportunity,Diversified Emerging Market,structural,0.7415,0.4717,0.4574,0.367,0.5022,0.5355,0.5214,0.2322,0.2239,0.6044,0.4813,0.5015,0.7356,0.8854,0.0726,0.4292,0.648,0.7466,0.5388,0.9667,0.3065,0.6432,clean,N/A,HIGH,,True
ARM,ARM,2019,5.503,5.086,0.417,0.417,0.535,0.105,0.508,0.447,0.465,0.596,0.471,Moderate Potential,0.2,0.615,0.94,SL,Stable / Low Opportunity,High-Growth Emerging Market,structural,0.8833,0.5125,0.4161,0.1684,0.5597,0.5394,0.5586,0.2644,0.2449,0.6373,0.467,0.5409,0.684,0.9441,0.0778,0.4793,0.6338,0.9757,0.4548,0.9401,0.6345,0.3889,clean,N/A,HIGH,,True
ARM,ARM,2020,4.116,3.699,0.417,0.417,0.316,0.147,0.277,0.431,0.275,0.479,0.414,Reform Story,0.2,0.42,0.956,SR,Structural Risk,Diversified Emerging Market,structural,0.2901,0.2755,0.4797,0.314,0.5826,0.5463,0.5278,0.3535,0.199,0.4698,0.5433,0.5959,0.6704,0.3477,0.1336,0.4776,0.6301,0.8486,0.0842,0.9559,0.7957,0.0608,clean,N/A,HIGH,,True
ARM,ARM,2021,5.105,4.688,0.417,0.417,0.47,0.073,0.569,0.428,0.451,0.473,0.458,Moderate Potential,0.2,0.56,0.955,SL,Stable / Low Opportunity,High-Growth Emerging Market,structural,0.5127,0.6484,0.45,0.4558,0.6285,0.558,0.5483,0.3783,0.1824,0.3825,0.5355,0.5835,0.5409,0.5872,0.1488,0.5211,0.6161,0.1731,0.5501,0.9548,0.7999,0.1402,clean,N/A,HIGH,,True
ARM,ARM,2022,6.179,5.762,0.417,0.417,0.69,0.083,0.671,0.496,0.493,0.62,0.427,Moderate Potential,0.2,0.651,0.634,RO,Robust Opportunity,High-Growth Emerging Market,structural,0.9098,0.9973,0.5502,0.3927,0.6245,0.6171,0.665,0.5787,0.2882,0.4407,0.4851,0.5885,0.5421,0.9371,0.1716,0.5253,0.5732,0.7235,0.9179,0.6345,0.8212,0.2441,clean,N/A,HIGH,,True
ARM,ARM,2023,6.523,6.106,0.417,0.417,0.742,0.113,0.622,0.495,0.485,0.727,0.445,Moderate Potential,0.2,0.706,0.66,RO,Robust Opportunity,Diversified Emerging Market,structural,0.8837,0.9903,0.4964,0.4726,0.5995,0.6122,0.6492,0.4436,0.4155,0.3684,0.4997,0.6124,0.5419,0.9259,0.1521,0.5445,0.5787,0.869,0.9552,0.6602,0.7258,0.8531,clean,N/A,HIGH,,True
ARM,ARM,2024,5.899,5.482,0.417,0.417,0.649,0.107,0.592,0.482,0.453,0.634,0.41,Moderate Potential,0.2,0.678,0.529,RO,Robust Opportunity,Diversified Emerging Market,structural,0.7524,0.9278,0.4255,0.5344,0.615,0.5891,0.6488,0.3638,0.4257,0.3004,0.5322,0.6334,0.5419,0.6626,0.1539,0.5514,0.5957,0.957,0.3911,0.5287,0.8822,0.9398,clean,N/A,HIGH,,True
AUS,AUS,2010,7.96,6.897,1.063,1.063,0.771,0.171,0.475,0.758,0.569,,0.481,Moderate Potential,0.45,0.498,0.5,FO,Fragile Opportunity,Advanced Economy,structural,0.2127,0.3622,0.4175,0.6163,0.8062,0.7743,0.7822,0.4089,0.5698,0.9058,0.9648,0.9804,0.5366,0.1918,0.6946,0.8702,0.9618,,,,,,clean,N/A,HIGH,secondary_school_enrolment; external_debt_pct_gni,False
AUS,AUS,2011,8.349,7.286,1.063,1.063,0.836,0.142,0.514,0.728,0.633,,0.491,Moderate Potential,0.45,0.529,0.5,FO,Fragile Opportunity,Advanced Economy,structural,0.3909,0.4084,0.4462,0.5616,0.8546,0.6793,0.7437,0.4418,0.4157,0.9067,0.9639,0.9781,0.5663,0.3886,0.6988,0.8685,0.9706,,,,,,clean,N/A,HIGH,secondary_school_enrolment; external_debt_pct_gni,False
AUS,AUS,2012,8.322,7.259,1.063,1.063,0.917,0.116,0.571,0.714,0.705,0.454,0.501,Moderate Potential,0.45,0.541,0.521,RO,Robust Opportunity,Advanced Economy,structural,0.509,0.4622,0.4439,0.6161,0.8763,0.7317,0.7165,0.4319,0.3494,0.9076,0.9658,0.9779,0.6487,0.4923,0.6906,0.8708,0.9746,0.8854,0.4664,0.5207,0.0929,0.4386,clean,N/A,HIGH,secondary_school_enrolment; external_debt_pct_gni,True
AUS,AUS,2013,8.394,7.331,1.063,1.063,0.897,0.116,0.563,0.698,0.676,0.471,0.552,Pre-Breakout Signal,0.45,0.533,0.727,RO,Robust Opportunity,Advanced Economy,structural,0.442,0.4693,0.4409,0.635,0.8767,0.6126,0.6997,0.4484,0.3231,0.9064,0.9669,0.9682,0.6303,0.4234,0.6797,0.8687,0.9722,0.7543,0.5576,0.7269,0.1256,0.1936,clean,N/A,HIGH,secondary_school_enrolment; external_debt_pct_gni,True
AUS,AUS,2014,7.581,6.518,1.063,1.063,0.879,0.119,0.566,0.712,0.677,0.481,0.353,Low Takeoff Signal,0.109,0.54,0.846,RO,Robust Opportunity,Advanced Economy,structural,0.407,0.4807,0.4773,0.5941,0.8991,0.647,0.6798,0.4448,0.4238,0.9046,0.9704,0.9746,0.6298,0.4087,0.6423,0.8697,0.9687,0.7217,0.6195,0.8464,0.0766,0.2382,clean,N/A,HIGH,secondary_school_enrolment; external_debt_pct_gni,True
AUS,AUS,2015,7.488,6.425,1.063,1.063,0.863,0.118,0.577,0.717,0.679,0.489,0.351,Low Takeoff Signal,0.098,0.565,0.89,RO,Robust Opportunity,Advanced Economy,structural,0.4156,0.5131,0.4336,0.5654,0.9912,0.614,0.681,0.4223,0.6336,0.8752,0.9681,0.9733,0.6332,0.4207,0.6462,0.8681,0.9661,0.6208,0.5845,0.8903,0.1633,0.3265,clean,N/A,HIGH,external_debt_pct_gni,True
AUS,AUS,2016,7.376,6.313,1.063,1.063,0.868,0.117,0.58,0.72,0.688,0.502,0.313,Low Takeoff Signal,0.087,0.549,0.719,RO,Robust Opportunity,Advanced Economy,structural,0.4837,0.5062,0.4683,0.5324,0.9895,0.5837,0.6841,0.5002,0.667,0.9103,0.9683,0.9687,0.6015,0.4668,0.6574,0.8656,0.9683,0.465,0.6025,0.7188,0.2022,0.5216,clean,N/A,HIGH,external_debt_pct_gni,True
AUS,AUS,2017,7.098,6.035,1.063,1.063,0.808,0.121,0.556,0.707,0.663,0.486,0.326,Low Takeoff Signal,0.199,0.532,0.328,FO,Fragile Opportunity,Advanced Economy,structural,0.369,0.4412,0.4606,0.4823,0.9882,0.5589,0.6805,0.4597,0.633,0.8798,0.9632,0.9691,0.579,0.3391,0.6467,0.8684,0.969,0.5503,0.5496,0.3275,0.3706,0.632,clean,N/A,HIGH,external_debt_pct_gni,True
AUS,AUS,2018,6.969,5.906,1.063,1.063,0.844,0.11,0.565,0.689,0.683,0.47,0.236,Low Takeoff Signal,0.243,0.523,0.09,FO,Fragile Opportunity,Advanced Economy,structural,0.4425,0.4632,0.4787,0.4828,0.9662,0.5355,0.6769,0.4654,0.5251,0.8972,0.9647,0.9667,0.5731,0.4092,0.6514,0.8697,0.97,0.5436,0.624,0.0902,0.4615,0.6299,clean,N/A,HIGH,external_debt_pct_gni,True
AUS,AUS,2019,6.85,5.787,1.063,1.063,0.799,0.125,0.539,0.693,0.661,0.407,0.27,Low Takeoff Signal,0.25,0.49,0.147,FO,Fragile Opportunity,Advanced Economy,stable,0.4327,0.4544,0.4377,0.4258,0.9799,0.5388,0.6351,0.597,0.5333,0.8898,0.9627,0.9669,0.5115,0.4042,0.6611,0.8691,0.97,0.4583,0.5965,0.1473,0.3257,0.5075,clean,N/A,HIGH,external_debt_pct_gni,True
AUS,AUS,2020,7.087,6.024,1.063,1.063,0.88,0.135,0.499,0.669,0.61,0.38,0.214,Low Takeoff Signal,0.25,0.441,0.077,FO,Fragile Opportunity,Knowledge / Service Economy,structural,0.7011,0.5364,0.4932,0.4524,0.9707,0.5518,0.6234,0.6901,0.4372,0.8985,0.9584,0.9553,0.4318,0.7036,0.6441,0.8708,0.9692,0.7829,0.3434,0.0769,0.2794,0.4112,clean,N/A,HIGH,external_debt_pct_gni,True
AUS,AUS,2021,6.067,5.004,1.063,1.063,0.61,0.15,0.516,0.708,0.587,0.38,0.336,Low Takeoff Signal,0.25,0.462,0.327,FO,Fragile Opportunity,Advanced Economy,stable,0.2175,0.1084,0.4419,0.4512,0.967,0.5869,0.622,0.6666,0.5758,0.8948,0.9597,0.962,0.2899,0.283,0.7125,0.8689,0.9679,0.5221,0.0642,0.3268,0.1871,0.7798,clean,N/A,HIGH,external_debt_pct_gni,True
AUS,AUS,2022,6.509,5.446,1.063,1.063,0.751,0.133,0.586,0.714,0.606,0.421,0.247,Low Takeoff Signal,0.25,0.493,0.109,FO,Fragile Opportunity,Advanced Economy,stable,0.512,0.2358,0.5372,0.4674,0.9599,0.6238,0.6554,0.5802,0.5413,0.9038,0.9535,0.9659,0.2912,0.5103,0.7517,0.8697,0.97,0.409,0.3788,0.1091,0.5967,0.6133,clean,N/A,HIGH,external_debt_pct_gni,True
AUS,AUS,2023,7.236,6.173,1.063,1.063,0.835,0.133,0.595,0.713,0.566,0.499,0.323,Low Takeoff Signal,0.25,0.552,0.233,FO,Fragile Opportunity,Advanced Economy,structural,0.5686,0.6286,0.4823,0.5274,0.9631,0.5821,0.6664,0.5419,0.4833,0.9042,0.9555,0.9711,0.291,0.4632,0.7443,0.8681,0.9707,0.7493,0.4439,0.2326,0.5934,0.4777,clean,N/A,HIGH,external_debt_pct_gni,True
AUS,AUS,2024,6.899,5.836,1.063,1.063,0.743,0.142,0.558,0.691,0.518,0.466,0.367,Low Takeoff Signal,0.25,0.517,0.386,FO,Fragile Opportunity,Advanced Economy,structural,0.3295,0.4888,0.4825,0.5631,0.9587,0.5822,0.6535,0.4641,0.4053,0.8935,0.9523,0.9721,0.2909,0.2712,0.7158,0.8682,0.9666,0.2126,0.5422,0.3863,0.6277,0.5608,clean,N/A,HIGH,external_debt_pct_gni,True
AUT,AUT,2010,7.704,6.821,0.883,0.883,0.755,0.135,0.418,0.657,0.67,,0.484,Moderate Potential,0.45,0.506,0.5,FO,Fragile Opportunity,Advanced Economy,structural,0.1829,0.5062,0.2114,0.4047,0.8223,0.8059,0.0967,0.5769,0.2735,0.9397,0.9739,0.965,0.798,0.2742,0.7467,0.8649,0.9578,,,,,,clean,N/A,HIGH,external_debt_pct_gni,False
AUT,AUT,2011,8.373,7.49,0.883,0.883,0.877,0.092,0.506,0.64,0.746,,0.487,Moderate Potential,0.45,0.516,0.5,RO,Robust Opportunity,Advanced Economy,structural,0.4304,0.4553,0.4657,0.4603,0.8064,0.6629,0.1057,0.5442,0.3142,0.941,0.9695,0.9565,0.8082,0.5122,0.7575,0.868,0.9508,,,,,,clean,N/A,HIGH,external_debt_pct_gni,False
AUT,AUT,2012,7.425,6.542,0.883,0.883,0.837,0.116,0.461,0.64,0.695,0.541,0.423,Moderate Potential,0.45,0.551,0.289,RO,Robust Opportunity,Advanced Economy,structural,0.3471,0.4347,0.3995,0.4514,0.7985,0.6829,0.1229,0.5568,0.3337,0.9458,0.9696,0.939,0.7971,0.3952,0.7475,0.8691,0.9482,0.6483,0.9669,0.2893,0.7126,0.3055,clean,N/A,HIGH,external_debt_pct_gni,True
AUT,AUT,2013,7.426,6.543,0.883,0.883,0.779,0.125,0.441,0.645,0.668,0.493,0.511,Moderate Potential,0.45,0.527,0.57,FO,Fragile Opportunity,Advanced Economy,structural,0.2297,0.4252,0.3016,0.4477,0.7834,0.6555,0.1529,0.586,0.3273,0.9465,0.9723,0.948,0.798,0.2816,0.7441,0.8677,0.9373,0.2393,0.7166,0.57,0.7813,0.1911,clean,N/A,HIGH,external_debt_pct_gni,True
AUT,AUT,2014,7.254,6.371,0.883,0.883,0.784,0.117,0.46,0.636,0.684,0.524,0.455,Moderate Potential,0.354,0.525,0.515,RO,Robust Opportunity,Advanced Economy,structural,0.2231,0.4495,0.3856,0.4475,0.775,0.6979,0.1367,0.6604,0.1808,0.9446,0.9726,0.946,0.799,0.2846,0.7216,0.8675,0.9324,0.3795,0.6712,0.5147,0.7642,0.3042,clean,N/A,HIGH,external_debt_pct_gni,True
AUT,AUT,2015,7.43,6.547,0.883,0.883,0.772,0.125,0.459,0.655,0.688,0.56,0.522,Moderate Potential,0.304,0.584,0.858,FO,Fragile Opportunity,Advanced Economy,structural,0.3325,0.4757,0.2844,0.46,0.7673,0.6288,0.1673,0.7315,0.4723,0.9303,0.9715,0.9506,0.7621,0.3674,0.7105,0.868,0.9233,0.5985,0.0215,0.8576,0.7739,0.6779,clean,N/A,HIGH,external_debt_pct_gni,True
AUT,AUT,2016,7.527,6.644,0.883,0.883,0.765,0.115,0.45,0.631,0.713,0.56,0.559,Pre-Breakout Signal,0.37,0.668,0.735,RO,Robust Opportunity,Advanced Economy,structural,0.4088,0.4729,0.0668,0.4884,0.7498,0.5814,0.2107,0.7855,0.3688,0.9007,0.9717,0.9501,0.7981,0.4494,0.6945,0.8701,0.9331,0.786,0.0195,0.7353,0.8588,0.5442,clean,N/A,HIGH,external_debt_pct_gni,True
AUT,AUT,2017,7.435,6.552,0.883,0.883,0.821,0.099,0.512,0.635,0.735,0.604,0.45,Moderate Potential,0.367,0.599,0.408,RO,Robust Opportunity,Advanced Economy,structural,0.367,0.4356,0.4567,0.5338,0.7519,0.5574,0.2613,0.6963,0.4221,0.9061,0.9717,0.9547,0.7992,0.4342,0.7275,0.873,0.9362,0.9484,0.5515,0.4083,0.8534,0.5589,clean,N/A,HIGH,external_debt_pct_gni,True
AUT,AUT,2018,7.606,6.723,0.883,0.883,0.826,0.091,0.492,0.612,0.75,0.571,0.489,Moderate Potential,0.435,0.602,0.441,RO,Robust Opportunity,Advanced Economy,structural,0.3902,0.4731,0.3752,0.5569,0.7543,0.5355,0.3088,0.6539,0.2091,0.8898,0.9735,0.9583,0.7671,0.4995,0.7253,0.8746,0.9491,0.9403,0.5228,0.4409,0.933,0.3889,clean,N/A,HIGH,external_debt_pct_gni,True
AUT,AUT,2019,7.403,6.52,0.883,0.883,0.829,0.102,0.488,0.634,0.735,0.572,0.429,Moderate Potential,0.25,0.583,0.562,RO,Robust Opportunity,Advanced Economy,structural,0.3877,0.455,0.3789,0.5469,0.7646,0.5388,0.3636,0.7059,0.3215,0.8782,0.9725,0.9554,0.7686,0.4715,0.744,0.8763,0.9501,0.4927,0.6008,0.5623,0.9479,0.4531,clean,N/A,HIGH,external_debt_pct_gni,True
AUT,AUT,2020,6.947,6.064,0.883,0.883,0.77,0.162,0.405,0.643,0.509,0.549,0.39,Low Takeoff Signal,0.25,0.506,0.485,FO,Fragile Opportunity,Knowledge / Service Economy,structural,0.337,0.4597,0.4309,0.6313,0.7661,0.5515,0.3789,0.7687,0.4705,0.8858,0.9706,0.9555,0.7926,0.3751,0.7535,0.8756,0.9477,0.3616,0.6957,0.4849,0.8487,0.4536,clean,N/A,HIGH,external_debt_pct_gni,True
AUT,AUT,2021,7.531,6.648,0.883,0.883,0.873,0.061,0.617,0.649,0.792,0.634,0.399,Low Takeoff Signal,0.25,0.644,0.392,RO,Robust Opportunity,Advanced Economy,structural,0.4361,0.4255,0.4672,0.704,0.7732,0.5861,0.3665,0.6363,0.4975,0.8753,0.9688,0.935,0.7909,0.4812,0.6864,0.8752,0.9417,0.7065,0.5731,0.3924,0.848,0.784,clean,N/A,HIGH,external_debt_pct_gni,True
AUT,AUT,2022,7.152,6.269,0.883,0.883,0.906,0.041,0.632,0.617,0.802,0.527,0.244,Low Takeoff Signal,0.25,0.595,0.084,FO,Fragile Opportunity,Advanced Economy,structural,0.5843,0.4937,0.523,0.7385,0.7565,0.5847,0.3557,0.5314,0.2734,0.8385,0.9653,0.937,0.7914,0.6082,0.6973,0.8788,0.9393,0.6433,0.9807,0.084,0.7016,0.4559,clean,N/A,HIGH,external_debt_pct_gni,True
AUT,AUT,2023,6.198,5.315,0.883,0.883,0.727,0.124,0.471,0.639,0.643,0.38,0.247,Low Takeoff Signal,0.25,0.466,0.116,FO,Fragile Opportunity,Advanced Economy,stable,0.2063,0.3755,0.4255,0.6483,0.7527,0.5715,0.3562,0.6196,0.2453,0.8592,0.9659,0.9335,0.7913,0.2349,0.6625,0.8785,0.9403,0.2436,0.9725,0.1156,0.5642,0.1966,clean,N/A,HIGH,external_debt_pct_gni,True
AUT,AUT,2024,6.694,5.811,0.883,0.883,0.737,0.127,0.45,0.651,0.664,0.433,0.37,Low Takeoff Signal,0.25,0.45,0.466,FO,Fragile Opportunity,Advanced Economy,stable,0.1782,0.3302,0.4715,0.5194,0.7503,0.5844,0.3187,0.6831,0.3483,0.8228,0.9665,0.9289,0.7915,0.2308,0.6832,0.8783,0.9351,0.172,0.6192,0.4656,0.3393,0.5682,clean,N/A,HIGH,external_debt_pct_gni,True
AZE,AZE,2010,5.178,4.6,0.578,0.578,0.35,0.16,0.48,0.54,0.255,,0.474,Moderate Potential,0.45,0.478,0.5,SR,Structural Risk,Diversified Emerging Market,structural,0.4752,0.6902,0.5083,0.1883,0.6007,0.2825,0.8939,0.9503,0.9079,0.4486,0.2503,0.1194,0.0497,0.5042,0.5971,0.2471,0.3032,,,,,,clean,N/A,HIGH,,False
AZE,AZE,2011,4.43,3.852,0.578,0.578,0.238,0.189,0.372,0.56,0.171,,0.435,Moderate Potential,0.45,0.373,0.5,SR,Structural Risk,Commodity Exporter,structural,0.1597,0.4335,0.5073,0.2735,0.5852,0.5668,0.8904,0.9125,0.9123,0.3245,0.2587,0.1328,0.0443,0.1604,0.6023,0.2245,0.3214,,,,,,commodity_trap,MEDIUM,HIGH,,False
AZE,AZE,2012,5.079,4.501,0.578,0.578,0.378,0.202,0.444,0.589,0.243,0.67,0.545,Moderate Potential,0.45,0.579,0.633,SR,Structural Risk,High-Growth Emerging Market,structural,0.4217,0.4413,0.5168,0.359,0.5623,0.8444,0.8869,0.8742,0.8863,0.3167,0.2604,0.14,0.0509,0.4281,0.625,0.2256,0.3058,0.6274,0.8059,0.6333,0.5907,0.97,clean,N/A,HIGH,,True
AZE,AZE,2013,5.822,5.244,0.578,0.578,0.463,0.176,0.508,0.579,0.302,0.633,0.623,Pre-Breakout Signal,0.45,0.619,0.92,SR,Structural Risk,Diversified Emerging Market,structural,0.6983,0.4333,0.4446,0.5333,0.5393,0.5528,0.8851,0.8757,0.8918,0.412,0.3073,0.1795,0.0576,0.7277,0.6436,0.2301,0.3509,0.7444,0.2761,0.9203,0.6444,0.9297,clean,N/A,HIGH,,True
AZE,AZE,2014,4.5,4.519,-0.019,0.578,0.451,0.186,0.489,0.597,0.305,0.663,0.44,Moderate Potential,0.17,0.608,0.912,SR,Structural Risk,Diversified Emerging Market,recovery_bounce,0.4295,0.4118,0.5158,0.6395,0.5316,0.7462,0.8856,0.9255,0.8838,0.3937,0.3045,0.1621,0.0591,0.4625,0.6392,0.2224,0.4041,0.729,0.4716,0.9123,0.6142,0.9658,clean,N/A,HIGH,,True
AZE,AZE,2015,4.116,3.538,0.578,0.578,0.405,0.126,0.482,0.477,0.352,0.513,0.237,Low Takeoff Signal,0.053,0.48,0.6,SR,Structural Risk,High-Growth Emerging Market,structural,0.3096,0.436,0.5628,0.6471,0.5443,0.466,0.8498,0.6422,0.8163,0.369,0.2798,0.2086,0.1562,0.3366,0.6384,0.2356,0.3971,0.7056,0.6678,0.5995,0.4075,0.183,clean,N/A,HIGH,,True
AZE,AZE,2016,3.148,2.57,0.578,0.578,0.28,0.114,0.449,0.429,0.282,0.38,0.155,Low Takeoff Signal,0.035,0.286,0.431,SL,Stable / Low Opportunity,Diversified Emerging Market,structural,0.0555,0.4333,0.8597,0.5487,0.5616,0.4172,0.8522,0.4922,0.6865,0.3824,0.289,0.262,0.1011,0.0623,0.6485,0.2366,0.4133,0.0731,0.9254,0.4307,0.1574,0.0385,clean,N/A,HIGH,,True
AZE,AZE,2017,3.212,2.634,0.578,0.578,0.294,0.133,0.441,0.491,0.292,0.38,0.151,Low Takeoff Signal,0.043,0.36,0.234,SR,Structural Risk,Commodity Exporter,structural,0.19,0.3808,0.5151,0.4994,0.6032,0.5208,0.8378,0.8188,0.7042,0.4038,0.273,0.2283,0.0563,0.2165,0.6533,0.2327,0.4232,0.0275,0.9577,0.2336,0.1556,0.0257,clean,N/A,HIGH,,True
AZE,AZE,2018,3.579,3.001,0.578,0.578,0.297,0.169,0.447,0.54,0.24,0.516,0.249,Low Takeoff Signal,0.082,0.491,0.414,SR,Structural Risk,High-Growth Emerging Market,structural,0.2709,0.4129,0.4659,0.2597,0.8338,0.5356,0.8613,0.9664,0.7263,0.4332,0.2958,0.2167,0.0252,0.3144,0.6613,0.2298,0.4274,0.4936,0.5201,0.4143,0.5259,0.6283,clean,N/A,HIGH,,True
AZE,AZE,2019,4.88,4.302,0.578,0.578,0.362,0.16,0.471,0.542,0.29,0.548,0.514,Moderate Potential,0.45,0.549,0.555,SR,Structural Risk,Diversified Emerging Market,structural,0.4627,0.4305,0.4415,0.2773,0.8293,0.5385,0.8685,0.9021,0.7454,0.4421,0.29,0.2566,0.0273,0.5066,0.6604,0.2271,0.4699,0.7626,0.0263,0.555,0.6584,0.9686,clean,N/A,HIGH,,True
AZE,AZE,2020,5.616,5.038,0.578,0.578,0.479,0.162,0.399,0.493,0.29,0.588,0.542,Moderate Potential,0.45,0.544,0.672,SR,Structural Risk,Diversified Emerging Market,structural,0.4619,0.5417,0.4907,0.525,0.6268,0.5484,0.8668,0.561,0.7498,0.368,0.3067,0.2393,0.1065,0.4915,0.6125,0.2341,0.4867,0.9129,0.0171,0.6718,0.8456,0.9722,clean,N/A,HIGH,,True
AZE,AZE,2021,4.824,4.246,0.578,0.578,0.294,0.186,0.446,0.559,0.231,0.599,0.599,Pre-Breakout Signal,0.45,0.581,0.867,SR,Structural Risk,High-Growth Emerging Market,structural,0.4966,0.2036,0.3767,0.1845,0.6274,0.5267,0.8367,0.9634,0.7958,0.3885,0.3158,0.241,0.0245,0.5372,0.6016,0.2322,0.4998,0.7652,0.0356,0.8673,0.8592,0.7109,clean,N/A,HIGH,,True
AZE,AZE,2022,4.591,4.013,0.578,0.578,0.268,0.183,0.402,0.583,0.223,0.471,0.575,Pre-Breakout Signal,0.45,0.495,0.91,SR,Structural Risk,High-Growth Emerging Market,structural,0.5432,0.22,0.4036,0.0691,0.613,0.5279,0.8899,0.9936,0.8321,0.353,0.3504,0.2265,0.0248,0.6311,0.5867,0.2309,0.5095,0.8394,0.0752,0.9097,0.8151,0.0305,clean,N/A,HIGH,,True
AZE,AZE,2023,4.046,3.468,0.578,0.578,0.26,0.188,0.396,0.58,0.2,0.483,0.434,Moderate Potential,0.2,0.487,0.938,SR,Structural Risk,High-Growth Emerging Market,structural,0.3654,0.3602,0.4173,0.2085,0.6494,0.5949,0.8672,0.9226,0.8329,0.4157,0.3664,0.2115,0.0247,0.4758,0.5695,0.2285,0.5545,0.271,0.0528,0.9378,0.589,0.8038,clean,N/A,HIGH,,True
AZE,AZE,2024,4.275,3.697,0.578,0.578,0.299,0.189,0.451,0.604,0.213,0.495,0.439,Moderate Potential,0.2,0.512,0.918,SR,Structural Risk,High-Growth Emerging Market,structural,0.5928,0.2567,0.4211,0.3752,0.6177,0.5634,0.8724,0.8703,0.8492,0.5737,0.3822,0.2551,0.0247,0.6706,0.5729,0.2291,0.5943,0.4102,0.3935,0.9182,0.3022,0.6172,clean,N/A,HIGH,export_growth,True
BDI,BDI,2010,3.433,3.368,0.065,0.065,0.143,0.133,0.345,0.328,0.146,,0.443,Moderate Potential,0.45,0.393,0.5,SR,Structural Risk,Diversified Emerging Market,structural,0.511,0.5758,0.3371,0.2755,0.0301,0.6558,0.4513,0.2224,0.7596,0.0584,0.1225,0.1181,0.0894,0.1666,0.8911,0.04,0.1309,,,,,,clean,N/A,MEDIUM,export_growth; gross_capital_formation,False
BDI,BDI,2011,3.426,3.361,0.065,0.065,0.134,0.116,0.372,0.262,0.168,,0.455,Moderate Potential,0.45,0.423,0.5,SL,Stable / Low Opportunity,Diversified Emerging Market,structural,0.5141,0.5381,0.3235,0.4846,0.0361,0.1947,0.5145,0.2215,0.7788,0.05,0.1214,0.1148,0.1211,0.3439,0.8866,0.0392,0.1495,,,,,,clean,N/A,MEDIUM,export_growth; gross_capital_formation,False
BDI,BDI,2012,3.44,3.375,0.065,0.065,0.153,0.117,0.379,0.266,0.217,0.53,0.569,Pre-Breakout Signal,0.45,0.516,0.84,SL,Stable / Low Opportunity,Diversified Emerging Market,structural,0.5326,0.4045,0.377,0.6102,0.039,0.1383,0.5501,0.1829,0.7739,0.0472,0.1436,0.0983,0.2288,0.4236,0.8807,0.0384,0.1645,0.6581,0.4344,0.8402,0.9337,0.057,clean,N/A,MEDIUM,export_growth; gross_capital_formation,True
BDI,BDI,2013,3.706,3.641,0.065,0.065,0.178,0.136,0.434,0.291,0.214,0.621,0.606,Pre-Breakout Signal,0.45,0.582,0.897,SR,Structural Risk,Diversified Emerging Market,structural,0.6295,0.4601,0.4938,0.643,0.052,0.2093,0.6183,0.1123,0.7893,0.0738,0.1506,0.1052,0.1808,0.4517,0.8778,0.0376,0.1558,0.7053,0.9599,0.8971,0.9248,0.1486,clean,N/A,MEDIUM,export_growth; gross_capital_formation,True
BDI,BDI,2014,4.019,3.954,0.065,0.065,0.225,0.144,0.453,0.367,0.217,0.629,0.623,Pre-Breakout Signal,0.461,0.605,0.914,SR,Structural Risk,Diversified Emerging Market,structural,0.5986,0.5367,0.4558,0.6783,0.072,0.5232,0.6349,0.0923,0.8167,0.1692,0.1608,0.1302,0.1386,0.3713,0.8749,0.0367,0.1842,0.7076,0.9483,0.9144,0.9188,0.1863,clean,N/A,MEDIUM,export_growth; gross_capital_formation,True
BDI,BDI,2015,3.19,3.125,0.065,0.065,0.162,0.145,0.268,0.331,0.191,0.583,0.486,Moderate Potential,0.527,0.505,0.422,SR,Structural Risk,Diversified Emerging Market,structural,0.1972,0.412,0.3397,0.3491,0.0893,0.478,0.657,0.1494,0.8558,0.0296,0.1138,0.1299,0.1296,0.1508,0.8812,0.0367,0.1714,0.2912,0.702,0.422,0.8799,0.9553,clean,N/A,MEDIUM,export_growth; gross_capital_formation,True
BDI,BDI,2016,2.36,2.295,0.065,0.065,0.179,0.109,0.385,0.313,0.204,0.431,0.23,Low Takeoff Signal,0.418,0.48,0.049,SL,Stable / Low Opportunity,Diversified Emerging Market,structural,0.5365,0.5074,0.2785,0.5095,0.1008,0.4884,0.6234,0.163,0.8274,0.0278,0.0986,0.1214,0.038,0.5002,0.888,0.0369,0.1672,0.3695,0.5479,0.0485,0.8284,0.4405,clean,N/A,MEDIUM,export_growth; gross_capital_formation,True
BDI,BDI,2017,2.4,2.335,0.065,0.065,0.193,0.095,0.463,0.319,0.207,0.38,0.221,Low Takeoff Signal,0.421,0.402,0.052,SL,Stable / Low Opportunity,Diversified Emerging Market,structural,0.5302,0.633,0.4396,0.4915,0.1053,0.5108,0.619,0.0892,0.8283,0.0284,0.1095,0.1175,0.0712,0.4191,0.8906,0.0369,0.174,0.5357,0.0882,0.0519,0.4406,0.4066,clean,N/A,MEDIUM,export_growth; gross_capital_formation,True
BDI,BDI,2018,2.392,2.327,0.065,0.065,0.172,0.108,0.357,0.315,0.236,0.442,0.25,Low Takeoff Signal,0.424,0.428,0.072,SL,Stable / Low Opportunity,Diversified Emerging Market,structural,0.7563,0.4238,0.438,0.2501,0.0909,0.5359,0.5527,0.0785,0.8383,0.0598,0.0997,0.0949,0.2399,0.5314,0.8889,0.0371,0.1501,0.7386,0.4856,0.0723,0.1608,0.862,clean,N/A,MEDIUM,export_growth; gross_capital_formation,True
BDI,BDI,2019,3.326,3.261,0.065,0.065,0.185,0.117,0.4,0.305,0.231,0.533,0.489,Moderate Potential,0.45,0.529,0.491,SL,Stable / Low Opportunity,Diversified Emerging Market,structural,0.6662,0.4495,0.4195,0.4946,0.0674,0.5371,0.4857,0.1265,0.8263,0.0549,0.1113,0.09,0.1878,0.4471,0.8916,0.037,0.1631,0.9757,0.6263,0.4913,0.0483,0.9263,clean,N/A,MEDIUM,export_growth; gross_capital_formation,True
BDI,BDI,2020,3.668,3.603,0.065,0.065,0.235,0.124,0.345,0.305,0.193,0.519,0.509,Moderate Potential,0.45,0.451,0.676,SR,Structural Risk,Diversified Emerging Market,structural,0.7234,0.5518,0.4826,0.5463,0.0768,0.5381,0.5417,0.0851,0.8334,0.0783,0.1094,0.0984,0.0867,0.6348,0.9091,0.0396,0.1472,0.8882,0.6926,0.6764,0.0582,0.4199,clean,N/A,MEDIUM,export_growth; gross_capital_formation,True
BDI,BDI,2021,2.782,2.717,0.065,0.065,0.172,0.099,0.382,0.294,0.216,0.398,0.359,Low Takeoff Signal,0.2,0.412,0.603,SL,Stable / Low Opportunity,Diversified Emerging Market,structural,0.2997,0.3891,0.4243,0.3758,0.0766,0.541,0.5181,0.1005,0.7559,0.1022,0.1144,0.0958,0.2696,0.1996,0.9017,0.0387,0.1497,0.3362,0.3903,0.6028,0.0736,0.5878,clean,N/A,MEDIUM,export_growth; gross_capital_formation,True
BDI,BDI,2022,2.69,2.625,0.065,0.065,0.156,0.098,0.363,0.292,0.208,0.38,0.356,Low Takeoff Signal,0.2,0.327,0.771,SL,Stable / Low Opportunity,Diversified Emerging Market,structural,0.383,0.3758,0.4898,0.3811,0.0763,0.3478,0.4622,0.093,0.788,0.1128,0.1183,0.1081,0.2709,0.2892,0.8912,0.0379,0.175,0.0339,0.3869,0.7713,0.1313,0.0305,clean,N/A,MEDIUM,export_growth; gross_capital_formation,True
BDI,BDI,2023,2.765,2.7,0.065,0.065,0.157,0.107,0.368,0.317,0.215,0.413,0.375,Low Takeoff Signal,0.2,0.408,0.709,SL,Stable / Low Opportunity,Diversified Emerging Market,structural,0.5384,0.4728,0.4418,0.3907,0.08,0.4739,0.6832,0.0632,0.7043,0.1127,0.123,0.1137,0.2707,0.4084,0.8894,0.037,0.1828,0.2024,0.4336,0.7089,0.7009,0.0174,clean,N/A,MEDIUM,export_growth; gross_capital_formation,True
BDI,BDI,2024,3.611,3.546,0.065,0.065,0.198,0.115,0.461,0.311,0.225,0.536,0.549,Moderate Potential,0.45,0.535,0.713,SL,Stable / Low Opportunity,Diversified Emerging Market,structural,0.5968,0.7686,0.4383,0.623,0.0733,0.327,0.7171,0.0702,0.6182,0.1066,0.1265,0.0927,0.2705,0.4637,0.8908,0.0368,0.1975,0.6592,0.5442,0.7125,0.9509,0.0145,clean,N/A,MEDIUM,export_growth; gross_capital_formation,True
BEL,BEL,2010,8.162,7.245,0.917,0.917,0.844,0.104,0.599,0.638,0.574,,0.468,Moderate Potential,0.45,0.461,0.5,RO,Robust Opportunity,Advanced Economy,structural,0.2546,0.459,0.9051,0.3798,0.9959,0.7172,0.0409,0.5451,0.4527,0.891,0.9331,0.9526,0.8022,0.2957,0.3363,0.8658,0.8984,,,,,,clean,N/A,HIGH,external_debt_pct_gni,False
BEL,BEL,2011,8.356,7.439,0.917,0.917,0.88,0.091,0.626,0.64,0.608,,0.469,Moderate Potential,0.45,0.463,0.5,RO,Robust Opportunity,Advanced Economy,structural,0.3576,0.4449,0.944,0.4667,0.995,0.6714,0.0399,0.465,0.5654,0.9027,0.938,0.9556,0.8121,0.3615,0.4614,0.8641,0.8865,,,,,,clean,N/A,HIGH,external_debt_pct_gni,False
BEL,BEL,2012,7.588,6.671,0.917,0.917,0.77,0.133,0.493,0.663,0.602,0.405,0.559,Pre-Breakout Signal,0.45,0.482,0.854,FO,Fragile Opportunity,Advanced Economy,stable,0.3285,0.4166,0.4192,0.4188,0.9949,0.7328,0.0439,0.5233,0.6559,0.9008,0.9399,0.9497,0.8013,0.3682,0.4404,0.863,0.8924,0.2535,0.0434,0.8543,0.2674,0.7096,clean,N/A,HIGH,external_debt_pct_gni,True
BEL,BEL,2013,7.289,6.372,0.917,0.917,0.682,0.136,0.454,0.639,0.571,0.411,0.608,Pre-Breakout Signal,0.45,0.569,0.934,FO,Fragile Opportunity,Advanced Economy,stable,0.2645,0.422,0.1542,0.3878,0.9938,0.7055,0.056,0.565,0.4289,0.9052,0.944,0.9526,0.8022,0.333,0.3278,0.8578,0.8966,0.1063,0.032,0.9339,0.415,0.8345,clean,N/A,HIGH,external_debt_pct_gni,True
BEL,BEL,2014,7.597,6.68,0.917,0.917,0.758,0.112,0.504,0.613,0.605,0.509,0.58,Pre-Breakout Signal,0.394,0.588,0.896,RO,Robust Opportunity,Advanced Economy,structural,0.3163,0.4734,0.3154,0.4165,0.9935,0.7578,0.051,0.5991,0.1853,0.8605,0.9435,0.9539,0.8027,0.437,0.3291,0.8594,0.8698,0.5973,0.0349,0.8965,0.4121,0.8995,clean,N/A,HIGH,external_debt_pct_gni,True
BEL,BEL,2015,7.336,6.419,0.917,0.917,0.733,0.118,0.492,0.628,0.614,0.515,0.545,Moderate Potential,0.323,0.599,0.9,RO,Robust Opportunity,Advanced Economy,structural,0.3483,0.4819,0.227,0.4266,0.9935,0.6198,0.07,0.7237,0.4846,0.8416,0.9472,0.9532,0.7656,0.4397,0.3521,0.8548,0.908,0.6489,0.0215,0.8999,0.7397,0.414,clean,N/A,HIGH,external_debt_pct_gni,True
BEL,BEL,2016,8.005,7.088,0.917,0.917,0.85,0.111,0.59,0.647,0.632,0.661,0.556,Pre-Breakout Signal,0.388,0.546,0.862,RO,Robust Opportunity,Advanced Economy,structural,0.3082,0.5036,0.8665,0.4749,0.9923,0.5743,0.0835,0.7034,0.7311,0.8055,0.9476,0.9523,0.8012,0.4094,0.4042,0.8564,0.9248,0.6935,0.9254,0.8615,0.8608,0.3603,clean,N/A,HIGH,external_debt_pct_gni,True
BEL,BEL,2017,7.118,6.201,0.917,0.917,0.747,0.118,0.5,0.645,0.648,0.553,0.464,Moderate Potential,0.378,0.595,0.44,RO,Robust Opportunity,Advanced Economy,structural,0.2919,0.4414,0.2953,0.4967,0.9914,0.5591,0.1047,0.6668,0.7579,0.7662,0.9436,0.9442,0.8021,0.3846,0.4129,0.8582,0.9174,0.6102,0.656,0.4401,0.8578,0.3103,clean,N/A,HIGH,external_debt_pct_gni,True
BEL,BEL,2018,7.366,6.449,0.917,0.917,0.785,0.092,0.511,0.608,0.686,0.482,0.476,Moderate Potential,0.442,0.552,0.435,RO,Robust Opportunity,Advanced Economy,structural,0.314,0.4382,0.3608,0.5379,0.9904,0.5355,0.1191,0.5589,0.5808,0.7799,0.9485,0.9438,0.77,0.4187,0.5169,0.8571,0.9196,0.5303,0.493,0.4354,0.9084,0.2027,clean,N/A,HIGH,external_debt_pct_gni,True
BEL,BEL,2019,7.486,6.569,0.917,0.917,0.845,0.075,0.541,0.577,0.711,0.577,0.418,Moderate Potential,0.25,0.605,0.494,RO,Robust Opportunity,Advanced Economy,structural,0.4588,0.4497,0.3879,0.5011,0.9909,0.5393,0.1451,0.604,0.3153,0.7631,0.9488,0.9464,0.7711,0.5375,0.5635,0.8561,0.9205,0.7224,0.3877,0.494,0.9137,0.5293,clean,N/A,HIGH,external_debt_pct_gni,True
BEL,BEL,2020,7.363,6.446,0.917,0.917,0.817,0.146,0.447,0.623,0.524,0.569,0.427,Moderate Potential,0.25,0.563,0.576,FO,Fragile Opportunity,Knowledge / Service Economy,structural,0.4257,0.4992,0.3877,0.547,0.9881,0.5527,0.1733,0.6441,0.6724,0.7633,0.9506,0.9524,0.7945,0.4691,0.606,0.8514,0.932,0.7591,0.0171,0.5755,0.8398,0.8912,clean,N/A,HIGH,external_debt_pct_gni,True
BEL,BEL,2021,7.825,6.908,0.917,0.917,0.879,0.053,0.671,0.607,0.749,0.69,0.462,Moderate Potential,0.25,0.695,0.586,RO,Robust Opportunity,Advanced Economy,structural,0.5524,0.5537,0.4898,0.5381,0.9796,0.566,0.174,0.6409,0.4303,0.7995,0.9464,0.9528,0.7929,0.5909,0.4796,0.8564,0.9361,0.7258,0.9647,0.5864,0.7612,0.637,clean,N/A,HIGH,external_debt_pct_gni,True
BEL,BEL,2022,7.566,6.649,0.917,0.917,0.87,0.048,0.627,0.58,0.73,0.582,0.403,Moderate Potential,0.25,0.623,0.423,RO,Robust Opportunity,Advanced Economy,structural,0.4919,0.3148,0.5119,0.6517,0.978,0.5895,0.1599,0.5133,0.3341,0.7209,0.9417,0.9558,0.7935,0.5246,0.4848,0.8511,0.94,0.6269,0.9807,0.4226,0.7663,0.3611,clean,N/A,HIGH,external_debt_pct_gni,True
BEL,BEL,2023,6.794,5.877,0.917,0.917,0.84,0.081,0.537,0.593,0.678,0.491,0.234,Low Takeoff Signal,0.25,0.554,0.079,FO,Fragile Opportunity,Advanced Economy,structural,0.3969,0.1934,0.3799,0.6107,0.9787,0.605,0.1585,0.5227,0.3916,0.6962,0.9342,0.9482,0.7933,0.4417,0.4736,0.8519,0.9264,0.2818,0.764,0.0786,0.5925,0.8061,clean,N/A,HIGH,external_debt_pct_gni,True
BEL,BEL,2024,6.266,5.349,0.917,0.917,0.762,0.093,0.519,0.587,0.651,0.38,0.204,Low Takeoff Signal,0.25,0.491,0.058,FO,Fragile Opportunity,Advanced Economy,stable,0.3031,0.3446,0.2876,0.573,0.9795,0.5671,0.1427,0.5203,0.3735,0.6921,0.9347,0.9467,0.7935,0.3606,0.4292,0.8519,0.9217,0.1952,0.3317,0.0579,0.5215,0.5908,clean,N/A,HIGH,external_debt_pct_gni,True
BEN,BEN,2010,4.041,3.668,0.373,0.373,0.233,0.196,0.218,0.575,0.25,,0.392,Low Takeoff Signal,0.45,0.278,0.5,SR,Structural Risk,Diversified Emerging Market,structural,0.2053,0.3636,0.3504,0.1181,0.0459,0.6614,0.776,0.363,0.8348,0.7251,0.4089,0.3424,0.7053,0.1,0.8933,0.0488,0.321,,,,,,clean,N/A,HIGH,secondary_school_enrolment,False
BEN,BEN,2011,4.302,3.929,0.373,0.373,0.272,0.195,0.255,0.594,0.293,,0.406,Moderate Potential,0.45,0.306,0.5,SR,Structural Risk,Diversified Emerging Market,structural,0.4332,0.317,0.3587,0.1494,0.1131,0.7242,0.7655,0.4016,0.8528,0.7568,0.3828,0.3392,0.7294,0.3144,0.8381,0.048,0.3132,,,,,,clean,N/A,HIGH,,False
BEN,BEN,2012,4.353,3.98,0.373,0.373,0.351,0.167,0.369,0.544,0.322,0.547,0.44,Moderate Potential,0.45,0.512,0.36,SR,Structural Risk,Diversified Emerging Market,structural,0.5519,0.6305,0.4221,0.1217,0.1039,0.4108,0.7931,0.4147,0.8225,0.7547,0.3897,0.2832,0.694,0.472,0.8474,0.0471,0.2857,0.9051,0.9191,0.3596,0.7004,0.1743,clean,N/A,HIGH,,True
BEN,BEN,2013,4.859,4.486,0.373,0.373,0.458,0.178,0.437,0.605,0.344,0.584,0.42,Moderate Potential,0.45,0.579,0.268,SR,Structural Risk,Diversified Emerging Market,structural,0.7845,0.6323,0.4188,0.2268,0.1434,0.8481,0.8077,0.3959,0.819,0.756,0.3793,0.3218,0.695,0.6977,0.8597,0.0463,0.2796,0.93,0.9599,0.2676,0.8218,0.4021,clean,N/A,HIGH,,True
BEN,BEN,2014,4.73,4.357,0.373,0.373,0.434,0.172,0.446,0.572,0.341,0.618,0.42,Moderate Potential,0.455,0.582,0.261,SR,Structural Risk,Diversified Emerging Market,structural,0.8018,0.6588,0.4478,0.2326,0.1431,0.7725,0.794,0.3098,0.7987,0.6505,0.3731,0.3248,0.6742,0.6714,0.8648,0.0455,0.2854,0.8947,0.9483,0.2606,0.7689,0.581,clean,N/A,HIGH,,True
BEN,BEN,2015,3.533,3.16,0.373,0.373,0.263,0.181,0.268,0.54,0.288,0.527,0.344,Low Takeoff Signal,0.227,0.435,0.424,SR,Structural Risk,Diversified Emerging Market,structural,0.3774,0.27,0.3696,0.3089,0.1628,0.6002,0.7494,0.3601,0.7619,0.6535,0.3955,0.3602,0.5827,0.2468,0.8705,0.045,0.2813,0.6478,0.6679,0.4244,0.6684,0.2289,clean,N/A,HIGH,,True
BEN,BEN,2016,4.008,3.635,0.373,0.373,0.322,0.16,0.384,0.565,0.314,0.397,0.388,Low Takeoff Signal,0.278,0.451,0.478,SR,Structural Risk,Diversified Emerging Market,structural,0.5529,0.5746,0.3334,0.2947,0.1543,0.6302,0.7316,0.5248,0.7329,0.7215,0.4052,0.3831,0.5796,0.3722,0.8767,0.0448,0.3062,0.3336,0.3031,0.478,0.1214,0.8782,clean,N/A,HIGH,,True
BEN,BEN,2017,4.274,3.901,0.373,0.373,0.346,0.138,0.437,0.534,0.344,0.38,0.426,Reform Story,0.254,0.416,0.801,SR,Structural Risk,High-Growth Emerging Market,structural,0.7123,0.4552,0.4282,0.4754,0.1547,0.5533,0.6967,0.3806,0.7051,0.7488,0.403,0.3976,0.6288,0.552,0.8795,0.0445,0.3064,0.4261,0.1339,0.8011,0.0606,0.3427,clean,N/A,HIGH,,True
BEN,BEN,2018,4.487,4.114,0.373,0.373,0.39,0.126,0.473,0.506,0.362,0.449,0.419,Moderate Potential,0.326,0.475,0.484,SR,Structural Risk,Diversified Emerging Market,structural,0.8677,0.4717,0.4495,0.5833,0.1496,0.5356,0.6839,0.3569,0.6061,0.6803,0.3861,0.4461,0.6806,0.7307,0.8795,0.0446,0.3187,0.615,0.4209,0.4842,0.0958,0.6285,clean,N/A,HIGH,,True
BEN,BEN,2019,4.862,4.489,0.373,0.373,0.409,0.13,0.478,0.493,0.362,0.524,0.494,Moderate Potential,0.45,0.545,0.491,SR,Structural Risk,Diversified Emerging Market,structural,0.8472,0.4769,0.4244,0.5535,0.1456,0.5397,0.6913,0.3994,0.6249,0.5102,0.402,0.4592,0.6721,0.7487,0.8835,0.0446,0.3035,0.9757,0.6321,0.4913,0.2284,0.519,clean,N/A,HIGH,,True
BEN,BEN,2020,4.827,4.454,0.373,0.373,0.495,0.154,0.364,0.501,0.343,0.537,0.355,Low Takeoff Signal,0.2,0.47,0.502,SR,Structural Risk,Diversified Emerging Market,structural,0.8626,0.3389,0.4895,0.6303,0.0727,0.5514,0.7157,0.487,0.6211,0.4748,0.3998,0.5342,0.6701,0.8177,0.8937,0.0456,0.3382,0.9129,0.6926,0.5017,0.4785,0.2623,clean,N/A,HIGH,,True
BEN,BEN,2021,4.507,4.134,0.373,0.373,0.408,0.124,0.524,0.465,0.38,0.607,0.397,Low Takeoff Signal,0.2,0.581,0.568,SR,Structural Risk,Diversified Emerging Market,structural,0.6286,0.5013,0.4411,0.7562,0.0737,0.5775,0.6687,0.3469,0.5482,0.4249,0.4088,0.4861,0.7237,0.4768,0.882,0.0472,0.3564,0.7182,0.5578,0.5679,0.4672,0.7256,clean,N/A,HIGH,,True
BEN,BEN,2022,4.544,4.171,0.373,0.373,0.421,0.098,0.539,0.443,0.387,0.484,0.389,Low Takeoff Signal,0.2,0.509,0.617,SL,Stable / Low Opportunity,Diversified Emerging Market,structural,0.6435,0.6379,0.511,0.8088,0.0704,0.6922,0.615,0.3322,0.4804,0.4015,0.3839,0.5143,0.7244,0.5569,0.8691,0.0502,0.4065,0.3471,0.6232,0.6167,0.1166,0.7167,clean,N/A,HIGH,,True
BEN,BEN,2023,4.865,4.492,0.373,0.373,0.473,0.098,0.533,0.444,0.393,0.482,0.4,Moderate Potential,0.2,0.524,0.655,SL,Stable / Low Opportunity,Diversified Emerging Market,structural,0.7866,0.5463,0.4907,0.9321,0.0738,0.6056,0.6066,0.2015,0.4485,0.4593,0.4198,0.5203,0.7243,0.6894,0.8668,0.05,0.4259,0.2073,0.7887,0.6548,0.0506,0.8517,clean,N/A,HIGH,,True
BEN,BEN,2024,5.033,4.66,0.373,0.373,0.494,0.102,0.548,0.438,0.397,0.544,0.415,Moderate Potential,0.2,0.574,0.666,SL,Stable / Low Opportunity,Diversified Emerging Market,structural,0.8503,0.5051,0.4709,0.9418,0.0675,0.603,0.6101,0.2524,0.4199,0.4458,0.4132,0.4672,0.7244,0.7727,0.8683,0.0505,0.403,0.4466,0.8018,0.6657,0.1055,0.9031,clean,N/A,HIGH,,True
BFA,BFA,2010,5.758,5.368,0.39,0.39,0.481,0.142,0.488,0.55,0.362,,0.492,Moderate Potential,0.45,0.532,0.5,SR,Structural Risk,Diversified Emerging Market,structural,0.8343,0.8939,0.3459,0.3588,0.0256,0.9188,0.7595,0.4569,0.4637,0.4486,0.4856,0.3923,0.4194,0.7109,0.8321,0.0592,0.4365,,,,,,clean,N/A,HIGH,,False
BFA,BFA,2011,4.872,4.482,0.39,0.39,0.334,0.133,0.412,0.456,0.332,,0.466,Moderate Potential,0.45,0.455,0.5,SR,Structural Risk,Diversified Emerging Market,structural,0.7013,0.6181,0.3503,0.3531,0.0288,0.592,0.6964,0.4783,0.3705,0.3137,0.3983,0.4016,0.3983,0.5848,0.8254,0.0579,0.4295,,,,,,clean,N/A,HIGH,,False
BFA,BFA,2012,3.708,3.318,0.39,0.39,0.317,0.132,0.392,0.477,0.332,0.435,0.308,Low Takeoff Signal,0.45,0.454,0.126,SR,Structural Risk,High-Growth Emerging Market,structural,0.6314,0.424,0.4239,0.4709,0.0298,0.7555,0.7403,0.4973,0.2737,0.3311,0.4187,0.404,0.3901,0.5486,0.8207,0.0565,0.4082,0.3874,0.9385,0.1259,0.6032,0.3086,clean,N/A,HIGH,,True
BFA,BFA,2013,3.313,2.923,0.39,0.39,0.302,0.106,0.437,0.427,0.334,0.38,0.22,Low Takeoff Signal,0.45,0.437,0.043,SL,Stable / Low Opportunity,Diversified Emerging Market,structural,0.6946,0.6027,0.4492,0.4363,0.035,0.7627,0.7448,0.2845,0.2303,0.2843,0.3697,0.3716,0.4107,0.581,0.815,0.0549,0.4051,0.1431,0.9599,0.0427,0.7025,0.1901,clean,N/A,HIGH,,True
BFA,BFA,2014,2.731,2.341,0.39,0.39,0.231,0.121,0.343,0.431,0.314,0.38,0.166,Low Takeoff Signal,0.239,0.388,0.04,SR,Structural Risk,Diversified Emerging Market,structural,0.6079,0.4855,0.4362,0.2327,0.0384,0.7464,0.7607,0.2929,0.1731,0.2843,0.3434,0.3908,0.3776,0.4315,0.8074,0.0532,0.3702,0.021,0.9483,0.04,0.7593,0.2009,clean,N/A,HIGH,,True
BFA,BFA,2015,2.747,2.357,0.39,0.39,0.218,0.117,0.326,0.394,0.293,0.383,0.19,Low Takeoff Signal,0.158,0.394,0.1,SL,Stable / Low Opportunity,Diversified Emerging Market,structural,0.5953,0.4614,0.3885,0.2563,0.0475,0.5852,0.7461,0.2869,0.0444,0.2908,0.3495,0.4356,0.2447,0.4397,0.8025,0.052,0.3288,0.1104,0.6822,0.0995,0.8165,0.2733,clean,N/A,HIGH,,True
BFA,BFA,2016,3.429,3.039,0.39,0.39,0.271,0.125,0.382,0.416,0.303,0.46,0.299,Low Takeoff Signal,0.228,0.438,0.261,SR,Structural Risk,Diversified Emerging Market,structural,0.8113,0.4692,0.4393,0.3166,0.0488,0.6028,0.76,0.3626,0.2487,0.2223,0.3625,0.474,0.16,0.671,0.7996,0.051,0.3235,0.5354,0.5987,0.2612,0.5404,0.363,clean,N/A,HIGH,,True
BFA,BFA,2017,3.861,3.471,0.39,0.39,0.272,0.12,0.406,0.413,0.305,0.454,0.417,Moderate Potential,0.288,0.457,0.58,SL,Stable / Low Opportunity,Diversified Emerging Market,structural,0.7566,0.4698,0.4038,0.3695,0.0558,0.5618,0.7508,0.3333,0.185,0.2389,0.3814,0.5059,0.225,0.6088,0.7914,0.0499,0.3231,0.5992,0.0598,0.5803,0.4877,0.5414,clean,N/A,HIGH,,True
BFA,BFA,2018,1.809,4.322,-2.513,0.39,0.332,0.13,0.447,0.423,0.332,0.581,0.564,Pre-Breakout Signal,0.357,0.567,0.959,SR,Structural Risk,Diversified Emerging Market,structural,0.8617,0.5709,0.4528,0.3337,0.0615,0.5356,0.7132,0.3766,0.3732,0.189,0.3973,0.5044,0.4135,0.7341,0.778,0.0491,0.3302,0.9403,0.4697,0.9589,0.3031,0.6319,narrative_inconsistency,HIGH,HIGH,,True
BFA,BFA,2019,4.048,3.658,0.39,0.39,0.284,0.142,0.37,0.425,0.326,0.588,0.451,Moderate Potential,0.2,0.542,0.94,SR,Structural Risk,Diversified Emerging Market,structural,0.7855,0.4364,0.4191,0.2537,0.0607,0.5414,0.6864,0.4358,0.5045,0.1282,0.3964,0.4761,0.3818,0.6812,0.7799,0.048,0.3122,0.7569,0.4933,0.9401,0.1976,0.9579,clean,N/A,HIGH,,True
BFA,BFA,2020,4.324,3.934,0.39,0.39,0.379,0.151,0.333,0.462,0.279,0.499,0.386,Low Takeoff Signal,0.2,0.427,0.738,SR,Structural Risk,Diversified Emerging Market,structural,0.7994,0.6506,0.4641,0.2087,0.0546,0.549,0.7348,0.8019,0.5997,0.0902,0.3887,0.46,0.2494,0.7501,0.8084,0.0458,0.3125,0.7517,0.3384,0.738,0.2987,0.3704,clean,N/A,HIGH,,True
BFA,BFA,2021,3.364,2.974,0.39,0.39,0.216,0.131,0.396,0.435,0.231,0.397,0.363,Low Takeoff Signal,0.2,0.422,0.61,SR,Structural Risk,Diversified Emerging Market,structural,0.611,0.5224,0.4108,0.1376,0.0508,0.5544,0.6235,0.5713,0.5914,0.0716,0.4019,0.4691,0.1155,0.4782,0.8015,0.0456,0.3234,0.6795,0.4157,0.6096,0.1183,0.1616,clean,N/A,HIGH,,True
BFA,BFA,2022,2.536,2.146,0.39,0.39,0.155,0.126,0.288,0.376,0.191,0.38,0.225,Low Takeoff Signal,0.2,0.243,0.234,SR,Structural Risk,Diversified Emerging Market,structural,0.3398,0.1229,0.5309,0.2105,0.0385,0.6023,0.5921,0.2916,0.562,0.042,0.3191,0.4592,0.1163,0.2732,0.7965,0.0462,0.3166,0.0339,0.4076,0.234,0.0353,0.0995,clean,N/A,HIGH,,True
BFA,BFA,2023,2.27,1.88,0.39,0.39,0.152,0.122,0.33,0.369,0.198,0.38,0.155,Low Takeoff Signal,0.2,0.344,0.045,SR,Structural Risk,Diversified Emerging Market,structural,0.5148,0.2788,0.4247,0.3301,0.0342,0.6016,0.6298,0.1874,0.5607,0.0282,0.2885,0.4561,0.1162,0.4271,0.7932,0.0451,0.3197,0.1982,0.5003,0.0455,0.1083,0.6736,clean,N/A,HIGH,,True
BFA,BFA,2024,2.42,2.03,0.39,0.39,0.167,0.12,0.373,0.382,0.205,0.38,0.174,Low Takeoff Signal,0.35,0.357,0.033,SL,Stable / Low Opportunity,Diversified Emerging Market,structural,0.6612,0.2854,0.4222,0.4232,0.029,0.5634,0.6243,0.2533,0.6021,0.0405,0.2336,0.462,0.1161,0.566,0.7962,0.0447,0.2974,0.1616,0.423,0.0334,0.2381,0.5963,clean,N/A,HIGH,,True
BGD,Bangladesh,2010,5.448,4.592,0.856,0.856,0.361,0.106,0.39,0.391,0.416,,0.457,Moderate Potential,0.45,0.429,0.5,SL,Stable / Low Opportunity,Diversified Emerging Market,structural,0.5666,0.3036,0.3635,0.5921,0.1433,0.222,0.6822,0.5635,0.8601,0.0892,0.23,0.1666,0.7661,0.6379,0.8249,0.1791,0.1769,,,,,,clean,N/A,HIGH,,False
BGD,Bangladesh,2011,6.191,5.335,0.856,0.856,0.473,0.087,0.493,0.398,0.431,,0.494,Moderate Potential,0.45,0.537,0.5,SL,Stable / Low Opportunity,Diversified Emerging Market,structural,0.691,0.6684,0.3448,0.612,0.1419,0.3685,0.6849,0.4757,0.862,0.0979,0.281,0.1576,0.7778,0.7243,0.7983,0.1841,0.1878,,,,,,clean,N/A,HIGH,,False
BGD,Bangladesh,2012,5.335,4.479,0.856,0.856,0.466,0.113,0.473,0.421,0.408,0.578,0.406,Moderate Potential,0.45,0.565,0.245,SL,Stable / Low Opportunity,Diversified Emerging Market,structural,0.6346,0.5318,0.3978,0.6456,0.1457,0.5001,0.6997,0.519,0.8586,0.0995,0.1855,0.1516,0.7635,0.6539,0.7718,0.1894,0.1514,0.8149,0.448,0.2453,0.6982,0.7915,clean,N/A,HIGH,,True
BGD,Bangladesh,2013,4.887,4.031,0.856,0.856,0.418,0.101,0.456,0.399,0.413,0.532,0.354,Low Takeoff Signal,0.45,0.532,0.166,SL,Stable / Low Opportunity,Diversified Emerging Market,structural,0.7102,0.4423,0.3748,0.6638,0.1732,0.2578,0.7212,0.575,0.858,0.0627,0.2017,0.1475,0.7721,0.7645,0.7463,0.1949,0.1621,0.7229,0.7355,0.1664,0.7785,0.283,clean,N/A,HIGH,,True
BGD,Bangladesh,2014,5.691,4.835,0.856,0.856,0.451,0.113,0.465,0.428,0.426,0.582,0.527,Moderate Potential,0.602,0.554,0.426,SL,Stable / Low Opportunity,Diversified Emerging Market,structural,0.7786,0.4529,0.4105,0.6904,0.1678,0.3267,0.7359,0.5956,0.8674,0.172,0.2322,0.1475,0.7723,0.8361,0.7316,0.1995,0.174,0.7177,0.7495,0.4262,0.8111,0.2667,clean,N/A,HIGH,,True
BGD,Bangladesh,2015,5.918,5.062,0.856,0.856,0.477,0.108,0.466,0.438,0.449,0.573,0.552,Pre-Breakout Signal,0.702,0.566,0.406,SL,Stable / Low Opportunity,Diversified Emerging Market,structural,0.8137,0.4196,0.3736,0.6895,0.2018,0.4998,0.7735,0.717,0.8656,0.1052,0.2283,0.17,0.7333,0.8513,0.7201,0.2059,0.2,0.6473,0.7422,0.406,0.8593,0.3174,clean,N/A,HIGH,,True
BGD,Bangladesh,2016,6.734,5.878,0.856,0.856,0.535,0.106,0.509,0.451,0.458,0.592,0.691,Pre-Breakout Signal,0.846,0.614,0.626,SL,Stable / Low Opportunity,Diversified Emerging Market,structural,0.8816,0.4651,0.3213,0.7495,0.2407,0.5356,0.8028,0.7484,0.8714,0.1105,0.2108,0.1698,0.7734,0.9086,0.7082,0.2131,0.2046,0.6252,0.5828,0.6261,0.8919,0.3748,clean,N/A,HIGH,,True
BGD,Bangladesh,2017,5.911,5.055,0.856,0.856,0.479,0.099,0.491,0.441,0.457,0.537,0.547,Moderate Potential,0.817,0.566,0.33,SL,Stable / Low Opportunity,Diversified Emerging Market,structural,0.7857,0.3742,0.4131,0.8185,0.2211,0.5338,0.7969,0.6022,0.8593,0.1123,0.2037,0.1714,0.7781,0.8174,0.6626,0.22,0.2058,0.7063,0.1508,0.3295,0.8322,0.9504,clean,N/A,HIGH,,True
BGD,Bangladesh,2018,5.839,4.983,0.856,0.856,0.541,0.09,0.546,0.439,0.456,0.548,0.433,Moderate Potential,0.771,0.574,0.16,SL,Stable / Low Opportunity,Diversified Emerging Market,structural,0.9024,0.4825,0.4433,0.8233,0.248,0.5354,0.7882,0.4425,0.8678,0.1707,0.2084,0.1659,0.7507,0.9271,0.6524,0.2164,0.2011,0.773,0.3309,0.1596,0.7536,0.8328,clean,N/A,HIGH,,True
BGD,Bangladesh,2019,5.69,4.834,0.856,0.856,0.547,0.081,0.568,0.444,0.444,0.486,0.384,Low Takeoff Signal,0.45,0.551,0.21,SL,Stable / Low Opportunity,Diversified Emerging Market,structural,0.8951,0.4906,0.4141,0.841,0.2417,0.5366,0.7742,0.5349,0.867,0.1785,0.2011,0.1588,0.7488,0.9197,0.6514,0.2126,0.1725,0.7241,0.3773,0.2097,0.5171,0.6028,clean,N/A,HIGH,,True
BGD,Bangladesh,2020,6.541,5.685,0.856,0.856,0.611,0.119,0.449,0.443,0.403,0.556,0.523,Moderate Potential,0.545,0.519,0.503,RO,Robust Opportunity,High-Growth Emerging Market,structural,0.8505,0.3996,0.4788,0.8561,0.2508,0.5419,0.7971,0.5049,0.8627,0.1781,0.2102,0.1518,0.7702,0.8674,0.6649,0.2057,0.1785,0.8575,0.6039,0.5033,0.5606,0.3609,clean,N/A,HIGH,,True
BGD,Bangladesh,2021,5.552,4.696,0.856,0.856,0.461,0.101,0.555,0.439,0.431,0.591,0.474,Moderate Potential,0.35,0.599,0.513,SL,Stable / Low Opportunity,Diversified Emerging Market,structural,0.6107,0.4178,0.4212,0.834,0.2552,0.5729,0.7813,0.4964,0.8416,0.1758,0.1922,0.1528,0.7769,0.6108,0.665,0.1948,0.1826,0.6627,0.4657,0.5135,0.5621,0.8068,clean,N/A,HIGH,,True
BGD,Bangladesh,2022,5.66,4.804,0.856,0.856,0.502,0.063,0.612,0.417,0.429,0.431,0.443,Moderate Potential,0.35,0.535,0.467,SL,Stable / Low Opportunity,Diversified Emerging Market,structural,0.6943,0.9107,0.4859,0.8364,0.2546,0.6275,0.7661,0.4086,0.8363,0.1549,0.2006,0.1358,0.7775,0.7139,0.6764,0.1908,0.174,0.3407,0.239,0.4669,0.3565,0.8486,clean,N/A,HIGH,,True
BGD,Bangladesh,2023,5.681,4.825,0.856,0.856,0.49,0.073,0.538,0.428,0.429,0.38,0.466,Moderate Potential,0.35,0.457,0.665,SL,Stable / Low Opportunity,Diversified Emerging Market,structural,0.7484,0.6708,0.4168,0.8552,0.2507,0.5443,0.7531,0.4307,0.8289,0.1709,0.2247,0.1318,0.7774,0.7469,0.758,0.1837,0.1778,0.2023,0.3493,0.6647,0.168,0.2597,clean,N/A,HIGH,,True
BGD,Bangladesh,2024,4.912,4.056,0.856,0.856,0.368,0.091,0.447,0.425,0.406,0.38,0.436,Reform Story,0.35,0.378,0.664,SL,Stable / Low Opportunity,Diversified Emerging Market,structural,0.6075,0.0889,0.4205,0.8527,0.219,0.5264,0.7438,0.4893,0.8194,0.0915,0.2102,0.1614,0.7775,0.6142,0.7253,0.187,0.16,0.1604,0.3432,0.6644,0.1134,0.0145,clean,N/A,HIGH,,True
BGR,BGR,2010,6.686,6.027,0.659,0.659,0.621,0.102,0.434,0.507,0.567,,0.465,Moderate Potential,0.45,0.453,0.5,RO,Robust Opportunity,Diversified Emerging Market,structural,0.1658,0.4695,0.4327,0.3864,0.7566,0.6206,0.8358,0.4588,0.0197,0.7472,0.4513,0.4193,0.7586,0.3445,0.3501,0.8894,0.7221,,,,,,clean,N/A,HIGH,,False
BGR,BGR,2011,6.895,6.236,0.659,0.659,0.652,0.103,0.461,0.529,0.561,,0.477,Moderate Potential,0.45,0.484,0.5,RO,Robust Opportunity,Diversified Emerging Market,structural,0.3689,0.5174,0.4171,0.3189,0.7717,0.7159,0.8305,0.5151,0.0463,0.7442,0.4341,0.398,0.7643,0.5252,0.2665,0.891,0.6655,,,,,,clean,N/A,HIGH,,False
BGR,BGR,2012,6.329,5.67,0.659,0.659,0.606,0.123,0.439,0.527,0.515,0.546,0.527,Moderate Potential,0.45,0.51,0.658,FO,Fragile Opportunity,Diversified Emerging Market,structural,0.3526,0.4399,0.4362,0.3396,0.7447,0.6923,0.8176,0.5069,0.0327,0.7676,0.4843,0.4118,0.7622,0.4516,0.2093,0.8926,0.6672,0.6527,0.3534,0.6581,0.4469,0.6172,clean,N/A,HIGH,,True
BGR,BGR,2013,6.62,5.961,0.659,0.659,0.627,0.123,0.453,0.546,0.519,0.553,0.577,Pre-Breakout Signal,0.45,0.547,0.819,FO,Fragile Opportunity,Diversified Emerging Market,structural,0.2128,0.5105,0.4458,0.3106,0.7793,0.8084,0.8177,0.5735,0.0554,0.6979,0.4943,0.4163,0.7734,0.4752,0.211,0.8924,0.656,0.2145,0.5434,0.8193,0.5096,0.9727,clean,N/A,HIGH,,True
BGR,BGR,2014,6.448,5.789,0.659,0.659,0.66,0.108,0.455,0.551,0.586,0.513,0.479,Moderate Potential,0.291,0.529,0.763,RO,Robust Opportunity,Diversified Emerging Market,structural,0.2393,0.4514,0.4209,0.3291,0.8119,0.8229,0.759,0.6501,0.127,0.6932,0.4898,0.4141,0.7807,0.5445,0.3135,0.8879,0.6718,0.5233,0.2743,0.7633,0.2656,0.97,clean,N/A,HIGH,,True
BGR,BGR,2015,7.084,6.425,0.659,0.659,0.767,0.088,0.509,0.531,0.66,0.61,0.495,Moderate Potential,0.325,0.57,0.689,RO,Robust Opportunity,Diversified Emerging Market,structural,0.5422,0.5091,0.462,0.3203,0.7933,0.6743,0.7972,0.6629,0.1808,0.6811,0.4873,0.3886,0.7426,0.7978,0.3667,0.8887,0.703,0.6699,0.6678,0.6894,0.2785,0.7466,clean,N/A,HIGH,,True
BGR,BGR,2016,7.053,6.394,0.659,0.659,0.776,0.082,0.487,0.546,0.712,0.565,0.473,Moderate Potential,0.409,0.562,0.458,RO,Robust Opportunity,Diversified Emerging Market,structural,0.5159,0.5277,0.4231,0.2439,0.7808,0.6051,0.8083,0.8015,0.3095,0.7079,0.4885,0.4206,0.7814,0.8065,0.5034,0.8911,0.7474,0.8948,0.6031,0.4584,0.4081,0.6069,clean,N/A,HIGH,,True
BGR,BGR,2017,6.827,6.168,0.659,0.659,0.758,0.075,0.481,0.561,0.739,0.5,0.438,Moderate Potential,0.466,0.527,0.328,RO,Robust Opportunity,Advanced Economy,structural,0.4151,0.4435,0.4569,0.2592,0.7864,0.5608,0.8352,0.7837,0.3774,0.7801,0.4729,0.4377,0.7767,0.6957,0.6356,0.8894,0.7389,0.9484,0.5522,0.3282,0.7949,0.1185,clean,N/A,HIGH,,True
BGR,BGR,2018,7.178,6.519,0.659,0.659,0.77,0.086,0.47,0.581,0.731,0.498,0.518,Moderate Potential,0.541,0.507,0.504,RO,Robust Opportunity,Advanced Economy,structural,0.3701,0.44,0.4634,0.3062,0.7913,0.5355,0.8531,0.644,0.4426,0.8313,0.5168,0.4906,0.7497,0.7314,0.6264,0.888,0.7262,0.5725,0.6253,0.504,0.875,0.0387,clean,N/A,HIGH,,True
BGR,BGR,2019,7.204,6.545,0.659,0.659,0.843,0.074,0.5,0.597,0.778,0.496,0.414,Moderate Potential,0.2,0.528,0.731,RO,Robust Opportunity,Advanced Economy,structural,0.6007,0.4548,0.4428,0.2965,0.7771,0.538,0.8647,0.6752,0.492,0.8271,0.5152,0.5091,0.751,0.8417,0.7437,0.8906,0.7143,0.4581,0.4933,0.7305,0.8937,0.0498,clean,N/A,HIGH,,True
BGR,BGR,2020,6.969,6.31,0.659,0.659,0.8,0.145,0.391,0.567,0.585,0.656,0.414,Moderate Potential,0.2,0.531,0.723,FO,Fragile Opportunity,Diversified Emerging Market,structural,0.5277,0.4673,0.5332,0.3376,0.7622,0.5534,0.8605,0.6188,0.4903,0.7813,0.5091,0.435,0.7674,0.659,0.6441,0.8931,0.6724,0.7069,0.7987,0.7229,0.871,0.3501,clean,N/A,HIGH,,True
BGR,BGR,2021,7.251,6.592,0.659,0.659,0.806,0.079,0.572,0.593,0.741,0.685,0.483,Moderate Potential,0.2,0.668,0.93,RO,Robust Opportunity,High-Growth Emerging Market,structural,0.6819,0.4768,0.4486,0.3364,0.7298,0.5661,0.8568,0.4975,0.5875,0.7818,0.5646,0.4586,0.7678,0.7795,0.5668,0.8894,0.6694,0.7505,0.5508,0.9296,0.8831,0.6247,clean,N/A,HIGH,,True
BGR,BGR,2022,7.155,6.496,0.659,0.659,0.825,0.076,0.548,0.587,0.743,0.617,0.429,Moderate Potential,0.2,0.57,0.748,RO,Robust Opportunity,High-Growth Emerging Market,structural,0.5006,0.5703,0.5536,0.4147,0.6957,0.5283,0.8708,0.4621,0.56,0.7517,0.5475,0.5026,0.7684,0.637,0.6893,0.8874,0.6474,0.6042,0.7189,0.7481,0.7813,0.2635,clean,N/A,HIGH,,True
BGR,BGR,2023,6.883,6.224,0.659,0.659,0.776,0.115,0.444,0.617,0.694,0.547,0.425,Moderate Potential,0.2,0.489,0.87,RO,Robust Opportunity,Advanced Economy,structural,0.394,0.3965,0.5988,0.2989,0.6902,0.5759,0.8669,0.5985,0.5464,0.7414,0.5814,0.4999,0.7683,0.5427,0.6253,0.8836,0.688,0.2077,0.8464,0.8704,0.5504,0.4764,clean,N/A,HIGH,,True
BGR,BGR,2024,6.901,6.242,0.659,0.659,0.785,0.09,0.474,0.592,0.711,0.444,0.417,Moderate Potential,0.2,0.473,0.848,RO,Robust Opportunity,Diversified Emerging Market,structural,0.525,0.4344,0.4846,0.3399,0.6724,0.5848,0.8595,0.5758,0.5374,0.6571,0.58,0.4675,0.7684,0.6613,0.6115,0.884,0.6614,0.1932,0.3929,0.8481,0.2949,0.5907,clean,N/A,HIGH,,True
BHR,BHR,2010,6.331,5.81,0.521,0.521,0.562,0.127,0.494,0.547,0.427,,0.494,Moderate Potential,0.45,0.536,0.5,SR,Structural Risk,Advanced Economy,structural,0.4225,0.3292,0.3509,0.7109,0.7055,0.8716,0.6922,0.577,0.1773,0.2692,0.6331,0.6318,0.1429,0.1525,0.85,0.9269,0.8466,,,,,,clean,N/A,HIGH,external_debt_pct_gni,False
BHR,BHR,2011,6.745,6.224,0.521,0.521,0.641,0.115,0.493,0.555,0.504,,0.49,Moderate Potential,0.45,0.524,0.5,RO,Robust Opportunity,High-Growth Emerging Market,structural,0.3574,0.6771,0.3884,0.3704,0.7339,0.7794,0.6592,0.6861,0.3808,0.154,0.5776,0.6426,0.0946,0.6774,0.8411,0.9263,0.852,,,,,,clean,N/A,HIGH,external_debt_pct_gni,False
BHR,BHR,2012,5.862,5.341,0.521,0.521,0.733,0.078,0.599,0.523,0.511,0.38,0.245,Low Takeoff Signal,0.45,0.515,0.051,FO,Fragile Opportunity,High-Growth Emerging Market,structural,0.5015,0.6031,0.4649,0.6481,0.7809,0.7017,0.6331,0.6884,0.3592,0.1961,0.521,0.6408,0.1076,0.5148,0.8353,0.9256,0.8273,0.6999,0.9669,0.0505,0.1396,0.2022,clean,N/A,HIGH,external_debt_pct_gni,True
BHR,BHR,2013,5.481,4.96,0.521,0.521,0.68,0.082,0.601,0.517,0.477,0.38,0.219,Low Takeoff Signal,0.45,0.434,0.043,FO,Fragile Opportunity,High-Growth Emerging Market,structural,0.6579,0.4132,0.7277,0.5603,0.844,0.523,0.5658,0.7167,0.5917,0.1383,0.5433,0.6562,0.0672,0.4836,0.8351,0.9258,0.833,0.7711,0.9599,0.0427,0.0714,0.1486,clean,N/A,HIGH,external_debt_pct_gni,True
BHR,BHR,2014,4.704,4.183,0.521,0.521,0.558,0.094,0.547,0.512,0.449,0.38,0.186,Low Takeoff Signal,0.22,0.475,0.051,SL,Stable / Low Opportunity,High-Growth Emerging Market,structural,0.6059,0.3841,0.4792,0.6112,0.8048,0.6013,0.5786,0.7282,0.5783,0.1738,0.5278,0.5765,0.0602,0.2338,0.835,0.9252,0.7887,0.7782,0.9483,0.0515,0.0597,0.1216,clean,N/A,HIGH,external_debt_pct_gni,True
BHR,BHR,2015,5.221,4.7,0.521,0.521,0.561,0.069,0.487,0.453,0.541,0.387,0.325,Low Takeoff Signal,0.172,0.483,0.429,SL,Stable / Low Opportunity,High-Growth Emerging Market,structural,0.4505,0.4384,0.3378,0.5391,0.755,0.636,0.3781,0.5471,0.4254,0.1938,0.5854,0.5962,0.2097,0.2112,0.8369,0.9247,0.8119,0.6535,0.6333,0.429,0.0274,0.1897,clean,N/A,HIGH,external_debt_pct_gni,True
BHR,BHR,2016,5.955,5.434,0.521,0.521,0.633,0.025,0.527,0.382,0.603,0.38,0.42,Moderate Potential,0.205,0.503,0.788,RO,Robust Opportunity,Diversified Emerging Market,structural,0.6079,0.4175,0.3132,0.6527,0.7539,0.5731,0.2641,0.4492,0.2707,0.2215,0.5668,0.5324,0.2812,0.3237,0.8379,0.9243,0.7394,0.5323,0.0195,0.7879,0.0441,0.4775,clean,N/A,HIGH,external_debt_pct_gni,True
BHR,BHR,2017,6.265,5.744,0.521,0.521,0.668,0.013,0.625,0.367,0.567,0.406,0.455,Moderate Potential,0.286,0.537,0.647,RO,Robust Opportunity,Diversified Emerging Market,structural,0.6457,0.4244,0.464,0.8912,0.7587,0.5637,0.2184,0.397,0.2408,0.1902,0.566,0.51,0.271,0.2443,0.8337,0.9244,0.7236,0.5549,0.0413,0.6469,0.0347,0.8715,clean,N/A,HIGH,external_debt_pct_gni,True
BHR,BHR,2018,6.056,5.535,0.521,0.521,0.649,0.029,0.585,0.354,0.572,0.455,0.424,Moderate Potential,0.332,0.526,0.44,RO,Robust Opportunity,High-Growth Emerging Market,structural,0.3352,0.4548,0.4781,0.9142,0.7544,0.5355,0.1752,0.2785,0.254,0.219,0.5546,0.5116,0.2,0.4898,0.8245,0.9247,0.7316,0.5053,0.6564,0.44,0.0412,0.6324,clean,N/A,HIGH,external_debt_pct_gni,True
BHR,BHR,2019,6.352,5.831,0.521,0.521,0.72,0.022,0.576,0.387,0.62,0.443,0.401,Moderate Potential,0.25,0.547,0.485,RO,Robust Opportunity,High-Growth Emerging Market,structural,0.4181,0.4375,0.433,0.9181,0.7712,0.5392,0.147,0.5005,0.2421,0.3198,0.581,0.5273,0.1806,0.6946,0.8218,0.9252,0.7372,0.4156,0.9393,0.4849,0.0483,0.5169,clean,N/A,HIGH,external_debt_pct_gni,True
BHR,BHR,2020,6.278,5.757,0.521,0.521,0.674,0.05,0.52,0.353,0.465,0.399,0.449,Moderate Potential,0.45,0.476,0.419,RO,Robust Opportunity,Knowledge / Service Economy,structural,0.3598,0.529,0.5161,0.957,0.7711,0.5564,0.107,0.1367,0.4243,0.3291,0.5273,0.5087,0.1808,0.471,0.8399,0.9232,0.7652,0.0699,0.7214,0.4194,0.0355,0.9556,clean,N/A,HIGH,external_debt_pct_gni,True
BHR,BHR,2021,6.062,5.541,0.521,0.521,0.648,0.042,0.66,0.456,0.54,0.478,0.427,Moderate Potential,0.25,0.586,0.553,RO,Robust Opportunity,Advanced Economy,structural,0.3874,0.8459,0.4725,0.7238,0.7712,0.6157,0.1091,0.8172,0.3219,0.3815,0.5897,0.6486,0.1903,0.3004,0.8347,0.9226,0.8291,0.4832,0.5522,0.5531,0.0493,0.8562,clean,N/A,HIGH,external_debt_pct_gni,True
BHR,BHR,2022,6.447,5.926,0.521,0.521,0.697,0.066,0.606,0.485,0.567,0.555,0.462,Moderate Potential,0.25,0.59,0.711,RO,Robust Opportunity,Advanced Economy,structural,0.6389,0.4854,0.5393,0.5143,0.7787,0.6817,0.1132,0.9324,0.2748,0.3802,0.6057,0.6257,0.1914,0.6371,0.8277,0.9229,0.8529,0.8182,0.4367,0.7114,0.1268,0.8987,clean,N/A,HIGH,external_debt_pct_gni,True
BHR,BHR,2023,6.678,6.157,0.521,0.521,0.722,0.098,0.607,0.478,0.494,0.667,0.488,Moderate Potential,0.25,0.567,0.892,RO,Robust Opportunity,Advanced Economy,structural,0.5952,0.1549,0.886,0.7952,0.7961,0.6103,0.0733,0.7975,0.2773,0.3691,0.646,0.6676,0.1913,0.4042,0.8213,0.9211,0.8611,0.8797,0.9725,0.8918,0.3329,0.8505,clean,N/A,HIGH,external_debt_pct_gni,True
BHR,BHR,2024,6.561,6.04,0.521,0.521,0.693,0.092,0.565,0.494,0.515,0.578,0.5,Moderate Potential,0.25,0.594,0.918,RO,Robust Opportunity,Advanced Economy,structural,0.4464,0.4377,0.5438,0.7718,0.7275,0.5966,0.0429,0.7824,0.2895,0.5078,0.6639,0.6769,0.1911,0.5038,0.8211,0.9213,0.8715,0.6424,0.9413,0.9182,0.2622,0.4847,clean,N/A,HIGH,external_debt_pct_gni,True
BIH,BIH,2010,4.163,3.718,0.445,0.445,0.2,0.14,0.398,0.395,0.19,,0.455,Moderate Potential,0.45,0.425,0.5,SR,Structural Risk,Diversified Emerging Market,structural,0.1257,0.5196,0.4038,0.3549,0.6382,0.742,0.5165,0.3527,0.076,0.309,0.4189,0.3572,0.7275,0.3965,0.0029,0.7498,0.3983,,,,,,clean,N/A,HIGH,,False
BIH,BIH,2011,4.212,3.767,0.445,0.445,0.204,0.137,0.411,0.39,0.201,,0.462,Moderate Potential,0.45,0.443,0.5,SR,Structural Risk,Diversified Emerging Market,structural,0.2924,0.4433,0.3862,0.3788,0.6581,0.677,0.5382,0.3074,0.1687,0.3193,0.3977,0.3368,0.7281,0.5325,0.0034,0.7558,0.394,,,,,,clean,N/A,HIGH,,False
BIH,BIH,2012,4.188,3.743,0.445,0.445,0.202,0.159,0.411,0.42,0.173,0.571,0.598,Pre-Breakout Signal,0.45,0.534,0.95,SR,Structural Risk,Diversified Emerging Market,structural,0.2843,0.4232,0.4175,0.3852,0.6838,0.7485,0.5225,0.3451,0.1229,0.3547,0.5236,0.3909,0.7451,0.4409,0.0022,0.7351,0.4267,0.4724,0.3463,0.9502,0.6164,0.6718,clean,N/A,HIGH,,True
BIH,BIH,2013,4.666,4.221,0.445,0.445,0.272,0.167,0.457,0.465,0.217,0.627,0.626,Pre-Breakout Signal,0.45,0.616,0.938,SR,Structural Risk,Diversified Emerging Market,structural,0.4169,0.4936,0.3743,0.3397,0.6749,0.8319,0.5478,0.3973,0.1645,0.4255,0.5425,0.4273,0.754,0.694,0.0041,0.7576,0.4333,0.7201,0.2664,0.9382,0.6487,0.9725,clean,N/A,HIGH,,True
BIH,BIH,2014,4.489,4.044,0.445,0.445,0.26,0.183,0.444,0.479,0.193,0.675,0.595,Pre-Breakout Signal,0.389,0.608,0.951,SR,Structural Risk,Diversified Emerging Market,structural,0.2573,0.4622,0.445,0.4049,0.6346,0.7598,0.522,0.2867,0.2413,0.5638,0.5465,0.4297,0.766,0.5784,0.0022,0.7794,0.4461,0.7318,0.6035,0.9513,0.5414,0.8979,clean,N/A,HIGH,,True
BIH,BIH,2015,4.33,3.885,0.445,0.445,0.286,0.172,0.485,0.458,0.201,0.676,0.511,Moderate Potential,0.36,0.629,0.607,SR,Structural Risk,Diversified Emerging Market,structural,0.6309,0.5411,0.3997,0.3723,0.558,0.6832,0.5822,0.406,0.2905,0.4803,0.4771,0.3663,0.7287,0.854,0.0016,0.7564,0.4021,0.9126,0.6682,0.6065,0.6045,0.8202,clean,N/A,HIGH,,True
BIH,BIH,2016,3.975,3.53,0.445,0.445,0.303,0.147,0.47,0.451,0.249,0.566,0.387,Low Takeoff Signal,0.434,0.581,0.21,SR,Structural Risk,Diversified Emerging Market,structural,0.5415,0.535,0.3713,0.4332,0.5087,0.6054,0.6376,0.4337,0.3962,0.4443,0.4834,0.3687,0.759,0.8228,0.0044,0.7566,0.4011,0.9211,0.6029,0.2103,0.8521,0.5164,clean,N/A,HIGH,,True
BIH,BIH,2017,3.631,3.186,0.445,0.445,0.336,0.112,0.503,0.44,0.312,0.447,0.242,Low Takeoff Signal,0.434,0.502,0.052,SL,Stable / Low Opportunity,Diversified Emerging Market,structural,0.4675,0.5007,0.4472,0.5444,0.5175,0.5646,0.7065,0.3472,0.3689,0.472,0.4297,0.3268,0.7562,0.7359,0.0112,0.7636,0.431,0.6792,0.5671,0.0519,0.8731,0.1848,clean,N/A,HIGH,,True
BIH,BIH,2018,4.148,3.703,0.445,0.445,0.403,0.109,0.502,0.455,0.371,0.469,0.286,Low Takeoff Signal,0.517,0.513,0.072,SL,Stable / Low Opportunity,Diversified Emerging Market,structural,0.5736,0.4939,0.4655,0.4971,0.5433,0.5356,0.7432,0.4283,0.4322,0.4659,0.4349,0.3053,0.7371,0.8558,0.0277,0.7972,0.3759,0.7383,0.6255,0.0723,0.933,0.1577,clean,N/A,HIGH,,True
BIH,BIH,2019,3.689,3.244,0.445,0.445,0.398,0.1,0.466,0.46,0.406,0.397,0.165,Low Takeoff Signal,0.2,0.47,0.039,SL,Stable / Low Opportunity,Diversified Emerging Market,structural,0.5057,0.4381,0.4315,0.5295,0.5394,0.5397,0.7642,0.4687,0.4793,0.4557,0.4041,0.2972,0.7425,0.7636,0.0539,0.7657,0.3492,0.3357,0.6113,0.0386,0.9479,0.2495,clean,N/A,HIGH,,True
BIH,BIH,2020,4.445,4.0,0.445,0.445,0.446,0.147,0.359,0.46,0.32,0.549,0.303,Low Takeoff Signal,0.2,0.464,0.299,SR,Structural Risk,Diversified Emerging Market,structural,0.535,0.4221,0.509,0.5141,0.5357,0.5564,0.7806,0.4207,0.4848,0.4817,0.4401,0.286,0.7595,0.6872,0.0646,0.7707,0.3647,0.5607,0.6945,0.2991,0.871,0.4433,clean,N/A,HIGH,,True
BIH,BIH,2021,5.299,4.854,0.445,0.445,0.53,0.112,0.619,0.483,0.425,0.658,0.414,Moderate Potential,0.2,0.658,0.562,SL,Stable / Low Opportunity,High-Growth Emerging Market,structural,0.6478,0.7846,0.4579,0.6351,0.5373,0.568,0.7812,0.4625,0.5562,0.4726,0.4432,0.2776,0.7709,0.8138,0.0728,0.77,0.3562,0.7193,0.5536,0.5619,0.8863,0.7036,clean,N/A,HIGH,,True
BIH,BIH,2022,5.378,4.933,0.445,0.445,0.542,0.098,0.567,0.486,0.454,0.543,0.418,Moderate Potential,0.2,0.554,0.712,SL,Stable / Low Opportunity,High-Growth Emerging Market,structural,0.5103,0.5623,0.5336,0.6806,0.552,0.521,0.8158,0.3916,0.5564,0.4935,0.4622,0.2769,0.7715,0.6855,0.0899,0.7729,0.3656,0.4434,0.6459,0.7124,0.8314,0.1613,clean,N/A,HIGH,,True
BIH,BIH,2023,5.56,5.115,0.445,0.445,0.583,0.118,0.491,0.511,0.474,0.567,0.407,Moderate Potential,0.2,0.534,0.678,RO,Robust Opportunity,Diversified Emerging Market,structural,0.422,0.3553,0.5621,0.7018,0.5756,0.5942,0.81,0.4431,0.594,0.5126,0.4356,0.3087,0.7714,0.6005,0.1419,0.7733,0.3762,0.2398,0.9725,0.6782,0.6681,0.4981,clean,N/A,HIGH,,True
BIH,BIH,2024,5.455,5.01,0.445,0.445,0.575,0.097,0.509,0.491,0.48,0.492,0.39,Low Takeoff Signal,0.2,0.504,0.63,RO,Robust Opportunity,Diversified Emerging Market,structural,0.4832,0.3468,0.4905,0.7305,0.5664,0.5786,0.8011,0.3771,0.5982,0.3989,0.4539,0.352,0.7715,0.6773,0.141,0.7765,0.3706,0.1918,0.6274,0.6302,0.4341,0.5785,clean,N/A,HIGH,,True
BLR,BLR,2010,3.858,6.921,-3.063,0.564,0.734,0.037,0.69,0.337,0.535,,0.543,Moderate Potential,0.45,0.705,0.5,RO,Robust Opportunity,High-Growth Emerging Market,structural,0.7841,0.4114,0.3998,0.9734,0.9035,0.1471,0.5904,0.185,0.4347,0.5556,0.1962,0.3175,0.7717,0.9029,0.7136,0.8854,0.1026,,,,,,sanctions_compliance_risk,HIGH,HIGH,,False
BLR,BLR,2011,5.883,6.319,-0.436,0.564,0.623,0.047,0.717,0.29,0.491,,0.543,Moderate Potential,0.45,0.705,0.5,RO,Robust Opportunity,High-Growth Emerging Market,structural,0.6282,0.6771,0.498,0.9182,0.8838,0.0,0.3144,0.3315,0.3049,0.5842,0.1835,0.354,0.7762,0.7425,0.7127,0.8867,0.0828,,,,,,sanctions_compliance_risk,HIGH,HIGH,,False
BLR,BLR,2012,5.395,6.279,-0.884,0.564,0.664,0.043,0.599,0.386,0.491,0.44,0.609,Pre-Breakout Signal,0.45,0.562,0.95,RO,Robust Opportunity,Diversified Emerging Market,structural,0.3977,0.5202,0.4166,0.876,0.8661,0.0088,0.6071,0.4642,0.3978,0.6194,0.2653,0.4321,0.7588,0.478,0.7151,0.888,0.1397,0.0263,0.4343,0.9502,0.6503,0.3376,sanctions_compliance_risk,HIGH,HIGH,,True
BLR,BLR,2013,2.694,5.741,-3.047,0.564,0.569,0.061,0.54,0.37,0.482,0.489,0.602,Pre-Breakout Signal,0.45,0.554,0.931,SL,Stable / Low Opportunity,High-Growth Emerging Market,structural,0.3122,0.2927,0.4225,0.9406,0.8169,0.0317,0.6298,0.2841,0.418,0.6362,0.2501,0.447,0.7638,0.4353,0.7174,0.8892,0.1418,0.0254,0.548,0.9311,0.7402,0.3838,sanctions_compliance_risk,HIGH,HIGH,,True
BLR,BLR,2014,3.605,6.479,-2.874,0.564,0.656,0.068,0.577,0.402,0.516,0.562,0.677,Pre-Breakout Signal,0.57,0.615,0.926,RO,Robust Opportunity,High-Growth Emerging Market,structural,0.3047,0.4664,0.4314,0.895,0.798,0.0445,0.6252,0.3108,0.4778,0.6496,0.2677,0.5187,0.7631,0.4714,0.7139,0.8894,0.1745,0.021,0.54,0.9261,0.7966,0.8105,sanctions_compliance_risk,HIGH,HIGH,,True
BLR,BLR,2015,1.676,3.885,-2.209,0.564,0.39,0.094,0.484,0.384,0.385,0.503,0.355,Low Takeoff Signal,0.108,0.555,0.852,SL,Stable / Low Opportunity,High-Growth Emerging Market,structural,0.0562,0.4667,0.4175,0.6957,0.7831,0.3581,0.5011,0.4981,0.2884,0.6531,0.2704,0.4742,0.7227,0.0924,0.7143,0.8888,0.1405,0.0212,0.2447,0.8521,0.8346,0.9553,sanctions_compliance_risk,HIGH,HIGH,,True
BLR,BLR,2016,1.649,3.7,-2.051,0.564,0.408,0.084,0.467,0.412,0.423,0.402,0.277,Low Takeoff Signal,0.103,0.479,0.459,SL,Stable / Low Opportunity,Diversified Emerging Market,structural,0.0705,0.4691,0.4147,0.5873,0.7804,0.4764,0.5359,0.5043,0.258,0.7061,0.2747,0.5068,0.7503,0.1226,0.7147,0.8881,0.1617,0.0706,0.613,0.4592,0.1182,0.9574,sanctions_compliance_risk,HIGH,HIGH,,True
BLR,BLR,2017,4.403,4.839,-0.436,0.564,0.619,0.062,0.555,0.442,0.541,0.49,0.277,Low Takeoff Signal,0.092,0.559,0.44,RO,Robust Opportunity,Diversified Emerging Market,structural,0.3931,0.4595,0.44,0.6977,0.776,0.5427,0.547,0.5258,0.3369,0.6311,0.2564,0.5237,0.7449,0.5493,0.7449,0.8861,0.1668,0.5584,0.4962,0.44,0.2077,0.9504,sanctions_compliance_risk,HIGH,HIGH,,True
BLR,BLR,2018,5.057,5.493,-0.436,0.564,0.701,0.092,0.553,0.486,0.561,0.647,0.335,Low Takeoff Signal,0.148,0.635,0.415,RO,Robust Opportunity,High-Growth Emerging Market,structural,0.4802,0.46,0.4597,0.6706,0.7647,0.5354,0.6151,0.6113,0.3956,0.7225,0.2664,0.5176,0.7042,0.6875,0.6928,0.8872,0.2002,0.8134,0.6127,0.4147,0.7055,0.9621,sanctions_compliance_risk,HIGH,HIGH,,True
BLR,BLR,2019,5.449,5.885,-0.436,0.564,0.697,0.089,0.524,0.507,0.578,0.571,0.451,Moderate Potential,0.45,0.627,0.307,RO,Robust Opportunity,High-Growth Emerging Market,structural,0.3571,0.4403,0.4293,0.7292,0.7517,0.537,0.6936,0.502,0.446,0.7799,0.2471,0.5708,0.7071,0.5106,0.7012,0.8882,0.2966,0.9757,0.2973,0.3074,0.928,0.9686,sanctions_compliance_risk,HIGH,HIGH,,True
BLR,BLR,2020,5.214,5.65,-0.436,0.564,0.77,0.083,0.493,0.421,0.524,0.549,0.275,Low Takeoff Signal,0.45,0.547,0.07,RO,Robust Opportunity,High-Growth Emerging Market,structural,0.6724,0.5185,0.5072,0.718,0.7529,0.5394,0.7051,0.5756,0.471,0.2414,0.2215,0.5047,0.7215,0.7593,0.707,0.8903,0.2437,0.9129,0.6326,0.0695,0.871,0.5433,sanctions_compliance_risk,HIGH,HIGH,,True
BLR,BLR,2021,1.892,4.261,-2.369,0.564,0.546,0.057,0.536,0.465,0.567,0.38,0.226,Low Takeoff Signal,0.45,0.48,0.042,SL,Stable / Low Opportunity,High-Growth Emerging Market,structural,0.2444,0.4389,0.4387,0.5344,0.7511,0.5415,0.742,0.7002,0.5255,0.3318,0.1676,0.4674,0.7383,0.3867,0.7305,0.8889,0.2047,0.5579,0.4334,0.0422,0.8958,0.0212,sanctions_compliance_risk,HIGH,HIGH,,True
BLR,BLR,2022,1.564,2.718,-1.154,0.564,0.279,0.123,0.347,0.466,0.382,0.38,0.198,Low Takeoff Signal,0.45,0.333,0.041,SR,Structural Risk,Diversified Emerging Market,structural,0.0856,0.0262,0.5113,0.3602,0.7271,0.5501,0.7423,0.6923,0.5477,0.3201,0.1523,0.3807,0.739,0.1323,0.6986,0.8886,0.1372,0.0339,0.3642,0.0412,0.8815,0.2419,sanctions_compliance_risk,HIGH,HIGH,,True
BLR,BLR,2023,4.353,4.789,-0.436,0.564,0.675,0.057,0.584,0.45,0.517,0.436,0.178,Low Takeoff Signal,0.2,0.512,0.045,FO,Fragile Opportunity,High-Growth Emerging Market,structural,0.6172,0.9047,0.51,0.5762,0.7143,0.5703,0.7411,0.468,0.5746,0.4194,0.1419,0.3338,0.7388,0.7604,0.6755,0.8875,0.1151,0.2032,0.5604,0.0455,0.6222,0.7982,sanctions_compliance_risk,HIGH,HIGH,,True
BLR,BLR,2024,3.816,4.252,-0.436,0.564,0.589,0.062,0.542,0.447,0.504,0.38,0.159,Low Takeoff Signal,0.2,0.478,0.033,FO,Fragile Opportunity,High-Growth Emerging Market,structural,0.5868,0.4662,0.4654,0.6479,0.6725,0.5618,0.7062,0.4191,0.6278,0.4582,0.1413,0.3262,0.7389,0.7499,0.6795,0.8881,0.1008,0.3571,0.4269,0.0334,0.3099,0.8413,sanctions_compliance_risk,HIGH,HIGH,,True
BLZ,BLZ,2010,4.259,4.17,0.089,0.089,0.315,0.148,0.299,0.488,0.391,,0.409,Moderate Potential,0.45,0.313,0.5,SR,Structural Risk,Diversified Emerging Market,structural,0.157,0.2962,0.4852,0.1145,0.4801,0.9099,0.1985,0.4359,0.0817,0.6045,0.5479,0.6446,0.6788,0.0952,0.5194,0.6602,0.4178,,,,,,clean,N/A,HIGH,,False
BLZ,BLZ,2011,4.234,4.145,0.089,0.089,0.305,0.136,0.309,0.452,0.401,,0.415,Moderate Potential,0.45,0.327,0.5,SR,Structural Risk,Diversified Emerging Market,structural,0.2283,0.4295,0.4614,0.0654,0.4763,0.7072,0.228,0.4835,0.1034,0.6598,0.4475,0.5269,0.6632,0.1857,0.5212,0.6558,0.3876,,,,,,clean,N/A,HIGH,,False
BLZ,BLZ,2012,4.505,4.416,0.089,0.089,0.562,0.106,0.429,0.473,0.518,0.53,0.244,Low Takeoff Signal,0.45,0.511,0.051,SL,Stable / Low Opportunity,Diversified Emerging Market,structural,0.5086,0.5156,0.5641,0.0821,0.4985,0.7991,0.2799,0.4878,0.1989,0.6561,0.4327,0.5367,0.6931,0.4713,0.532,0.6494,0.3724,0.8381,0.9669,0.0505,0.9364,0.3513,clean,N/A,HIGH,,True
BLZ,BLZ,2013,3.997,3.908,0.089,0.089,0.482,0.102,0.387,0.468,0.53,0.451,0.223,Low Takeoff Signal,0.45,0.459,0.043,SL,Stable / Low Opportunity,Diversified Emerging Market,structural,0.5601,0.4081,0.4846,0.1022,0.5008,0.6792,0.3211,0.4435,0.2664,0.6658,0.4482,0.5386,0.7226,0.51,0.5379,0.6463,0.3771,0.93,0.5601,0.0427,0.9248,0.1506,clean,N/A,HIGH,,True
BLZ,BLZ,2014,3.912,3.823,0.089,0.089,0.461,0.094,0.414,0.439,0.505,0.463,0.232,Low Takeoff Signal,0.527,0.461,0.04,SL,Stable / Low Opportunity,Diversified Emerging Market,structural,0.558,0.4321,0.5328,0.1602,0.4838,0.7475,0.3447,0.3208,0.3103,0.6054,0.3082,0.459,0.7375,0.487,0.4841,0.7249,0.2869,0.8947,0.6063,0.04,0.9188,0.1699,clean,N/A,HIGH,,True
BLZ,BLZ,2015,3.688,3.599,0.089,0.089,0.415,0.105,0.369,0.434,0.504,0.501,0.239,Low Takeoff Signal,0.484,0.471,0.048,SL,Stable / Low Opportunity,Diversified Emerging Market,structural,0.4764,0.4235,0.4105,0.1691,0.4906,0.6673,0.3564,0.2701,0.4045,0.6154,0.3142,0.4626,0.7359,0.4124,0.5372,0.6898,0.2947,0.7656,0.3445,0.0475,0.8405,0.6111,clean,N/A,HIGH,,True
BLZ,BLZ,2016,3.037,2.948,0.089,0.089,0.311,0.106,0.331,0.428,0.438,0.38,0.213,Low Takeoff Signal,0.468,0.344,0.049,SL,Stable / Low Opportunity,Diversified Emerging Market,structural,0.2002,0.3601,0.3515,0.2097,0.5791,0.5864,0.335,0.3045,0.4765,0.6318,0.3234,0.5168,0.7738,0.1391,0.5269,0.6657,0.3076,0.1344,0.0195,0.0485,0.7329,0.3714,clean,N/A,HIGH,,True
BLZ,BLZ,2017,3.042,2.953,0.089,0.089,0.254,0.112,0.311,0.413,0.384,0.38,0.301,Low Takeoff Signal,0.423,0.3,0.203,SL,Stable / Low Opportunity,Diversified Emerging Market,structural,0.0912,0.3756,0.4254,0.105,0.5586,0.5658,0.2701,0.2383,0.465,0.6315,0.3388,0.4854,0.777,0.0645,0.5397,0.6285,0.2748,0.0275,0.0413,0.2026,0.2602,0.5875,clean,N/A,HIGH,,True
BLZ,BLZ,2018,3.984,3.895,0.089,0.089,0.32,0.094,0.404,0.408,0.404,0.385,0.464,Reform Story,0.419,0.398,0.623,SL,Stable / Low Opportunity,Diversified Emerging Market,structural,0.2035,0.5167,0.49,0.1367,0.5533,0.5356,0.2684,0.2596,0.4389,0.62,0.3201,0.5258,0.7458,0.1505,0.2998,0.6863,0.2401,0.0302,0.5842,0.6231,0.0788,0.607,clean,N/A,HIGH,,True
BLZ,BLZ,2019,4.747,4.658,0.089,0.089,0.466,0.089,0.443,0.418,0.497,0.497,0.457,Moderate Potential,0.35,0.495,0.567,SL,Stable / Low Opportunity,Diversified Emerging Market,structural,0.6468,0.461,0.4503,0.1516,0.5695,0.5398,0.2894,0.2388,0.481,0.6662,0.3329,0.5308,0.7509,0.6303,0.3565,0.6241,0.2713,0.4946,0.8682,0.5671,0.1536,0.5179,clean,N/A,HIGH,,True
BLZ,BLZ,2020,3.721,3.632,0.089,0.089,0.266,0.16,0.269,0.418,0.193,0.534,0.471,Moderate Potential,0.45,0.409,0.587,SR,Structural Risk,Diversified Emerging Market,structural,0.0788,0.3037,0.5293,0.2591,0.5458,0.5527,0.2205,0.2389,0.4153,0.8358,0.3456,0.5163,0.774,0.0727,0.3691,0.6152,0.2824,0.6825,0.8943,0.5874,0.0838,0.5652,clean,N/A,HIGH,,True
BLZ,BLZ,2021,6.088,5.999,0.089,0.089,0.642,0.078,0.643,0.446,0.534,0.654,0.565,Pre-Breakout Signal,0.45,0.661,0.612,RO,Robust Opportunity,High-Growth Emerging Market,structural,0.987,0.9127,0.4831,0.3861,0.5874,0.5781,0.3657,0.2475,0.5262,0.765,0.3483,0.5193,0.7794,0.9805,0.3574,0.6152,0.2668,0.7652,0.8394,0.6116,0.7854,0.4072,clean,N/A,HIGH,,True
BLZ,BLZ,2022,5.721,5.632,0.089,0.089,0.638,0.089,0.554,0.495,0.548,0.589,0.469,Moderate Potential,0.2,0.605,0.938,RO,Robust Opportunity,High-Growth Emerging Market,structural,0.8027,0.5913,0.5496,0.2949,0.5584,0.6391,0.4782,0.2568,0.5689,0.8713,0.3973,0.5431,0.78,0.7797,0.4117,0.6156,0.2707,0.9664,0.3842,0.9378,0.8375,0.3114,clean,N/A,HIGH,,True
BLZ,BLZ,2023,4.555,4.466,0.089,0.089,0.445,0.137,0.398,0.547,0.446,0.455,0.434,Moderate Potential,0.2,0.486,0.938,SR,Structural Risk,Diversified Emerging Market,structural,0.2954,0.7692,0.424,0.2575,0.5083,0.5842,0.4745,0.5248,0.5856,0.8787,0.4155,0.5152,0.7799,0.2492,0.4095,0.6085,0.3154,0.2957,0.195,0.9378,0.9495,0.2853,clean,N/A,HIGH,,True
BLZ,BLZ,2024,5.387,5.298,0.089,0.089,0.593,0.123,0.457,0.558,0.513,0.519,0.443,Moderate Potential,0.2,0.526,0.918,FO,Fragile Opportunity,Diversified Emerging Market,structural,0.5368,0.5485,0.5046,0.3068,0.5437,0.5811,0.535,0.4857,0.6288,0.8919,0.4198,0.5025,0.78,0.521,0.3848,0.6099,0.3278,0.2165,0.3144,0.9182,0.9726,0.5648,clean,N/A,HIGH,,True
BOL,BOL,2010,5.033,4.504,0.529,0.529,0.344,0.134,0.41,0.464,0.333,,0.458,Moderate Potential,0.45,0.433,0.5,SR,Structural Risk,Diversified Emerging Market,structural,0.399,0.4489,0.4197,0.1549,0.6713,0.3475,0.5792,0.6153,0.7587,0.4946,0.1627,0.3795,0.4939,0.3677,0.8441,0.156,0.1762,,,,,,clean,N/A,HIGH,,False
BOL,BOL,2011,5.284,4.755,0.529,0.529,0.379,0.13,0.453,0.473,0.339,,0.474,Moderate Potential,0.45,0.477,0.5,SR,Structural Risk,Diversified Emerging Market,structural,0.6031,0.4428,0.4154,0.2558,0.622,0.5088,0.6121,0.5571,0.7835,0.4853,0.1789,0.3065,0.3863,0.5844,0.8403,0.1465,0.1957,,,,,,clean,N/A,HIGH,,False
BOL,BOL,2012,4.818,4.772,0.046,0.529,0.463,0.154,0.469,0.495,0.353,0.671,0.492,Moderate Potential,0.45,0.607,0.426,SR,Structural Risk,Diversified Emerging Market,cyclical,0.5673,0.5385,0.4477,0.1822,0.6286,0.5728,0.6263,0.6727,0.8029,0.4462,0.1574,0.2754,0.3919,0.5567,0.869,0.1633,0.1794,0.8063,0.6807,0.4262,0.7825,0.9021,clean,N/A,HIGH,,True
BOL,BOL,2013,4.792,4.263,0.529,0.529,0.438,0.126,0.495,0.472,0.358,0.545,0.388,Low Takeoff Signal,0.45,0.55,0.218,SR,Structural Risk,Diversified Emerging Market,structural,0.7612,0.4578,0.5318,0.2323,0.6247,0.3504,0.6385,0.6288,0.7831,0.5147,0.1451,0.3171,0.3636,0.7713,0.8359,0.1408,0.1866,0.93,0.9599,0.218,0.74,0.2648,clean,N/A,HIGH,,True
BOL,BOL,2014,4.69,4.161,0.529,0.529,0.425,0.123,0.501,0.471,0.359,0.531,0.38,Low Takeoff Signal,0.354,0.553,0.265,SR,Structural Risk,Diversified Emerging Market,structural,0.7259,0.5273,0.4227,0.3071,0.6226,0.4319,0.6392,0.6353,0.7909,0.4548,0.1522,0.312,0.3679,0.732,0.8459,0.1369,0.1891,0.893,0.6035,0.2649,0.7687,0.2864,clean,N/A,HIGH,,True
BOL,BOL,2015,3.729,3.2,0.529,0.529,0.37,0.112,0.44,0.451,0.377,0.438,0.195,Low Takeoff Signal,0.271,0.473,0.048,SL,Stable / Low Opportunity,Diversified Emerging Market,structural,0.6842,0.3907,0.3803,0.2904,0.6301,0.5831,0.646,0.3668,0.7694,0.5185,0.1298,0.2667,0.5915,0.6824,0.809,0.1201,0.1869,0.6479,0.3807,0.0475,0.6353,0.4799,clean,N/A,HIGH,,True
BOL,BOL,2016,3.701,3.172,0.529,0.529,0.342,0.099,0.434,0.426,0.374,0.38,0.229,Low Takeoff Signal,0.269,0.42,0.094,SL,Stable / Low Opportunity,High-Growth Emerging Market,structural,0.6575,0.3897,0.3268,0.3279,0.6221,0.5535,0.6191,0.3879,0.7541,0.4976,0.1257,0.2533,0.6638,0.6513,0.8129,0.1199,0.1815,0.4625,0.0626,0.0936,0.3929,0.5157,clean,N/A,HIGH,,True
BOL,BOL,2017,4.02,3.491,0.529,0.529,0.343,0.093,0.465,0.42,0.371,0.38,0.316,Low Takeoff Signal,0.519,0.394,0.136,SL,Stable / Low Opportunity,High-Growth Emerging Market,structural,0.5686,0.3469,0.4277,0.4993,0.6052,0.5549,0.5693,0.3339,0.732,0.5154,0.1227,0.2423,0.5818,0.5534,0.8114,0.1287,0.1808,0.0737,0.0413,0.1361,0.1988,0.9504,clean,N/A,HIGH,,True
BOL,BOL,2018,3.655,3.126,0.529,0.529,0.317,0.097,0.458,0.419,0.349,0.38,0.255,Low Takeoff Signal,0.482,0.396,0.072,SL,Stable / Low Opportunity,Diversified Emerging Market,structural,0.4417,0.4415,0.442,0.4539,0.5909,0.5356,0.5515,0.3728,0.753,0.514,0.1172,0.2422,0.5668,0.4172,0.7989,0.1264,0.1829,0.0315,0.315,0.0723,0.1132,0.9621,clean,N/A,HIGH,,True
BOL,BOL,2019,4.018,3.489,0.529,0.529,0.262,0.095,0.421,0.379,0.327,0.38,0.437,Moderate Potential,0.45,0.399,0.47,SL,Stable / Low Opportunity,Diversified Emerging Market,structural,0.363,0.4426,0.4038,0.3941,0.5908,0.539,0.502,0.4328,0.7437,0.2592,0.1274,0.2346,0.595,0.3405,0.7925,0.1365,0.151,0.0678,0.1464,0.4698,0.0585,0.8588,clean,N/A,HIGH,,True
BOL,BOL,2020,3.765,3.236,0.529,0.529,0.195,0.137,0.257,0.388,0.14,0.38,0.467,Moderate Potential,0.545,0.326,0.593,SR,Structural Risk,Commodity Exporter,structural,0.0945,0.3472,0.4323,0.2126,0.5883,0.5521,0.4268,0.5903,0.721,0.4254,0.1324,0.2251,0.6525,0.0886,0.6088,0.1214,0.1395,0.0514,0.0566,0.5934,0.0355,0.9722,clean,N/A,HIGH,,True
BOL,BOL,2021,5.108,4.579,0.529,0.529,0.375,0.105,0.589,0.417,0.333,0.545,0.57,Pre-Breakout Signal,0.35,0.612,0.928,SL,Stable / Low Opportunity,Diversified Emerging Market,structural,0.8227,0.9243,0.4316,0.2094,0.6122,0.6065,0.3755,0.7299,0.7141,0.4846,0.157,0.1891,0.4399,0.7995,0.7888,0.1197,0.1243,0.714,0.4595,0.9284,0.0493,0.8562,clean,N/A,HIGH,,True
BOL,BOL,2022,4.554,4.025,0.529,0.529,0.297,0.119,0.462,0.425,0.309,0.481,0.533,Moderate Potential,0.35,0.508,0.919,SL,Stable / Low Opportunity,Diversified Emerging Market,structural,0.4778,0.5396,0.4813,0.2099,0.6041,0.6878,0.3382,0.6465,0.7218,0.5316,0.1481,0.1824,0.4412,0.4841,0.8122,0.1307,0.1244,0.4927,0.3835,0.9195,0.03,0.8899,clean,N/A,HIGH,,True
BOL,BOL,2023,4.168,3.639,0.529,0.529,0.258,0.127,0.402,0.379,0.296,0.548,0.485,Moderate Potential,0.35,0.5,0.686,SR,Structural Risk,Diversified Emerging Market,structural,0.4699,0.1723,0.4214,0.2608,0.6292,0.5947,0.2439,0.4329,0.7204,0.4689,0.1447,0.1903,0.441,0.4655,0.8303,0.1385,0.1181,0.5893,0.6638,0.6858,0.0506,0.7826,clean,N/A,HIGH,,True
BOL,BOL,2024,3.295,2.766,0.529,0.529,0.16,0.111,0.325,0.348,0.242,0.38,0.39,Low Takeoff Signal,0.35,0.349,0.501,SL,Stable / Low Opportunity,Diversified Emerging Market,structural,0.1525,0.1155,0.4287,0.2229,0.6085,0.5243,0.2019,0.3447,0.7477,0.378,0.1335,0.1879,0.4409,0.1501,0.8277,0.1385,0.0971,0.2582,0.7489,0.5015,0.1006,0.0145,clean,N/A,HIGH,,True
BRA,Brazil,2010,8.272,7.166,1.106,1.106,0.81,0.066,0.531,0.516,0.647,,0.498,Moderate Potential,0.45,0.549,0.5,RO,Robust Opportunity,High-Growth Emerging Market,structural,0.766,0.4815,0.4353,0.3491,0.674,0.4732,0.258,0.4031,0.8966,0.5258,0.5701,0.5582,0.6979,0.8253,0.4738,0.7089,0.5992,,,,,,clean,N/A,HIGH,secondary_school_enrolment,False
BRA,Brazil,2011,7.598,6.492,1.106,1.106,0.699,0.098,0.465,0.539,0.601,,0.477,Moderate Potential,0.45,0.486,0.5,RO,Robust Opportunity,Diversified Emerging Market,structural,0.5103,0.4448,0.4247,0.3396,0.6925,0.5271,0.2871,0.437,0.8909,0.5428,0.5551,0.6482,0.7054,0.5552,0.5221,0.7098,0.6049,,,,,,clean,N/A,HIGH,secondary_school_enrolment,False
BRA,Brazil,2012,6.626,5.52,1.106,1.106,0.638,0.096,0.445,0.532,0.579,0.387,0.438,Moderate Potential,0.45,0.432,0.43,RO,Robust Opportunity,Diversified Emerging Market,structural,0.408,0.4284,0.4448,0.319,0.7346,0.4787,0.299,0.4445,0.8732,0.574,0.5633,0.565,0.6961,0.44,0.5661,0.7094,0.6066,0.0264,0.4346,0.4296,0.6657,0.3786,clean,N/A,HIGH,,True
BRA,Brazil,2013,6.773,5.667,1.106,1.106,0.683,0.077,0.484,0.506,0.598,0.38,0.41,Moderate Potential,0.45,0.44,0.34,RO,Robust Opportunity,High-Growth Emerging Market,structural,0.4712,0.4364,0.4252,0.3408,0.8127,0.3875,0.3571,0.4433,0.8595,0.465,0.5382,0.5451,0.687,0.5373,0.576,0.7064,0.5842,0.0371,0.4045,0.3403,0.7912,0.1912,clean,N/A,HIGH,,True
BRA,Brazil,2014,5.223,4.117,1.106,1.106,0.513,0.091,0.432,0.485,0.536,0.38,0.236,Low Takeoff Signal,0.154,0.4,0.21,SL,Stable / Low Opportunity,Diversified Emerging Market,structural,0.2031,0.4074,0.4601,0.2855,0.7905,0.3585,0.3438,0.3893,0.8379,0.4807,0.5229,0.482,0.6911,0.2576,0.5743,0.7046,0.5164,0.021,0.5402,0.2096,0.7765,0.1673,clean,N/A,HIGH,,True
BRA,Brazil,2015,3.955,2.849,1.106,1.106,0.336,0.095,0.397,0.413,0.41,0.38,0.148,Low Takeoff Signal,0.123,0.363,0.065,SL,Stable / Low Opportunity,Diversified Emerging Market,structural,0.0628,0.5124,0.4378,0.1888,0.7637,0.389,0.2851,0.4839,0.7724,0.3682,0.4796,0.4258,0.6728,0.0808,0.4364,0.689,0.4735,0.0212,0.6481,0.0645,0.629,0.0741,clean,N/A,HIGH,,True
BRA,Brazil,2016,4.006,2.9,1.106,1.106,0.302,0.117,0.372,0.45,0.362,0.38,0.214,Low Takeoff Signal,0.175,0.322,0.169,SL,Stable / Low Opportunity,Diversified Emerging Market,structural,0.0504,0.4522,0.5026,0.1279,0.7775,0.5268,0.2636,0.5935,0.7707,0.3724,0.5108,0.4111,0.6925,0.0661,0.2156,0.681,0.4683,0.0294,0.6444,0.1687,0.1838,0.2573,clean,N/A,HIGH,,True
BRA,Brazil,2017,4.499,3.393,1.106,1.106,0.373,0.097,0.423,0.445,0.434,0.38,0.244,Low Takeoff Signal,0.276,0.411,0.115,SL,Stable / Low Opportunity,Diversified Emerging Market,structural,0.2787,0.4357,0.456,0.096,0.7815,0.5534,0.229,0.5568,0.7994,0.3382,0.4515,0.3697,0.6943,0.3357,0.1545,0.6752,0.4596,0.4281,0.5948,0.1145,0.0397,0.6862,clean,N/A,HIGH,,True
BRA,Brazil,2018,4.473,3.367,1.106,1.106,0.384,0.096,0.436,0.42,0.429,0.45,0.221,Low Takeoff Signal,0.27,0.472,0.072,SL,Stable / Low Opportunity,Diversified Emerging Market,structural,0.3029,0.4625,0.4771,0.1033,0.7993,0.5355,0.2166,0.4519,0.784,0.3026,0.3993,0.3972,0.6407,0.3743,0.152,0.6695,0.4076,0.7579,0.6381,0.0723,0.0417,0.9621,clean,N/A,HIGH,,True
BRA,Brazil,2019,4.386,3.28,1.106,1.106,0.367,0.097,0.409,0.413,0.439,0.445,0.221,Low Takeoff Signal,0.45,0.486,0.039,SL,Stable / Low Opportunity,Diversified Emerging Market,structural,0.3354,0.4236,0.4476,0.1178,0.7881,0.5373,0.2143,0.4252,0.7792,0.2713,0.406,0.4023,0.6375,0.3899,0.1606,0.6617,0.4722,0.9757,0.6012,0.0386,0.0857,0.9686,clean,N/A,HIGH,,True
BRA,Brazil,2020,4.737,3.631,1.106,1.106,0.426,0.112,0.381,0.43,0.344,0.38,0.231,Low Takeoff Signal,0.45,0.395,0.056,SL,Stable / Low Opportunity,Diversified Emerging Market,structural,0.5188,0.5313,0.5121,0.1732,0.7905,0.5448,0.2719,0.4906,0.7541,0.4056,0.4004,0.4008,0.6209,0.5566,0.1651,0.6589,0.4651,0.9129,0.544,0.0564,0.1501,0.399,clean,N/A,HIGH,,True
BRA,Brazil,2021,5.344,4.238,1.106,1.106,0.423,0.079,0.527,0.437,0.441,0.418,0.404,Moderate Potential,0.45,0.485,0.287,SL,Stable / Low Opportunity,High-Growth Emerging Market,structural,0.4223,0.3069,0.4519,0.2804,0.8153,0.5408,0.3097,0.4301,0.7542,0.4336,0.3984,0.3812,0.5037,0.469,0.1832,0.6295,0.4577,0.7218,0.3567,0.287,0.7013,0.0212,clean,N/A,HIGH,,True
BRA,Brazil,2022,6.099,4.993,1.106,1.106,0.497,0.102,0.493,0.446,0.487,0.59,0.502,Moderate Potential,0.45,0.545,0.517,SL,Stable / Low Opportunity,High-Growth Emerging Market,structural,0.4287,0.3868,0.5347,0.2115,0.8031,0.6523,0.3015,0.4794,0.7722,0.4117,0.3961,0.3635,0.505,0.4912,0.3325,0.6519,0.4459,0.576,0.3569,0.5169,0.821,0.8159,clean,N/A,HIGH,,True
BRA,Brazil,2023,6.248,5.142,1.106,1.106,0.582,0.098,0.489,0.447,0.504,0.581,0.417,Moderate Potential,0.45,0.541,0.281,RO,Robust Opportunity,Diversified Emerging Market,structural,0.5372,0.6979,0.5145,0.1418,0.8093,0.5783,0.3024,0.494,0.7873,0.3597,0.3803,0.3677,0.5048,0.6183,0.4056,0.6591,0.4259,0.6968,0.4331,0.2813,0.7447,0.8523,clean,N/A,HIGH,,True
BRA,Brazil,2024,5.876,4.77,1.106,1.106,0.558,0.089,0.48,0.439,0.513,0.53,0.349,Low Takeoff Signal,0.2,0.508,0.433,SL,Stable / Low Opportunity,Diversified Emerging Market,structural,0.5282,0.4611,0.4905,0.186,0.7909,0.5639,0.2631,0.4181,0.7768,0.3898,0.3987,0.3948,0.5048,0.6176,0.4923,0.6683,0.3952,0.549,0.4648,0.433,0.5157,0.6899,clean,N/A,HIGH,,True
BTN,BTN,2010,5.777,5.689,0.088,0.088,0.614,0.105,0.615,0.509,0.394,,0.521,Moderate Potential,0.45,0.625,0.5,RO,Robust Opportunity,High-Growth Emerging Market,structural,0.9627,0.4088,0.454,0.9998,0.2871,0.4947,0.3342,0.1051,0.3192,0.8569,0.6606,0.8423,0.6407,0.9731,0.7693,0.1205,0.1687,,,,,,market_depth_limited,MEDIUM,HIGH,,True
BTN,BTN,2011,5.3,5.212,0.088,0.088,0.527,0.102,0.579,0.463,0.379,,0.518,Moderate Potential,0.45,0.616,0.5,SL,Stable / Low Opportunity,High-Growth Emerging Market,structural,0.8063,0.4299,0.3604,0.9998,0.335,0.3875,0.2687,0.0436,0.2764,0.8682,0.676,0.8213,0.6883,0.8223,0.764,0.1062,0.1774,,,,,,clean,N/A,HIGH,,True
BTN,BTN,2012,4.467,4.379,0.088,0.088,0.435,0.092,0.535,0.444,0.363,0.38,0.425,Moderate Potential,0.45,0.364,0.475,SL,Stable / Low Opportunity,High-Growth Emerging Market,structural,0.5694,0.4018,0.3986,0.9998,0.3918,0.2402,0.2032,0.1686,0.0966,0.8696,0.6639,0.8502,0.6834,0.5837,0.8055,0.1045,0.1875,0.0263,0.0434,0.4755,0.0391,0.057,clean,N/A,HIGH,,True
BTN,BTN,2013,4.303,4.215,0.088,0.088,0.339,0.088,0.517,0.398,0.328,0.38,0.523,Reform Story,0.45,0.409,0.83,SL,Stable / Low Opportunity,Diversified Emerging Market,structural,0.3678,0.4557,0.3493,0.9996,0.4388,0.0818,0.0996,0.0849,0.0748,0.8747,0.7036,0.8466,0.6979,0.3983,0.7532,0.1016,0.1912,0.0254,0.032,0.8296,0.0286,0.1486,clean,N/A,HIGH,,True
BTN,BTN,2014,4.707,4.619,0.088,0.088,0.467,0.082,0.576,0.443,0.382,0.38,0.444,Reform Story,0.245,0.432,0.914,SL,Stable / Low Opportunity,High-Growth Emerging Market,structural,0.7636,0.3729,0.4026,0.9989,0.5424,0.2669,0.1115,0.0226,0.0535,0.9244,0.7274,0.9069,0.6858,0.8105,0.7589,0.0982,0.2246,0.021,0.0688,0.9138,0.0367,0.1216,clean,N/A,HIGH,,True
BTN,BTN,2015,5.783,5.695,0.088,0.088,0.541,0.089,0.593,0.476,0.408,0.447,0.632,Pre-Breakout Signal,0.481,0.585,0.952,SL,Stable / Low Opportunity,High-Growth Emerging Market,structural,0.8204,0.4163,0.3405,0.998,0.5507,0.5382,0.1384,0.0093,0.0675,0.9106,0.778,0.9027,0.5959,0.8502,0.732,0.0863,0.3362,0.6389,0.3257,0.9521,0.0274,0.494,market_depth_limited,MEDIUM,HIGH,,True
BTN,BTN,2016,6.166,6.078,0.088,0.088,0.582,0.095,0.609,0.472,0.419,0.542,0.677,Pre-Breakout Signal,0.5,0.681,0.957,RO,Robust Opportunity,High-Growth Emerging Market,structural,0.9344,0.3938,0.3026,0.9981,0.5476,0.5576,0.076,0.0041,0.0939,0.9321,0.7749,0.9117,0.5806,0.9484,0.6889,0.0875,0.3572,0.9138,0.4155,0.9566,0.0441,0.9574,market_depth_limited,MEDIUM,HIGH,,True
BTN,BTN,2017,5.617,5.529,0.088,0.088,0.47,0.112,0.554,0.484,0.381,0.517,0.692,Pre-Breakout Signal,0.598,0.605,0.962,SL,Stable / Low Opportunity,Advanced Economy,structural,0.3488,0.4501,0.3936,0.9989,0.5622,0.5405,0.0975,0.0083,0.089,0.933,0.8089,0.945,0.6648,0.3976,0.6212,0.0883,0.4493,0.5711,0.1071,0.9615,0.4064,0.9504,market_depth_limited,MEDIUM,HIGH,,True
BTN,BTN,2018,5.644,5.556,0.088,0.088,0.501,0.097,0.565,0.491,0.407,0.428,0.653,Pre-Breakout Signal,0.548,0.556,0.967,SL,Stable / Low Opportunity,Diversified Emerging Market,structural,0.5289,0.4259,0.4368,0.9984,0.5733,0.5355,0.0874,0.0291,0.075,0.9322,0.8236,0.9436,0.7039,0.6087,0.5369,0.0888,0.4981,0.124,0.3614,0.9667,0.1546,0.9621,market_depth_limited,MEDIUM,HIGH,,True
BTN,BTN,2019,6.1,6.012,0.088,0.088,0.696,0.089,0.679,0.493,0.447,0.597,0.488,Moderate Potential,0.2,0.678,0.94,RO,Robust Opportunity,High-Growth Emerging Market,structural,0.7758,0.5611,0.4134,0.9912,0.6182,0.5382,0.1326,0.0303,0.0955,0.9378,0.8181,0.9434,0.6845,0.8284,0.6575,0.0915,0.486,0.2927,0.6011,0.9401,0.5923,0.8005,market_depth_limited,MEDIUM,HIGH,,True
BTN,BTN,2020,4.645,4.557,0.088,0.088,0.373,0.165,0.432,0.487,0.19,0.523,0.568,Pre-Breakout Signal,0.45,0.505,0.856,SR,Structural Risk,Knowledge / Service Economy,structural,0.1623,0.3815,0.4709,0.9705,0.6024,0.5449,0.1532,0.0374,0.063,0.9327,0.816,0.9306,0.6482,0.1725,0.3812,0.0956,0.5215,0.0514,0.6926,0.8561,0.8312,0.3723,clean,N/A,HIGH,,True
BTN,BTN,2021,5.011,4.923,0.088,0.088,0.48,0.109,0.612,0.495,0.389,0.565,0.508,Moderate Potential,0.35,0.609,0.637,SL,Stable / Low Opportunity,High-Growth Emerging Market,structural,0.3934,0.2405,0.4191,0.9899,0.6441,0.5599,0.1055,0.1141,0.0912,0.9093,0.8257,0.9305,0.709,0.4181,0.3971,0.093,0.5065,0.6226,0.6393,0.6371,0.3632,0.5623,clean,N/A,HIGH,,True
BTN,BTN,2022,4.568,4.48,0.088,0.088,0.415,0.106,0.589,0.485,0.342,0.434,0.483,Moderate Potential,0.35,0.516,0.652,SL,Stable / Low Opportunity,High-Growth Emerging Market,structural,0.5766,0.0986,0.4851,0.9987,0.5981,0.6413,0.0903,0.0142,0.1048,0.9557,0.8322,0.9358,0.7098,0.6181,0.1617,0.0934,0.487,0.3499,0.3836,0.6524,0.251,0.535,clean,N/A,HIGH,,True
BTN,BTN,2023,6.163,6.075,0.088,0.088,0.662,0.087,0.669,0.488,0.416,0.518,0.556,Pre-Breakout Signal,0.35,0.629,0.826,RO,Robust Opportunity,Diversified Emerging Market,structural,0.6605,0.9802,0.4169,0.9942,0.5597,0.5835,0.0991,0.0015,0.0888,0.9543,0.8408,0.9375,0.7097,0.7047,0.5183,0.0922,0.4841,0.3947,0.4343,0.8262,0.2608,0.8285,market_depth_limited,MEDIUM,HIGH,,True
BTN,BTN,2024,6.494,6.406,0.088,0.088,0.659,0.116,0.665,0.504,0.399,0.658,0.652,Pre-Breakout Signal,0.438,0.724,0.918,RO,Robust Opportunity,Diversified Emerging Market,structural,0.6459,0.9474,0.4217,0.9944,0.5392,0.5873,0.1256,0.0369,0.0903,0.9618,0.8565,0.947,0.7098,0.6995,0.4073,0.0932,0.4891,0.9702,0.5766,0.9182,0.4622,0.9398,market_depth_limited,MEDIUM,HIGH,,True
BWA,BWA,2010,7.474,7.102,0.372,0.372,0.859,0.127,0.694,0.703,0.495,,0.545,Moderate Potential,0.45,0.713,0.5,FO,Fragile Opportunity,High-Growth Emerging Market,structural,0.9169,0.5939,0.3808,0.9061,0.7333,0.3266,0.718,0.3554,0.9066,0.9414,0.8476,0.8923,0.7462,0.8955,0.0803,0.6794,0.8257,,,,,,clean,N/A,HIGH,secondary_school_enrolment,True
BWA,BWA,2011,7.517,7.145,0.372,0.372,0.785,0.151,0.62,0.72,0.469,,0.529,Moderate Potential,0.45,0.652,0.5,FO,Fragile Opportunity,Advanced Economy,structural,0.715,0.3934,0.3702,0.9426,0.7361,0.4061,0.7021,0.4884,0.8902,0.9421,0.8516,0.8862,0.7704,0.6752,0.0842,0.6737,0.8242,,,,,,clean,N/A,HIGH,secondary_school_enrolment,False
BWA,BWA,2012,5.729,5.357,0.372,0.372,0.617,0.181,0.559,0.715,0.387,0.38,0.425,Moderate Potential,0.45,0.481,0.343,FO,Fragile Opportunity,Advanced Economy,stable,0.3116,0.5689,0.3953,0.8943,0.7171,0.3659,0.7277,0.3997,0.8773,0.9381,0.836,0.8941,0.744,0.3049,0.1015,0.6674,0.8456,0.0263,0.3192,0.3433,0.6503,0.3784,clean,N/A,HIGH,secondary_school_enrolment,True
BWA,BWA,2013,6.52,6.148,0.372,0.372,0.828,0.168,0.588,0.774,0.513,0.492,0.327,Low Takeoff Signal,0.45,0.593,0.112,FO,Fragile Opportunity,Advanced Economy,structural,0.9313,0.7664,0.3284,0.4944,0.3611,0.5149,0.7641,0.6566,0.8764,0.9365,0.8143,0.8871,0.7641,0.9411,0.1074,0.6637,0.8227,0.7019,0.1571,0.1121,0.7979,0.7412,clean,N/A,HIGH,secondary_school_enrolment,True
BWA,BWA,2014,5.683,5.311,0.372,0.372,0.749,0.192,0.529,0.79,0.482,0.576,0.213,Low Takeoff Signal,0.233,0.589,0.058,FO,Fragile Opportunity,Advanced Economy,structural,0.7475,0.4332,0.4544,0.5225,0.6537,0.5229,0.7799,0.8878,0.8837,0.9235,0.801,0.8582,0.7761,0.7627,0.0997,0.6646,0.8176,0.7005,0.622,0.0583,0.869,0.8822,clean,N/A,HIGH,secondary_school_enrolment,True
BWA,BWA,2015,4.047,3.675,0.372,0.372,0.441,0.23,0.419,0.758,0.299,0.525,0.22,Low Takeoff Signal,0.337,0.538,0.048,SR,Structural Risk,Advanced Economy,structural,0.0376,0.3775,0.4136,0.6705,0.6566,0.5794,0.8043,0.7573,0.8755,0.9294,0.7482,0.8491,0.737,0.0381,0.0906,0.6646,0.7716,0.3299,0.8104,0.0475,0.9016,0.9553,clean,N/A,HIGH,secondary_school_enrolment,True
BWA,BWA,2016,5.534,5.162,0.372,0.372,0.694,0.189,0.505,0.778,0.49,0.549,0.254,Low Takeoff Signal,0.44,0.61,0.049,FO,Fragile Opportunity,Advanced Economy,structural,0.8861,0.3654,0.3246,0.3733,0.7551,0.5653,0.8412,0.9213,0.8693,0.9149,0.7338,0.8567,0.7714,0.8878,0.0801,0.6658,0.7716,0.5745,0.6202,0.0485,0.9118,0.9365,clean,N/A,HIGH,secondary_school_enrolment,True
BWA,BWA,2017,4.933,4.561,0.372,0.372,0.587,0.2,0.471,0.774,0.451,0.499,0.247,Low Takeoff Signal,0.442,0.524,0.052,FO,Fragile Opportunity,Advanced Economy,structural,0.5601,0.3428,0.4288,0.5353,0.6181,0.5518,0.8558,0.867,0.8833,0.9198,0.7405,0.8405,0.7718,0.5494,0.0689,0.667,0.7392,0.393,0.5515,0.0519,0.8781,0.8095,clean,N/A,HIGH,secondary_school_enrolment,True
BWA,BWA,2018,5.491,5.119,0.372,0.372,0.656,0.178,0.55,0.751,0.455,0.458,0.299,Low Takeoff Signal,0.471,0.531,0.09,FO,Fragile Opportunity,Advanced Economy,structural,0.6213,0.5389,0.4527,0.5571,0.6324,0.5355,0.8558,0.6303,0.8948,0.9156,0.7425,0.8547,0.7433,0.6029,0.0653,0.6687,0.7531,0.5683,0.25,0.0902,0.8862,0.633,clean,N/A,HIGH,secondary_school_enrolment,True
BWA,BWA,2019,5.617,5.245,0.372,0.372,0.623,0.185,0.507,0.723,0.428,0.572,0.384,Low Takeoff Signal,0.2,0.567,0.521,FO,Fragile Opportunity,Advanced Economy,structural,0.5212,0.3945,0.4143,0.7955,0.6124,0.5386,0.847,0.2699,0.9014,0.9367,0.7551,0.8445,0.7481,0.5022,0.0592,0.6701,0.7036,0.7898,0.3204,0.5215,0.7244,0.542,clean,N/A,HIGH,secondary_school_enrolment,True
BWA,BWA,2020,5.35,4.978,0.372,0.372,0.512,0.218,0.451,0.695,0.208,0.491,0.475,Moderate Potential,0.45,0.486,0.494,SR,Structural Risk,Knowledge / Service Economy,structural,0.2188,0.3907,0.4759,0.8905,0.7702,0.5493,0.8569,0.1071,0.8952,0.9286,0.7151,0.8158,0.7647,0.2034,0.0466,0.6791,0.705,0.0514,0.5817,0.4936,0.8347,0.5781,clean,N/A,HIGH,secondary_school_enrolment,True
BWA,BWA,2021,5.245,4.873,0.372,0.372,0.556,0.175,0.61,0.737,0.395,0.486,0.38,Low Takeoff Signal,0.2,0.582,0.489,SR,Structural Risk,High-Growth Emerging Market,structural,0.9,0.8726,0.3943,0.6903,0.3047,0.5506,0.8572,0.4671,0.887,0.9265,0.7313,0.8162,0.7642,0.8611,0.0266,0.6802,0.7228,0.72,0.0356,0.4893,0.801,0.4347,clean,N/A,HIGH,,True
BWA,BWA,2022,4.747,4.375,0.372,0.372,0.485,0.198,0.479,0.741,0.374,0.489,0.348,Low Takeoff Signal,0.2,0.482,0.456,SR,Structural Risk,High-Growth Emerging Market,structural,0.5945,0.1457,0.5295,0.6276,0.3008,0.5568,0.8731,0.5202,0.8856,0.9303,0.7288,0.805,0.7648,0.5738,0.0195,0.6806,0.7401,0.6023,0.3869,0.4564,0.8131,0.2486,clean,N/A,HIGH,,True
BWA,BWA,2023,4.938,4.566,0.372,0.372,0.514,0.217,0.46,0.741,0.327,0.582,0.358,Low Takeoff Signal,0.2,0.529,0.446,SR,Structural Risk,Diversified Emerging Market,structural,0.5341,0.1025,0.5516,0.8351,0.3105,0.5855,0.8637,0.5269,0.8855,0.9179,0.7252,0.7958,0.7646,0.5026,0.0122,0.6782,0.7244,0.4234,0.9725,0.4462,0.5931,0.6975,clean,N/A,HIGH,,True
BWA,BWA,2024,4.388,4.016,0.372,0.372,0.344,0.217,0.433,0.703,0.232,0.47,0.461,Moderate Potential,0.35,0.479,0.609,SR,Structural Risk,Diversified Emerging Market,structural,0.0782,0.3737,0.4682,0.9527,0.2977,0.5873,0.8025,0.3247,0.8744,0.9305,0.7184,0.8027,0.7648,0.0704,0.0105,0.6783,0.7076,0.1608,0.9335,0.6088,0.1906,0.6423,clean,N/A,HIGH,,True
CAF,CAF,2010,4.147,4.085,0.062,0.062,0.271,0.129,0.387,0.411,0.292,,0.451,Moderate Potential,0.45,0.413,0.5,SR,Structural Risk,Diversified Emerging Market,structural,0.4568,0.8898,0.4116,0.1501,0.0427,0.8007,0.7866,0.2768,0.7633,0.0555,0.1112,0.1776,0.5431,0.7262,0.7289,0.0668,0.1154,,,,,,clean,N/A,HIGH,secondary_school_enrolment,False
CAF,CAF,2011,3.911,3.849,0.062,0.062,0.232,0.135,0.354,0.407,0.269,,0.444,Moderate Potential,0.45,0.395,0.5,SR,Structural Risk,Diversified Emerging Market,structural,0.5271,0.7867,0.3588,0.0919,0.0182,0.6232,0.7859,0.3599,0.8022,0.0807,0.1075,0.1758,0.5755,0.5098,0.7314,0.0663,0.119,,,,,,clean,N/A,HIGH,,False
CAF,CAF,2012,2.333,2.271,0.062,0.062,0.179,0.115,0.302,0.375,0.279,0.38,0.224,Low Takeoff Signal,0.45,0.314,0.067,SL,Stable / Low Opportunity,Diversified Emerging Market,structural,0.564,0.481,0.427,0.0543,0.0162,0.4724,0.6721,0.4063,0.8149,0.0503,0.0922,0.195,0.509,0.5838,0.7374,0.0658,0.1169,0.721,0.4344,0.067,0.0545,0.057,clean,N/A,HIGH,,True
CAF,CAF,2013,1.571,1.509,0.062,0.062,0.075,0.137,0.107,0.332,0.027,0.38,0.167,Low Takeoff Signal,0.45,0.2,0.043,SR,Structural Risk,Diversified Emerging Market,structural,0.0,0.2188,0.3157,0.0294,0.0169,0.618,0.4492,0.4605,0.6624,0.0325,0.0476,0.1469,0.3143,0.0,0.7433,0.0617,0.0759,0.0254,0.1838,0.0427,0.0286,0.1823,clean,N/A,HIGH,,True
CAF,CAF,2014,1.455,1.393,0.062,0.062,0.106,0.083,0.314,0.198,0.21,0.38,0.089,Low Takeoff Signal,0.065,0.245,0.04,SL,Stable / Low Opportunity,Diversified Emerging Market,structural,0.1727,0.5549,0.381,0.3524,0.0165,0.0752,0.3367,0.1327,0.6913,0.0145,0.0506,0.1333,0.3368,0.3407,0.7417,0.0582,0.0611,0.021,0.0705,0.04,0.0367,0.1216,clean,N/A,HIGH,,True
CAF,CAF,2015,2.049,1.987,0.062,0.062,0.152,0.081,0.366,0.234,0.225,0.38,0.185,Low Takeoff Signal,0.325,0.341,0.048,SL,Stable / Low Opportunity,Diversified Emerging Market,structural,0.636,0.5431,0.3372,0.3557,0.017,0.3893,0.4182,0.2258,0.6375,0.0388,0.0602,0.1099,0.2078,0.76,0.74,0.0562,0.0584,0.6473,0.2591,0.0475,0.0274,0.0741,clean,N/A,HIGH,,True
CAF,CAF,2016,2.898,2.836,0.062,0.062,0.181,0.122,0.324,0.34,0.22,0.456,0.378,Low Takeoff Signal,0.356,0.461,0.322,SR,Structural Risk,Diversified Emerging Market,structural,0.7076,0.3667,0.2974,0.3918,0.0137,0.6487,0.5309,0.3975,0.6902,0.059,0.0614,0.1181,0.1461,0.6681,0.7417,0.0547,0.0686,0.8749,0.3709,0.3215,0.3676,0.4688,clean,N/A,HIGH,,True
CAF,CAF,2017,1.062,4.448,-3.386,0.062,0.222,0.155,0.455,0.313,0.216,0.706,0.764,Strong Pre-Breakout Signal,0.736,0.651,0.962,SR,Structural Risk,Diversified Emerging Market,structural,0.603,0.6043,0.4086,0.5691,0.0154,0.5258,0.5807,0.2026,0.7337,0.0463,0.0691,0.1438,0.1863,0.5642,0.7344,0.0535,0.0686,0.9484,0.6399,0.9615,0.8445,0.6408,narrative_inconsistency,HIGH,HIGH,,True
CAF,CAF,2018,1.442,4.178,-2.736,0.062,0.177,0.175,0.302,0.318,0.225,0.75,0.756,Strong Pre-Breakout Signal,0.752,0.616,0.967,SR,Structural Risk,Diversified Emerging Market,structural,0.5682,0.0874,0.4439,0.5624,0.0144,0.5354,0.5866,0.2033,0.7417,0.0361,0.0753,0.1381,0.3195,0.4983,0.7253,0.0527,0.0786,0.8851,0.7692,0.9667,0.933,0.9621,narrative_inconsistency,HIGH,HIGH,,True
CAF,CAF,2019,1.66,3.776,-2.116,0.062,0.197,0.145,0.379,0.334,0.228,0.636,0.614,Pre-Breakout Signal,0.45,0.581,0.94,SR,Structural Risk,Diversified Emerging Market,structural,0.5284,0.445,0.4205,0.5736,0.0136,0.5411,0.6198,0.3558,0.7381,0.0389,0.0735,0.1367,0.3132,0.5187,0.7186,0.052,0.0795,0.1791,0.8521,0.9401,0.9312,0.8011,narrative_inconsistency,HIGH,HIGH,,True
CAF,CAF,2020,2.11,4.01,-1.9,0.062,0.272,0.14,0.353,0.325,0.208,0.602,0.568,Pre-Breakout Signal,0.45,0.507,0.85,SR,Structural Risk,Diversified Emerging Market,structural,0.7518,0.5265,0.4738,0.6489,0.0125,0.5499,0.7291,0.1645,0.7614,0.0164,0.0734,0.1155,0.2156,0.7353,0.7395,0.0513,0.0827,0.4526,0.6927,0.8496,0.871,0.3648,narrative_inconsistency,HIGH,HIGH,,True
CAF,CAF,2021,2.861,2.799,0.062,0.062,0.167,0.128,0.323,0.303,0.202,0.54,0.388,Low Takeoff Signal,0.2,0.479,0.655,SR,Structural Risk,Diversified Emerging Market,structural,0.1625,0.0789,0.4187,0.5882,0.0124,0.5938,0.6837,0.1147,0.7091,0.0241,0.0778,0.1079,0.4073,0.1453,0.7211,0.0502,0.0785,0.0121,0.5329,0.6555,0.8958,0.8562,clean,N/A,HIGH,,True
CAF,CAF,2022,3.017,2.955,0.062,0.062,0.156,0.116,0.318,0.293,0.213,0.479,0.448,Moderate Potential,0.45,0.418,0.484,SL,Stable / Low Opportunity,Diversified Emerging Market,structural,0.2725,0.1294,0.4951,0.5004,0.0126,0.6273,0.6474,0.1405,0.6853,0.036,0.0672,0.1092,0.4087,0.3598,0.7049,0.0496,0.0847,0.0339,0.3799,0.4839,0.8202,0.8482,clean,N/A,HIGH,,True
CAF,CAF,2023,2.484,2.422,0.062,0.062,0.147,0.097,0.387,0.294,0.204,0.38,0.313,Low Takeoff Signal,0.35,0.355,0.238,SL,Stable / Low Opportunity,Diversified Emerging Market,structural,0.3111,0.8981,0.4621,0.52,0.0133,0.5934,0.572,0.1686,0.6955,0.0387,0.0623,0.0985,0.4085,0.3375,0.6994,0.0489,0.0892,0.1982,0.5007,0.2382,0.1624,0.3637,clean,N/A,HIGH,,True
CAF,CAF,2024,2.122,2.06,0.062,0.062,0.137,0.101,0.365,0.3,0.192,0.38,0.229,Low Takeoff Signal,0.35,0.382,0.076,SL,Stable / Low Opportunity,Diversified Emerging Market,structural,0.3409,0.5362,0.447,0.5231,0.0117,0.5777,0.5382,0.1655,0.7209,0.0465,0.0651,0.1178,0.4084,0.1823,0.6974,0.0487,0.0949,0.168,0.8929,0.0764,0.1006,0.5861,clean,N/A,HIGH,,True
CAN,CAN,2010,8.068,6.973,1.095,1.095,0.785,0.12,0.464,0.638,0.651,,0.481,Moderate Potential,0.45,0.497,0.5,FO,Fragile Opportunity,Advanced Economy,structural,0.29,0.3946,0.3838,0.4387,0.8428,0.8029,0.0952,0.4121,0.355,0.9081,0.965,0.9785,0.7456,0.3143,0.5993,0.8698,0.958,,,,,,clean,N/A,HIGH,external_debt_pct_gni,False
CAN,CAN,2011,8.404,7.309,1.095,1.095,0.841,0.11,0.494,0.653,0.694,,0.491,Moderate Potential,0.45,0.529,0.5,RO,Robust Opportunity,Advanced Economy,structural,0.4463,0.4447,0.3755,0.4504,0.8362,0.6922,0.101,0.4476,0.5199,0.9242,0.964,0.9748,0.7529,0.4773,0.6217,0.869,0.9548,,,,,,clean,N/A,HIGH,external_debt_pct_gni,False
CAN,CAN,2012,7.959,6.864,1.095,1.095,0.864,0.104,0.509,0.634,0.678,0.524,0.472,Moderate Potential,0.45,0.537,0.43,RO,Robust Opportunity,Advanced Economy,structural,0.4,0.4462,0.4253,0.4816,0.8885,0.7902,0.1011,0.4494,0.3312,0.9225,0.9637,0.9727,0.7665,0.4186,0.6231,0.8677,0.9635,0.5191,0.7077,0.4298,0.3928,0.5706,clean,N/A,HIGH,external_debt_pct_gni,True
CAN,CAN,2013,8.257,7.162,1.095,1.095,0.881,0.09,0.523,0.607,0.7,0.571,0.529,Moderate Potential,0.45,0.581,0.572,RO,Robust Opportunity,Advanced Economy,structural,0.4149,0.4423,0.4485,0.4958,0.8728,0.7176,0.1227,0.455,0.1272,0.9151,0.9641,0.9732,0.7554,0.4546,0.6505,0.8673,0.9652,0.5369,0.9561,0.5715,0.4739,0.5205,clean,N/A,HIGH,external_debt_pct_gni,True
CAN,CAN,2014,7.92,6.825,1.095,1.095,0.882,0.085,0.544,0.613,0.715,0.585,0.434,Moderate Potential,0.254,0.594,0.564,RO,Robust Opportunity,Advanced Economy,structural,0.4383,0.4831,0.4597,0.502,0.8677,0.6322,0.1347,0.4755,0.2019,0.9251,0.9654,0.9725,0.7506,0.503,0.6456,0.8665,0.9648,0.6983,0.9483,0.564,0.7167,0.1976,clean,N/A,HIGH,external_debt_pct_gni,True
CAN,CAN,2015,7.432,6.337,1.095,1.095,0.787,0.104,0.497,0.603,0.673,0.584,0.442,Moderate Potential,0.195,0.58,0.834,RO,Robust Opportunity,Advanced Economy,structural,0.2754,0.4793,0.4458,0.4507,0.8611,0.624,0.1277,0.4854,0.2078,0.9355,0.9683,0.9739,0.7548,0.3398,0.6569,0.8659,0.9607,0.5123,0.9163,0.8336,0.7039,0.2057,clean,N/A,HIGH,external_debt_pct_gni,True
CAN,CAN,2016,7.412,6.317,1.095,1.095,0.764,0.111,0.477,0.61,0.673,0.585,0.47,Moderate Potential,0.227,0.573,0.875,RO,Robust Opportunity,Advanced Economy,structural,0.2927,0.4586,0.3938,0.4058,0.8589,0.5833,0.1468,0.5199,0.3688,0.938,0.9683,0.9756,0.7704,0.3217,0.6588,0.8647,0.9657,0.5003,0.6011,0.8745,0.7388,0.337,clean,N/A,HIGH,external_debt_pct_gni,True
CAN,CAN,2017,7.741,6.646,1.095,1.095,0.801,0.083,0.512,0.603,0.732,0.532,0.506,Moderate Potential,0.321,0.546,0.79,RO,Robust Opportunity,Advanced Economy,structural,0.4452,0.4042,0.4275,0.452,0.8623,0.5606,0.1676,0.4617,0.3463,0.9202,0.9685,0.9735,0.7596,0.4602,0.6899,0.8641,0.97,0.5587,0.06,0.7901,0.7385,0.5519,clean,N/A,HIGH,external_debt_pct_gni,True
CAN,CAN,2018,7.62,6.525,1.095,1.095,0.815,0.082,0.519,0.593,0.713,0.526,0.451,Moderate Potential,0.359,0.533,0.485,RO,Robust Opportunity,Advanced Economy,structural,0.4247,0.4578,0.4607,0.4185,0.861,0.5355,0.1725,0.4763,0.2839,0.9064,0.9686,0.9688,0.7109,0.4002,0.691,0.863,0.9582,0.5603,0.2439,0.4847,0.7172,0.6232,clean,N/A,HIGH,external_debt_pct_gni,True
CAN,CAN,2019,7.059,5.964,1.095,1.095,0.785,0.09,0.5,0.589,0.686,0.516,0.34,Low Takeoff Signal,0.25,0.525,0.294,RO,Robust Opportunity,Advanced Economy,structural,0.4032,0.4466,0.4381,0.4121,0.8556,0.5386,0.1914,0.501,0.2421,0.9006,0.9657,0.9675,0.6958,0.3758,0.6843,0.8632,0.9599,0.7027,0.5659,0.2942,0.7335,0.2858,clean,N/A,HIGH,external_debt_pct_gni,True
CAN,CAN,2020,6.059,4.964,1.095,1.095,0.692,0.142,0.415,0.586,0.466,0.447,0.203,Low Takeoff Signal,0.25,0.431,0.066,FO,Fragile Opportunity,Knowledge / Service Economy,structural,0.4109,0.4728,0.4994,0.4704,0.8455,0.5519,0.1383,0.4704,0.3805,0.9086,0.9589,0.9581,0.7363,0.4146,0.4432,0.8596,0.9577,0.659,0.6929,0.0655,0.4291,0.387,clean,N/A,HIGH,external_debt_pct_gni,True
CAN,CAN,2021,6.521,5.426,1.095,1.095,0.785,0.061,0.591,0.596,0.749,0.44,0.191,Low Takeoff Signal,0.25,0.528,0.042,FO,Fragile Opportunity,Advanced Economy,stable,0.5259,0.2846,0.4544,0.5302,0.8344,0.5794,0.1515,0.5509,0.3219,0.8765,0.9582,0.9578,0.6267,0.5546,0.6385,0.8648,0.9578,0.716,0.6565,0.0422,0.0887,0.6959,clean,N/A,HIGH,external_debt_pct_gni,True
CAN,CAN,2022,6.522,5.427,1.095,1.095,0.79,0.072,0.575,0.594,0.723,0.405,0.184,Low Takeoff Signal,0.25,0.486,0.041,FO,Fragile Opportunity,Advanced Economy,stable,0.5077,0.3439,0.5132,0.5526,0.8204,0.6411,0.1504,0.5536,0.2748,0.8121,0.956,0.9611,0.6277,0.4686,0.7048,0.8665,0.9596,0.5261,0.3833,0.0412,0.3845,0.6874,clean,N/A,HIGH,external_debt_pct_gni,True
CAN,CAN,2023,6.315,5.22,1.095,1.095,0.748,0.104,0.512,0.601,0.617,0.405,0.189,Low Takeoff Signal,0.25,0.464,0.048,FO,Fragile Opportunity,Advanced Economy,stable,0.3805,0.5691,0.4816,0.5286,0.7953,0.5878,0.1335,0.5257,0.2773,0.8405,0.9501,0.9606,0.6275,0.2608,0.6684,0.8664,0.9549,0.3312,0.4122,0.0475,0.5347,0.7013,clean,N/A,HIGH,external_debt_pct_gni,True
CAN,CAN,2024,6.391,5.296,1.095,1.095,0.696,0.112,0.497,0.603,0.597,0.38,0.288,Low Takeoff Signal,0.25,0.441,0.207,RO,Robust Opportunity,Advanced Economy,stable,0.3458,0.402,0.4773,0.4972,0.7928,0.5861,0.1117,0.5383,0.2895,0.8513,0.9516,0.9595,0.6276,0.2134,0.5829,0.8647,0.9364,0.2261,0.4149,0.2066,0.4218,0.593,clean,N/A,HIGH,external_debt_pct_gni,True
CHE,CHE,2010,8.531,7.558,0.973,0.973,0.887,0.152,0.505,0.779,0.707,,0.491,Moderate Potential,0.45,0.529,0.5,FO,Fragile Opportunity,Advanced Economy,structural,0.3049,0.497,0.4138,0.573,0.7846,0.8909,0.5268,0.795,0.3862,0.9448,0.9755,0.9828,0.803,0.3386,0.783,0.8632,0.9655,,,,,,clean,N/A,HIGH,external_debt_pct_gni,False
CHE,CHE,2011,8.449,7.476,0.973,0.973,0.87,0.145,0.506,0.753,0.692,,0.493,Moderate Potential,0.45,0.535,0.5,FO,Fragile Opportunity,Advanced Economy,structural,0.3494,0.4377,0.3964,0.6616,0.7802,0.8029,0.5256,0.6424,0.3766,0.9532,0.9762,0.9823,0.8132,0.3669,0.7917,0.8632,0.9652,,,,,,clean,N/A,HIGH,external_debt_pct_gni,False
CHE,CHE,2012,8.465,7.492,0.973,0.973,0.912,0.151,0.506,0.783,0.703,0.587,0.574,Pre-Breakout Signal,0.45,0.571,0.767,FO,Fragile Opportunity,Advanced Economy,structural,0.3725,0.4282,0.4834,0.57,0.7797,0.851,0.5354,0.7032,0.5902,0.9527,0.9774,0.9845,0.8026,0.3923,0.7766,0.864,0.9706,0.323,0.933,0.7674,0.5446,0.5665,clean,N/A,HIGH,external_debt_pct_gni,True
CHE,CHE,2013,8.01,7.037,0.973,0.973,0.866,0.148,0.499,0.75,0.717,0.406,0.517,Moderate Potential,0.45,0.543,0.576,FO,Fragile Opportunity,Advanced Economy,stable,0.3721,0.5536,0.2043,0.5082,0.7839,0.7645,0.5697,0.7683,0.3519,0.9514,0.9751,0.9842,0.8034,0.3994,0.7683,0.8618,0.9678,0.4593,0.0991,0.576,0.7031,0.1952,clean,N/A,HIGH,external_debt_pct_gni,True
CHE,CHE,2014,7.555,6.582,0.973,0.973,0.872,0.139,0.488,0.753,0.732,0.541,0.382,Low Takeoff Signal,0.189,0.531,0.591,FO,Fragile Opportunity,Advanced Economy,structural,0.3787,0.3752,0.4439,0.5385,0.7741,0.7538,0.5855,0.8021,0.4051,0.9523,0.9772,0.9873,0.8043,0.4119,0.769,0.8635,0.977,0.6852,0.5023,0.5911,0.7622,0.1758,clean,N/A,HIGH,external_debt_pct_gni,True
CHE,CHE,2015,7.931,6.958,0.973,0.973,0.901,0.124,0.575,0.763,0.715,0.581,0.442,Moderate Potential,0.321,0.506,0.546,FO,Fragile Opportunity,Advanced Economy,structural,0.3645,0.4853,0.813,0.5121,0.7935,0.6827,0.6318,0.9262,0.4681,0.9454,0.9763,0.987,0.7665,0.3993,0.7649,0.8675,0.9694,0.6553,0.9163,0.5462,0.8325,0.2014,clean,N/A,HIGH,external_debt_pct_gni,True
CHE,CHE,2016,7.868,6.895,0.973,0.973,0.92,0.096,0.619,0.721,0.732,0.591,0.396,Low Takeoff Signal,0.321,0.419,0.473,RO,Robust Opportunity,Advanced Economy,structural,0.4032,0.502,0.992,0.5429,0.7922,0.5992,0.6808,0.9097,0.3,0.9428,0.9764,0.9865,0.802,0.4423,0.7716,0.8675,0.9738,0.6184,0.9254,0.4734,0.8892,0.3614,clean,N/A,HIGH,external_debt_pct_gni,True
CHE,CHE,2017,7.897,6.924,0.973,0.973,0.875,0.113,0.573,0.717,0.716,0.628,0.471,Moderate Potential,0.337,0.564,0.566,RO,Robust Opportunity,Advanced Economy,structural,0.2822,0.3873,0.7245,0.5939,0.791,0.5668,0.6747,0.8592,0.372,0.9384,0.977,0.9871,0.803,0.3201,0.7785,0.867,0.9733,0.5282,0.9577,0.5657,0.8337,0.5461,clean,N/A,HIGH,external_debt_pct_gni,True
CHE,CHE,2018,7.506,6.533,0.973,0.973,0.804,0.14,0.462,0.731,0.764,0.436,0.47,Moderate Potential,0.371,0.532,0.534,FO,Fragile Opportunity,Advanced Economy,stable,0.4406,0.4558,0.2368,0.5479,0.7928,0.5356,0.6969,0.8474,0.4608,0.9476,0.9784,0.9864,0.7711,0.5165,0.7703,0.8679,0.9688,0.5345,0.017,0.5344,0.8009,0.3444,clean,N/A,HIGH,external_debt_pct_gni,True
CHE,CHE,2019,7.41,6.437,0.973,0.973,0.822,0.143,0.503,0.743,0.713,0.435,0.416,Moderate Potential,0.25,0.485,0.629,FO,Fragile Opportunity,Advanced Economy,stable,0.328,0.4325,0.4412,0.597,0.7923,0.5398,0.7067,0.7508,0.608,0.9418,0.9771,0.9863,0.7722,0.3751,0.7653,0.8714,0.9654,0.458,0.0263,0.6295,0.7375,0.3258,clean,N/A,HIGH,external_debt_pct_gni,True
CHE,CHE,2020,7.58,6.607,0.973,0.973,0.874,0.15,0.427,0.702,0.639,0.473,0.385,Low Takeoff Signal,0.25,0.588,0.39,FO,Fragile Opportunity,Knowledge / Service Economy,structural,0.5881,0.5055,0.1119,0.8026,0.794,0.5549,0.738,0.6217,0.4726,0.9323,0.9735,0.9864,0.7954,0.6177,0.7947,0.8732,0.9614,0.7205,0.0171,0.3902,0.8407,0.4871,clean,N/A,HIGH,external_debt_pct_gni,True
CHE,CHE,2021,7.228,6.255,0.973,0.973,0.854,0.113,0.574,0.767,0.823,0.494,0.318,Low Takeoff Signal,0.25,0.625,0.192,RO,Robust Opportunity,Advanced Economy,structural,0.4916,0.5312,0.2462,0.6301,0.7876,0.6018,0.7435,0.8368,0.6253,0.9222,0.9725,0.982,0.7939,0.5047,0.7861,0.8686,0.9664,0.7423,0.0356,0.1916,0.8826,0.8068,clean,N/A,HIGH,external_debt_pct_gni,True
CHE,CHE,2022,7.085,6.112,0.973,0.973,0.868,0.13,0.535,0.78,0.783,0.557,0.258,Low Takeoff Signal,0.25,0.574,0.105,FO,Fragile Opportunity,Advanced Economy,structural,0.4305,0.3969,0.4604,0.5263,0.7786,0.6909,0.7714,0.8405,0.5522,0.9231,0.9727,0.982,0.7944,0.4592,0.7938,0.8668,0.9679,0.4742,0.7063,0.1046,0.8256,0.8486,clean,N/A,HIGH,external_debt_pct_gni,True
CHE,CHE,2023,7.315,6.342,0.973,0.973,0.826,0.164,0.465,0.777,0.7,0.458,0.384,Low Takeoff Signal,0.25,0.605,0.372,FO,Fragile Opportunity,Advanced Economy,structural,0.3097,0.4206,0.0831,0.6473,0.7808,0.5971,0.7578,0.778,0.5713,0.9147,0.973,0.9827,0.7943,0.32,0.7591,0.8647,0.9703,0.2335,0.434,0.3719,0.6549,0.5962,clean,N/A,HIGH,external_debt_pct_gni,True
CHE,CHE,2024,7.635,6.662,0.973,0.973,0.853,0.154,0.483,0.776,0.715,0.494,0.433,Moderate Potential,0.25,0.602,0.558,FO,Fragile Opportunity,Advanced Economy,structural,0.3232,0.3805,0.1979,0.7071,0.7601,0.5955,0.7648,0.7896,0.5273,0.9237,0.9711,0.9786,0.7945,0.3232,0.7506,0.8649,0.9695,0.1618,0.9741,0.5582,0.4806,0.5181,clean,N/A,HIGH,external_debt_pct_gni,True
CHL,CHL,2010,8.08,7.274,0.806,0.806,0.837,0.152,0.524,0.746,0.605,,0.488,Moderate Potential,0.45,0.518,0.5,FO,Fragile Opportunity,Advanced Economy,structural,0.5985,0.3175,0.5225,0.5108,0.7163,0.7495,0.8733,0.5264,0.3485,0.8883,0.9329,0.9536,0.3855,0.6542,0.4456,0.783,0.9435,,,,,,clean,N/A,HIGH,external_debt_pct_gni,False
CHL,CHL,2011,8.395,7.589,0.806,0.806,0.886,0.119,0.592,0.706,0.633,,0.502,Moderate Potential,0.45,0.56,0.5,RO,Robust Opportunity,Advanced Economy,structural,0.675,0.4483,0.6117,0.5746,0.7038,0.6194,0.8535,0.3997,0.4233,0.8336,0.9179,0.9539,0.4479,0.7038,0.4858,0.7803,0.9451,,,,,,clean,N/A,HIGH,external_debt_pct_gni,False
CHL,CHL,2012,7.601,6.795,0.806,0.806,0.923,0.117,0.595,0.72,0.668,0.501,0.364,Low Takeoff Signal,0.45,0.543,0.178,RO,Robust Opportunity,Advanced Economy,structural,0.6174,0.4251,0.5967,0.6693,0.6656,0.7656,0.8507,0.4116,0.4159,0.8268,0.9185,0.9491,0.5132,0.6373,0.5316,0.787,0.9498,0.7333,0.9669,0.1783,0.3501,0.4957,clean,N/A,HIGH,external_debt_pct_gni,True
CHL,CHL,2013,6.995,6.189,0.806,0.806,0.848,0.131,0.561,0.699,0.641,0.38,0.308,Low Takeoff Signal,0.45,0.425,0.137,FO,Fragile Opportunity,Advanced Economy,stable,0.4967,0.448,0.607,0.6228,0.7612,0.5872,0.8477,0.4116,0.3982,0.8283,0.913,0.9466,0.5369,0.5511,0.545,0.7854,0.9458,0.3477,0.5767,0.1367,0.4736,0.2051,clean,N/A,HIGH,external_debt_pct_gni,True
CHL,CHL,2014,6.158,5.352,0.806,0.806,0.762,0.142,0.523,0.701,0.608,0.38,0.205,Low Takeoff Signal,0.179,0.37,0.12,FO,Fragile Opportunity,Advanced Economy,stable,0.319,0.4266,0.6089,0.5174,0.759,0.4666,0.8478,0.4298,0.5038,0.8448,0.9061,0.9427,0.5344,0.3733,0.5264,0.7745,0.933,0.0212,0.6319,0.1198,0.4229,0.1621,clean,N/A,HIGH,external_debt_pct_gni,True
CHL,CHL,2015,6.063,5.257,0.806,0.806,0.752,0.135,0.515,0.692,0.643,0.38,0.193,Low Takeoff Signal,0.155,0.348,0.126,FO,Fragile Opportunity,Advanced Economy,stable,0.4143,0.4243,0.5536,0.5378,0.7619,0.5474,0.8536,0.5252,0.4875,0.8466,0.8937,0.9123,0.5951,0.4632,0.5594,0.7739,0.915,0.0293,0.1301,0.1256,0.5503,0.1695,clean,N/A,HIGH,external_debt_pct_gni,True
CHL,CHL,2016,5.713,4.907,0.806,0.806,0.71,0.139,0.487,0.681,0.633,0.38,0.159,Low Takeoff Signal,0.199,0.333,0.052,FO,Fragile Opportunity,Advanced Economy,stable,0.3676,0.4497,0.527,0.4516,0.7642,0.5684,0.8491,0.5449,0.4473,0.8357,0.8898,0.902,0.6511,0.3916,0.5528,0.7623,0.9184,0.113,0.0195,0.052,0.4394,0.2786,clean,N/A,HIGH,external_debt_pct_gni,True
CHL,CHL,2017,5.309,4.503,0.806,0.806,0.605,0.157,0.451,0.691,0.577,0.38,0.204,Low Takeoff Signal,0.348,0.387,0.052,FO,Fragile Opportunity,Advanced Economy,stable,0.2817,0.3821,0.4332,0.4007,0.774,0.5578,0.8303,0.4645,0.5368,0.8346,0.8882,0.9044,0.5667,0.2623,0.4661,0.7544,0.913,0.2506,0.0413,0.0519,0.3548,0.7111,clean,N/A,HIGH,external_debt_pct_gni,True
CHL,CHL,2018,6.271,5.465,0.806,0.806,0.743,0.122,0.538,0.662,0.625,0.38,0.265,Low Takeoff Signal,0.376,0.482,0.088,FO,Fragile Opportunity,Advanced Economy,stable,0.5952,0.4706,0.4629,0.4635,0.7821,0.5355,0.8162,0.3602,0.4033,0.8526,0.888,0.9025,0.5466,0.5229,0.4299,0.756,0.9059,0.698,0.0169,0.0877,0.2605,0.9621,clean,N/A,HIGH,external_debt_pct_gni,True
CHL,CHL,2019,5.781,4.975,0.806,0.806,0.632,0.137,0.482,0.644,0.554,0.38,0.295,Low Takeoff Signal,0.45,0.426,0.117,FO,Fragile Opportunity,Advanced Economy,stable,0.2823,0.4237,0.4604,0.5156,0.7958,0.5381,0.8019,0.3423,0.51,0.6802,0.8762,0.9069,0.6675,0.2434,0.3906,0.7568,0.8868,0.4569,0.3299,0.1175,0.1759,0.6517,clean,N/A,HIGH,external_debt_pct_gni,True
CHL,CHL,2020,5.347,4.541,0.806,0.806,0.596,0.174,0.41,0.648,0.368,0.382,0.229,Low Takeoff Signal,0.45,0.387,0.056,FO,Fragile Opportunity,Knowledge / Service Economy,structural,0.3467,0.5433,0.5412,0.3836,0.7885,0.5477,0.81,0.4746,0.5317,0.6721,0.8399,0.9145,0.4721,0.3587,0.3074,0.7467,0.859,0.471,0.7274,0.0564,0.3321,0.3238,clean,N/A,HIGH,external_debt_pct_gni,True
CHL,CHL,2021,5.379,4.573,0.806,0.806,0.598,0.117,0.619,0.626,0.496,0.383,0.234,Low Takeoff Signal,0.45,0.53,0.042,FO,Fragile Opportunity,Advanced Economy,stable,0.8793,0.1965,0.4785,0.5192,0.819,0.5619,0.7757,0.2201,0.5394,0.6843,0.8451,0.9075,0.1836,0.8818,0.4015,0.7405,0.8484,0.7652,0.9647,0.0422,0.2923,0.0819,clean,N/A,HIGH,external_debt_pct_gni,True
CHL,CHL,2022,4.902,4.096,0.806,0.806,0.521,0.133,0.546,0.611,0.442,0.38,0.218,Low Takeoff Signal,0.45,0.428,0.042,SR,Structural Risk,Advanced Economy,stable,0.3726,0.2606,0.5671,0.5775,0.8068,0.5513,0.7658,0.2397,0.5292,0.6116,0.8467,0.909,0.1847,0.4214,0.4165,0.7445,0.8429,0.4279,0.9807,0.0424,0.1385,0.1426,clean,N/A,HIGH,external_debt_pct_gni,True
CHL,CHL,2023,4.712,3.906,0.806,0.806,0.484,0.159,0.492,0.637,0.381,0.38,0.221,Low Takeoff Signal,0.2,0.403,0.122,SR,Structural Risk,Advanced Economy,stable,0.297,0.4013,0.6144,0.4973,0.8106,0.5828,0.7519,0.4044,0.4561,0.6482,0.8272,0.8932,0.1845,0.3658,0.2699,0.7388,0.8468,0.2473,0.7187,0.1222,0.0737,0.719,clean,N/A,HIGH,external_debt_pct_gni,True
CHL,CHL,2024,5.546,4.74,0.806,0.806,0.559,0.155,0.538,0.653,0.411,0.38,0.339,Low Takeoff Signal,0.2,0.441,0.46,SR,Structural Risk,Advanced Economy,stable,0.4504,0.5665,0.4996,0.4996,0.8063,0.5662,0.7278,0.488,0.4488,0.6921,0.8334,0.9037,0.1843,0.5281,0.3015,0.7436,0.8314,0.1725,0.389,0.4595,0.1006,0.5933,clean,N/A,HIGH,external_debt_pct_gni,True
CHN,China,2010,9.315,7.88,1.435,1.435,0.911,0.03,0.704,0.517,0.619,,0.544,Moderate Potential,0.45,0.707,0.5,RO,Robust Opportunity,High-Growth Emerging Market,structural,0.9324,0.4916,0.441,0.992,0.7134,0.6137,0.6359,0.6019,0.9222,0.3155,0.2817,0.3063,0.6047,0.9633,0.7428,0.4791,0.4507,,,,,,clean,N/A,HIGH,export_growth,False
CHN,China,2011,9.26,7.825,1.435,1.435,0.901,0.036,0.697,0.525,0.612,,0.544,Moderate Potential,0.45,0.707,0.5,RO,Robust Opportunity,High-Growth Emerging Market,structural,0.8487,0.5358,0.4172,0.9857,0.7177,0.6336,0.6392,0.5474,0.9043,0.3346,0.3211,0.362,0.6011,0.8831,0.737,0.4862,0.4726,,,,,,clean,N/A,HIGH,export_growth,False
CHN,China,2012,8.401,6.966,1.435,1.435,0.876,0.051,0.652,0.532,0.599,0.433,0.483,Moderate Potential,0.45,0.572,0.43,RO,Robust Opportunity,High-Growth Emerging Market,structural,0.6943,0.4665,0.4268,0.9834,0.7042,0.705,0.6452,0.5777,0.9068,0.3434,0.2823,0.3489,0.6887,0.7229,0.7326,0.4929,0.4071,0.2059,0.1516,0.4301,0.6268,0.8461,clean,N/A,HIGH,export_growth,True
CHN,China,2013,8.159,6.724,1.435,1.435,0.857,0.052,0.647,0.523,0.608,0.393,0.444,Moderate Potential,0.45,0.547,0.342,RO,Robust Opportunity,High-Growth Emerging Market,structural,0.816,0.4363,0.423,0.9851,0.6744,0.6238,0.6346,0.5799,0.8901,0.3776,0.2595,0.369,0.7148,0.8714,0.7304,0.4998,0.4059,0.0658,0.2255,0.3418,0.5814,0.8057,clean,N/A,HIGH,export_growth,True
CHN,China,2014,8.022,6.587,1.435,1.435,0.836,0.058,0.645,0.543,0.626,0.38,0.437,Moderate Potential,0.352,0.532,0.448,RO,Robust Opportunity,High-Growth Emerging Market,structural,0.872,0.4418,0.435,0.9877,0.6625,0.6602,0.619,0.6534,0.8835,0.3547,0.2884,0.4528,0.7284,0.9219,0.7216,0.5047,0.4539,0.0454,0.1579,0.4479,0.4565,0.8073,clean,N/A,HIGH,export_growth,True
CHN,China,2015,7.852,6.417,1.435,1.435,0.808,0.062,0.64,0.551,0.629,0.381,0.431,Moderate Potential,0.363,0.54,0.406,RO,Robust Opportunity,High-Growth Emerging Market,structural,0.839,0.4711,0.3941,0.9712,0.6533,0.6149,0.6474,0.7711,0.9023,0.3461,0.2958,0.5031,0.7225,0.8872,0.7169,0.5105,0.435,0.2524,0.2417,0.4055,0.4226,0.5819,clean,N/A,HIGH,export_growth,True
CHN,China,2016,8.024,6.589,1.435,1.435,0.814,0.051,0.652,0.535,0.635,0.386,0.471,Moderate Potential,0.32,0.559,0.606,RO,Robust Opportunity,High-Growth Emerging Market,structural,0.8638,0.5133,0.3549,0.9691,0.6459,0.5777,0.5812,0.751,0.8835,0.3837,0.3086,0.5302,0.7588,0.9087,0.719,0.5165,0.4445,0.3475,0.2803,0.6059,0.2212,0.475,clean,N/A,HIGH,export_growth,True
CHN,China,2017,8.257,6.822,1.435,1.435,0.799,0.055,0.657,0.551,0.647,0.38,0.558,Pre-Breakout Signal,0.351,0.558,0.962,RO,Robust Opportunity,High-Growth Emerging Market,structural,0.8066,0.4671,0.4241,0.9848,0.6469,0.5605,0.5383,0.7087,0.8747,0.5238,0.3414,0.5511,0.7549,0.8505,0.7141,0.5223,0.4761,0.3189,0.0514,0.9615,0.1465,0.6034,clean,N/A,HIGH,export_growth,True
CHN,China,2018,8.617,7.182,1.435,1.435,0.84,0.044,0.653,0.533,0.649,0.419,0.597,Pre-Breakout Signal,0.413,0.571,0.967,RO,Robust Opportunity,High-Growth Emerging Market,structural,0.8714,0.4786,0.4525,0.9834,0.6435,0.5355,0.5223,0.6185,0.8837,0.4916,0.3486,0.5423,0.7242,0.9197,0.7223,0.5287,0.478,0.366,0.3483,0.9667,0.096,0.5369,clean,N/A,HIGH,export_growth,True
CHN,China,2019,8.255,6.82,1.435,1.435,0.812,0.055,0.629,0.535,0.645,0.38,0.538,Moderate Potential,0.35,0.529,0.904,RO,Robust Opportunity,High-Growth Emerging Market,structural,0.7981,0.4398,0.4219,0.9815,0.6425,0.5372,0.4927,0.6317,0.8792,0.5392,0.3368,0.5421,0.7238,0.8655,0.6863,0.5349,0.4895,0.2955,0.4686,0.9042,0.0654,0.1896,clean,N/A,HIGH,export_growth,True
CHN,China,2020,8.999,7.564,1.435,1.435,0.909,0.073,0.565,0.528,0.595,0.51,0.599,Pre-Breakout Signal,0.545,0.539,0.757,RO,Robust Opportunity,High-Growth Emerging Market,structural,0.8122,0.4776,0.4983,0.9861,0.6402,0.5529,0.5118,0.6856,0.8765,0.4653,0.3503,0.5731,0.7555,0.8522,0.6896,0.5374,0.5049,0.6045,0.6944,0.7573,0.131,0.3722,clean,N/A,HIGH,export_growth,True
CHN,China,2021,7.809,6.374,1.435,1.435,0.815,0.034,0.699,0.535,0.655,0.56,0.409,Moderate Potential,0.2,0.648,0.552,RO,Robust Opportunity,High-Growth Emerging Market,structural,0.7355,0.5551,0.4403,0.9853,0.6401,0.6025,0.4824,0.6458,0.8689,0.4975,0.3438,0.5835,0.7433,0.7753,0.6748,0.5341,0.5159,0.7171,0.6486,0.552,0.1309,0.8192,clean,N/A,HIGH,export_growth,True
CHN,China,2022,7.168,5.733,1.435,1.435,0.711,0.064,0.62,0.536,0.589,0.393,0.387,Low Takeoff Signal,0.2,0.522,0.587,RO,Robust Opportunity,High-Growth Emerging Market,structural,0.4365,0.5746,0.4955,0.9783,0.6327,0.7044,0.3854,0.6575,0.868,0.493,0.3442,0.5823,0.744,0.5265,0.5485,0.5385,0.4956,0.224,0.3718,0.5874,0.03,0.8987,clean,N/A,HIGH,export_growth; secondary_school_enrolment,True
CHN,China,2023,8.232,6.797,1.435,1.435,0.812,0.062,0.621,0.536,0.609,0.38,0.532,Moderate Potential,0.45,0.531,0.648,RO,Robust Opportunity,High-Growth Emerging Market,structural,0.7223,0.4263,0.4147,0.9848,0.6413,0.6099,0.321,0.6244,0.8754,0.525,0.3515,0.6164,0.7438,0.811,0.4947,0.5402,0.4967,0.2024,0.2081,0.6481,0.0506,0.8552,clean,N/A,HIGH,export_growth; secondary_school_enrolment,True
CHN,China,2024,8.055,6.62,1.435,1.435,0.812,0.061,0.632,0.535,0.608,0.38,0.482,Moderate Potential,0.545,0.478,0.421,RO,Robust Opportunity,High-Growth Emerging Market,structural,0.677,0.4892,0.4164,0.9836,0.6813,0.6001,0.2542,0.6758,0.8694,0.5675,0.3436,0.6103,0.744,0.791,0.5163,0.5459,0.4985,0.1627,0.0483,0.4206,0.1006,0.6541,clean,N/A,HIGH,export_growth; secondary_school_enrolment,True
CIV,Cte d'Ivoire,2010,4.381,3.801,0.58,0.58,0.225,0.111,0.345,0.329,0.315,,0.44,Moderate Potential,0.45,0.386,0.5,SL,Stable / Low Opportunity,Diversified Emerging Market,structural,0.704,0.1778,0.3624,0.343,0.147,0.5559,0.4692,0.5381,0.4681,0.0438,0.1227,0.1708,0.675,0.6226,0.7623,0.0676,0.1468,,,,,,clean,N/A,HIGH,secondary_school_enrolment,False
CIV,Cte d'Ivoire,2011,3.684,3.104,0.58,0.58,0.131,0.149,0.206,0.362,0.16,,0.388,Low Takeoff Signal,0.45,0.27,0.5,SR,Structural Risk,Diversified Emerging Market,structural,0.056,0.4036,0.3407,0.1528,0.1286,0.7186,0.4165,0.6679,0.3568,0.0714,0.1059,0.1957,0.6699,0.0437,0.7446,0.0674,0.1575,,,,,,clean,N/A,HIGH,secondary_school_enrolment,False
CIV,Cte d'Ivoire,2012,5.031,4.451,0.58,0.58,0.327,0.146,0.389,0.421,0.337,0.631,0.607,Pre-Breakout Signal,0.45,0.575,0.917,SR,Structural Risk,Diversified Emerging Market,structural,0.6842,0.5137,0.3928,0.2789,0.057,0.6508,0.7455,0.5065,0.6602,0.0916,0.1719,0.2296,0.6463,0.649,0.7393,0.0675,0.1995,0.7043,0.4217,0.9174,0.9383,0.5287,clean,N/A,HIGH,secondary_school_enrolment,True
CIV,Cte d'Ivoire,2013,5.624,5.044,0.58,0.58,0.413,0.158,0.405,0.466,0.384,0.711,0.643,Pre-Breakout Signal,0.45,0.664,0.938,SR,Structural Risk,Diversified Emerging Market,structural,0.9236,0.3068,0.3458,0.3974,0.15,0.7474,0.7565,0.5132,0.7297,0.1574,0.2129,0.2546,0.6738,0.9212,0.8199,0.075,0.231,0.93,0.557,0.9382,0.9248,0.8875,clean,N/A,HIGH,secondary_school_enrolment,True
CIV,Cte d'Ivoire,2014,6.431,5.851,0.58,0.58,0.481,0.165,0.43,0.526,0.406,0.72,0.764,Strong Pre-Breakout Signal,0.742,0.652,0.951,SR,Structural Risk,Diversified Emerging Market,structural,0.9438,0.4776,0.3973,0.3837,0.0729,0.6915,0.7548,0.6098,0.8581,0.1758,0.3,0.3993,0.6858,0.9207,0.8472,0.0789,0.2888,0.8947,0.6021,0.9513,0.9188,0.766,clean,N/A,HIGH,,True
CIV,Cte d'Ivoire,2015,5.88,5.3,0.58,0.58,0.445,0.156,0.412,0.515,0.408,0.653,0.666,Pre-Breakout Signal,0.526,0.62,0.952,SR,Structural Risk,Diversified Emerging Market,structural,0.8507,0.4625,0.3628,0.4297,0.0895,0.6314,0.7651,0.6412,0.8182,0.2514,0.2848,0.3919,0.6408,0.7556,0.8711,0.0834,0.3179,0.9137,0.7181,0.9521,0.9036,0.2952,clean,N/A,HIGH,,True
CIV,Cte d'Ivoire,2016,5.783,5.203,0.58,0.58,0.433,0.145,0.407,0.5,0.415,0.615,0.657,Pre-Breakout Signal,0.541,0.577,0.957,SR,Structural Risk,Diversified Emerging Market,structural,0.8845,0.4358,0.3375,0.4267,0.094,0.5917,0.7752,0.6365,0.8187,0.2365,0.2865,0.3675,0.6497,0.7856,0.8936,0.0889,0.3161,0.5027,0.6616,0.9566,0.5751,0.5848,clean,N/A,HIGH,,True
CIV,Cte d'Ivoire,2017,5.191,4.611,0.58,0.58,0.424,0.119,0.459,0.477,0.412,0.515,0.506,Moderate Potential,0.38,0.51,0.699,SL,Stable / Low Opportunity,Diversified Emerging Market,structural,0.8388,0.5546,0.4325,0.3058,0.1105,0.5676,0.762,0.5102,0.8024,0.1802,0.2798,0.3715,0.6636,0.7227,0.8403,0.0838,0.3275,0.0462,0.7945,0.6987,0.4964,0.5816,clean,N/A,HIGH,,True
CIV,Cte d'Ivoire,2018,4.373,3.793,0.58,0.58,0.322,0.122,0.365,0.46,0.402,0.443,0.432,Moderate Potential,0.441,0.419,0.438,SR,Structural Risk,Diversified Emerging Market,structural,0.702,0.3883,0.4464,0.3594,0.1188,0.5356,0.7394,0.3914,0.7952,0.2025,0.3074,0.3662,0.6611,0.5091,0.844,0.0878,0.3841,0.0302,0.6606,0.438,0.3827,0.7009,clean,N/A,HIGH,,True
CIV,Cte d'Ivoire,2019,5.52,4.94,0.58,0.58,0.418,0.109,0.441,0.453,0.43,0.491,0.606,Pre-Breakout Signal,0.545,0.499,0.862,SL,Stable / Low Opportunity,Diversified Emerging Market,structural,0.8391,0.485,0.4232,0.3573,0.1341,0.5389,0.7292,0.4869,0.7593,0.1737,0.3176,0.3383,0.6496,0.747,0.8542,0.0921,0.3751,0.3462,0.606,0.8617,0.2631,0.4893,clean,N/A,HIGH,,True
CIV,Cte d'Ivoire,2020,4.961,4.381,0.58,0.58,0.404,0.126,0.329,0.425,0.356,0.443,0.471,Reform Story,0.35,0.397,0.815,SR,Structural Risk,Diversified Emerging Market,structural,0.7424,0.5111,0.4898,0.4198,0.1412,0.549,0.7143,0.4036,0.7324,0.1388,0.3066,0.3389,0.6603,0.6784,0.8689,0.0904,0.3879,0.44,0.6877,0.8154,0.2702,0.0677,clean,N/A,HIGH,,True
CIV,Cte d'Ivoire,2021,4.367,3.787,0.58,0.58,0.366,0.085,0.478,0.429,0.423,0.384,0.364,Low Takeoff Signal,0.2,0.448,0.577,SL,Stable / Low Opportunity,Diversified Emerging Market,structural,0.6211,0.4504,0.4406,0.4897,0.1547,0.5733,0.6697,0.3565,0.7023,0.2245,0.2988,0.3635,0.6351,0.4795,0.8581,0.0891,0.3954,0.6402,0.5525,0.5771,0.1229,0.0288,clean,N/A,HIGH,,True
CIV,Cte d'Ivoire,2022,4.654,4.074,0.58,0.58,0.406,0.087,0.494,0.413,0.426,0.462,0.383,Low Takeoff Signal,0.2,0.481,0.626,SL,Stable / Low Opportunity,Diversified Emerging Market,structural,0.6526,0.366,0.5124,0.6612,0.1295,0.6619,0.5956,0.2784,0.6462,0.279,0.3288,0.3997,0.6361,0.5691,0.8482,0.09,0.4383,0.4023,0.8163,0.6261,0.03,0.5015,clean,N/A,HIGH,,True
CIV,Cte d'Ivoire,2023,4.927,4.347,0.58,0.58,0.45,0.085,0.49,0.403,0.43,0.47,0.394,Low Takeoff Signal,0.2,0.495,0.665,SL,Stable / Low Opportunity,Diversified Emerging Market,structural,0.8016,0.6245,0.5228,0.5665,0.2271,0.5824,0.579,0.2019,0.6249,0.2507,0.3314,0.406,0.6359,0.7092,0.8453,0.0899,0.4474,0.2808,0.9605,0.6648,0.0506,0.6041,clean,N/A,HIGH,,True
CIV,Cte d'Ivoire,2024,5.169,4.589,0.58,0.58,0.472,0.101,0.495,0.428,0.426,0.543,0.428,Moderate Potential,0.2,0.546,0.785,SL,Stable / Low Opportunity,Diversified Emerging Market,structural,0.7613,0.9077,0.4949,0.3635,0.2304,0.5846,0.5537,0.351,0.6014,0.2532,0.3441,0.4478,0.636,0.6611,0.8468,0.091,0.4537,0.5055,0.9741,0.7849,0.1006,0.6095,clean,N/A,HIGH,,True
CMR,CMR,2010,4.282,3.764,0.518,0.518,0.237,0.172,0.281,0.51,0.253,,0.413,Moderate Potential,0.45,0.321,0.5,SR,Structural Risk,Diversified Emerging Market,structural,0.2718,0.5071,0.3867,0.1941,0.0486,0.7798,0.8364,0.4234,0.9239,0.2965,0.1809,0.193,0.5807,0.1476,0.8242,0.0736,0.202,,,,,,clean,N/A,HIGH,secondary_school_enrolment,False
CMR,CMR,2011,4.444,3.926,0.518,0.518,0.257,0.16,0.314,0.494,0.283,,0.427,Moderate Potential,0.45,0.354,0.5,SR,Structural Risk,Diversified Emerging Market,structural,0.4647,0.4474,0.3754,0.2167,0.1429,0.6894,0.825,0.4535,0.9252,0.2904,0.1681,0.1588,0.5851,0.353,0.8215,0.0748,0.1913,,,,,,clean,N/A,HIGH,,False
CMR,CMR,2012,3.312,2.794,0.518,0.518,0.259,0.146,0.334,0.482,0.301,0.442,0.249,Low Takeoff Signal,0.45,0.429,0.066,SR,Structural Risk,Diversified Emerging Market,structural,0.5427,0.4328,0.4079,0.1921,0.1577,0.7063,0.8302,0.4571,0.9079,0.2731,0.1553,0.1274,0.5373,0.4709,0.8195,0.0763,0.1702,0.8993,0.4161,0.0664,0.5994,0.3787,clean,N/A,HIGH,,True
CMR,CMR,2013,3.229,2.711,0.518,0.518,0.262,0.139,0.354,0.478,0.311,0.427,0.221,Low Takeoff Signal,0.45,0.445,0.043,SR,Structural Risk,Diversified Emerging Market,structural,0.635,0.4499,0.3705,0.2195,0.1668,0.6768,0.8155,0.4495,0.8881,0.271,0.1506,0.1393,0.5504,0.5296,0.8205,0.0777,0.1699,0.93,0.4516,0.0427,0.5593,0.3322,clean,N/A,HIGH,,True
CMR,CMR,2014,4.32,3.802,0.518,0.518,0.311,0.13,0.41,0.462,0.33,0.47,0.45,Moderate Potential,0.475,0.476,0.397,SR,Structural Risk,Diversified Emerging Market,structural,0.7495,0.531,0.4228,0.251,0.2004,0.5933,0.8068,0.4144,0.8864,0.2087,0.1727,0.1485,0.5271,0.5916,0.82,0.0788,0.1992,0.8947,0.596,0.397,0.4332,0.1756,clean,N/A,HIGH,,True
CMR,CMR,2015,4.12,3.602,0.518,0.518,0.306,0.124,0.387,0.436,0.342,0.462,0.403,Moderate Potential,0.331,0.47,0.424,SR,Structural Risk,Diversified Emerging Market,structural,0.7518,0.4926,0.3943,0.2154,0.2125,0.6199,0.7427,0.4777,0.8365,0.1592,0.1628,0.1662,0.517,0.5975,0.8215,0.0822,0.2055,0.9137,0.6695,0.4239,0.2081,0.2562,clean,N/A,HIGH,,True
CMR,CMR,2016,4.175,3.657,0.518,0.518,0.302,0.127,0.379,0.431,0.34,0.483,0.424,Moderate Potential,0.385,0.465,0.425,SR,Structural Risk,Diversified Emerging Market,structural,0.686,0.4706,0.3786,0.2764,0.2107,0.5961,0.7666,0.5209,0.8217,0.154,0.1615,0.1546,0.5249,0.5025,0.8227,0.0858,0.2188,0.5753,0.6592,0.4255,0.0792,0.6736,clean,N/A,HIGH,,True
CMR,CMR,2017,3.65,3.132,0.518,0.518,0.248,0.123,0.345,0.41,0.32,0.441,0.358,Low Takeoff Signal,0.323,0.419,0.337,SR,Structural Risk,Diversified Emerging Market,structural,0.4992,0.3766,0.4388,0.2432,0.2112,0.5675,0.7265,0.472,0.7886,0.1409,0.1524,0.1488,0.5252,0.3414,0.8168,0.0894,0.1916,0.3132,0.6903,0.3366,0.1167,0.8361,clean,N/A,HIGH,,True
CMR,CMR,2018,3.225,2.707,0.518,0.518,0.238,0.104,0.366,0.387,0.33,0.38,0.256,Low Takeoff Signal,0.388,0.36,0.106,SL,Stable / Low Opportunity,Diversified Emerging Market,structural,0.5906,0.4438,0.4551,0.2354,0.2054,0.5355,0.7111,0.4121,0.7982,0.0793,0.1469,0.1612,0.5348,0.3777,0.8053,0.0936,0.2043,0.0503,0.624,0.1064,0.1701,0.6566,clean,N/A,HIGH,,True
CMR,CMR,2019,3.206,2.688,0.518,0.518,0.238,0.099,0.382,0.367,0.328,0.38,0.251,Low Takeoff Signal,0.45,0.346,0.088,SL,Stable / Low Opportunity,Diversified Emerging Market,structural,0.5679,0.4895,0.4357,0.2209,0.201,0.5384,0.6877,0.3863,0.7631,0.0604,0.1389,0.1512,0.5214,0.3978,0.8007,0.0974,0.2053,0.0862,0.6292,0.0877,0.1906,0.331,clean,N/A,HIGH,,True
CMR,CMR,2020,3.302,2.784,0.518,0.518,0.28,0.114,0.279,0.366,0.304,0.38,0.214,Low Takeoff Signal,0.45,0.32,0.056,SL,Stable / Low Opportunity,Diversified Emerging Market,structural,0.7211,0.4263,0.4979,0.2274,0.1947,0.5494,0.7256,0.3703,0.762,0.0623,0.1273,0.156,0.5487,0.6428,0.821,0.1006,0.2226,0.6281,0.6921,0.0564,0.2695,0.0608,clean,N/A,HIGH,,True
CMR,CMR,2021,3.015,2.497,0.518,0.518,0.225,0.102,0.348,0.367,0.334,0.38,0.217,Low Takeoff Signal,0.2,0.377,0.126,SL,Stable / Low Opportunity,Diversified Emerging Market,structural,0.3073,0.2881,0.4435,0.2222,0.0794,0.5885,0.6951,0.3547,0.7582,0.0718,0.1326,0.1476,0.6037,0.2086,0.8106,0.1035,0.1981,0.546,0.5482,0.1258,0.374,0.2521,clean,N/A,HIGH,,True
CMR,CMR,2022,3.494,2.976,0.518,0.518,0.245,0.109,0.359,0.373,0.344,0.452,0.32,Low Takeoff Signal,0.2,0.404,0.422,SL,Stable / Low Opportunity,Diversified Emerging Market,structural,0.4771,0.3109,0.51,0.2497,0.0795,0.631,0.7,0.4307,0.7398,0.0532,0.1404,0.1507,0.6048,0.3805,0.7978,0.1036,0.2236,0.3474,0.3833,0.4221,0.4539,0.6539,clean,N/A,HIGH,,True
CMR,CMR,2023,3.518,3.0,0.518,0.518,0.232,0.106,0.346,0.377,0.339,0.396,0.346,Low Takeoff Signal,0.2,0.382,0.587,SL,Stable / Low Opportunity,Diversified Emerging Market,structural,0.5469,0.4082,0.4685,0.2747,0.0796,0.5701,0.7202,0.3596,0.7634,0.063,0.1367,0.1474,0.6046,0.4239,0.792,0.1023,0.2259,0.2565,0.3398,0.5874,0.5848,0.2088,clean,N/A,HIGH,,True
CMR,CMR,2024,3.459,2.941,0.518,0.518,0.222,0.106,0.332,0.384,0.341,0.38,0.346,Low Takeoff Signal,0.2,0.372,0.602,SL,Stable / Low Opportunity,Diversified Emerging Market,structural,0.5388,0.2673,0.4514,0.2644,0.073,0.5623,0.7216,0.3961,0.7574,0.0773,0.1364,0.1344,0.6047,0.404,0.7939,0.1026,0.2241,0.4512,0.3854,0.6022,0.3749,0.0791,clean,N/A,HIGH,,True
COD,COD,2010,4.291,3.731,0.56,0.56,0.18,0.108,0.562,0.283,0.163,,0.489,Moderate Potential,0.45,0.521,0.5,SL,Stable / Low Opportunity,Diversified Emerging Market,structural,0.7914,0.8703,0.6452,0.469,0.0689,0.1518,0.6555,0.2706,0.7987,0.0316,0.0673,0.0881,0.0659,0.6156,0.7994,0.0587,0.0626,,,,,,clean,N/A,HIGH,,False
COD,COD,2011,4.224,3.664,0.56,0.56,0.178,0.127,0.47,0.345,0.161,,0.473,Moderate Potential,0.45,0.474,0.5,SR,Structural Risk,Diversified Emerging Market,structural,0.7597,0.5191,0.4856,0.5071,0.076,0.4293,0.6857,0.4012,0.849,0.0281,0.0641,0.0913,0.0745,0.6301,0.7854,0.058,0.07,,,,,,clean,N/A,HIGH,,False
COD,COD,2012,3.458,2.898,0.56,0.56,0.209,0.15,0.471,0.405,0.171,0.557,0.352,Low Takeoff Signal,0.45,0.542,0.16,SR,Structural Risk,Diversified Emerging Market,structural,0.7278,0.4235,0.5548,0.5432,0.0689,0.6919,0.7412,0.4353,0.8676,0.0274,0.061,0.1023,0.0664,0.6354,0.7737,0.057,0.0747,0.7736,0.377,0.1599,0.9383,0.97,clean,N/A,HIGH,,True
COD,COD,2013,4.293,3.733,0.56,0.56,0.239,0.14,0.55,0.4,0.188,0.57,0.539,Moderate Potential,0.45,0.616,0.57,SR,Structural Risk,Diversified Emerging Market,structural,0.8919,0.6664,0.498,0.6508,0.067,0.7109,0.7637,0.3093,0.8501,0.0284,0.0729,0.1012,0.0557,0.8198,0.7765,0.055,0.1007,0.93,0.032,0.5699,0.9248,0.9728,clean,N/A,HIGH,,True
COD,COD,2014,4.437,3.877,0.56,0.56,0.231,0.149,0.509,0.419,0.183,0.565,0.592,Pre-Breakout Signal,0.615,0.584,0.574,SR,Structural Risk,Diversified Emerging Market,structural,0.8634,0.4787,0.4682,0.8225,0.0759,0.6858,0.7899,0.3896,0.8803,0.0223,0.0784,0.0996,0.0412,0.7202,0.7764,0.0529,0.1027,0.7176,0.0349,0.574,0.9188,0.97,clean,N/A,HIGH,,True
COD,COD,2015,4.33,3.77,0.56,0.56,0.237,0.152,0.441,0.418,0.196,0.563,0.553,Pre-Breakout Signal,0.436,0.558,0.722,SR,Structural Risk,Diversified Emerging Market,structural,0.8013,0.4167,0.4167,0.662,0.0809,0.6349,0.7962,0.4752,0.8833,0.031,0.0758,0.1053,0.0565,0.6473,0.779,0.0514,0.0907,0.5673,0.0276,0.7224,0.8801,0.9451,clean,N/A,HIGH,,True
COD,COD,2016,3.631,3.071,0.56,0.56,0.164,0.123,0.402,0.359,0.147,0.38,0.468,Reform Story,0.339,0.396,0.83,SR,Structural Risk,Diversified Emerging Market,structural,0.2334,0.6322,0.4036,0.5511,0.0746,0.4686,0.7589,0.4778,0.8744,0.0226,0.0805,0.0993,0.0269,0.0993,0.7789,0.0498,0.1007,0.0294,0.0195,0.8298,0.7511,0.0385,clean,N/A,HIGH,,True
COD,COD,2017,2.942,2.382,0.56,0.56,0.154,0.114,0.405,0.329,0.146,0.38,0.292,Low Takeoff Signal,0.218,0.347,0.334,SL,Stable / Low Opportunity,Diversified Emerging Market,structural,0.5734,0.3608,0.4473,0.6745,0.0747,0.2413,0.8335,0.4411,0.8716,0.0206,0.0698,0.0971,0.0196,0.3273,0.7716,0.0479,0.0867,0.0275,0.0428,0.3344,0.8183,0.0257,clean,N/A,HIGH,,True
COD,COD,2018,3.29,2.73,0.56,0.56,0.211,0.117,0.518,0.399,0.191,0.392,0.303,Low Takeoff Signal,0.343,0.466,0.158,SL,Stable / Low Opportunity,Diversified Emerging Market,structural,0.8228,0.5804,0.4663,0.699,0.0715,0.5353,0.8578,0.4145,0.8814,0.0359,0.0631,0.0853,0.1158,0.5835,0.7608,0.0464,0.0889,0.477,0.5337,0.1579,0.7694,0.0387,clean,N/A,HIGH,,True
COD,COD,2019,2.853,2.293,0.56,0.56,0.157,0.149,0.292,0.403,0.168,0.473,0.263,Low Takeoff Signal,0.35,0.411,0.112,SR,Structural Risk,Diversified Emerging Market,structural,0.2756,0.3969,0.4389,0.3732,0.0688,0.5371,0.8591,0.4394,0.8784,0.0572,0.0659,0.0784,0.1999,0.1343,0.7595,0.0445,0.08,0.37,0.6143,0.1119,0.8562,0.5177,clean,N/A,HIGH,,True
COD,COD,2020,3.523,3.433,0.09,0.56,0.291,0.172,0.364,0.401,0.16,0.653,0.379,Low Takeoff Signal,0.35,0.553,0.267,SR,Structural Risk,Diversified Emerging Market,cyclical,0.746,0.6464,0.5215,0.4255,0.0652,0.5233,0.8504,0.4641,0.8672,0.0442,0.0672,0.0831,0.0516,0.6437,0.7716,0.043,0.0822,0.9126,0.8158,0.2667,0.871,0.9056,clean,N/A,HIGH,,True
COD,COD,2021,3.001,3.06,-0.059,0.56,0.187,0.184,0.535,0.41,0.084,0.688,0.431,Moderate Potential,0.2,0.642,0.664,SR,Structural Risk,Diversified Emerging Market,recovery_bounce,0.5675,0.3193,0.4526,0.8762,0.1402,0.5754,0.8453,0.4983,0.8477,0.0653,0.08,0.0796,0.0056,0.3673,0.7651,0.0419,0.0884,0.7178,0.556,0.6639,0.8622,0.8562,clean,N/A,HIGH,,True
COD,COD,2022,3.74,3.18,0.56,0.56,0.179,0.168,0.627,0.388,0.085,0.634,0.475,Moderate Potential,0.2,0.667,0.878,SR,Structural Risk,Diversified Emerging Market,structural,0.8053,0.8572,0.5089,0.9316,0.1391,0.5462,0.865,0.3645,0.8526,0.0401,0.0776,0.0799,0.0057,0.7043,0.7617,0.0417,0.094,0.9664,0.2026,0.8783,0.7153,0.8592,clean,N/A,HIGH,,True
COD,COD,2023,3.348,2.788,0.56,0.56,0.146,0.142,0.607,0.373,0.082,0.481,0.417,Moderate Potential,0.2,0.557,0.701,SR,Structural Risk,Diversified Emerging Market,structural,0.8923,0.912,0.5354,0.925,0.146,0.4501,0.85,0.2598,0.8504,0.0316,0.076,0.0826,0.0057,0.7834,0.755,0.0415,0.1004,0.9806,0.434,0.7012,0.5041,0.0174,clean,N/A,HIGH,,True
COD,COD,2024,3.225,2.665,0.56,0.56,0.139,0.156,0.504,0.393,0.075,0.517,0.393,Low Takeoff Signal,0.2,0.508,0.638,SR,Structural Risk,Diversified Emerging Market,structural,0.769,0.2073,0.5068,0.8994,0.1362,0.511,0.8798,0.3556,0.8427,0.0271,0.0753,0.0851,0.0056,0.5924,0.7587,0.0419,0.0922,0.6033,0.4849,0.6382,0.3896,0.4669,clean,N/A,HIGH,,True
COG,COG,2010,4.078,3.745,0.333,0.333,0.174,0.178,0.603,0.475,0.065,,0.501,Moderate Potential,0.45,0.56,0.5,SR,Structural Risk,Diversified Emerging Market,structural,0.9099,0.3322,0.651,0.9937,0.1444,0.7752,0.4987,0.6729,0.8463,0.351,0.1311,0.1317,0.0042,0.7262,0.043,0.0802,0.1097,,,,,,clean,N/A,HIGH,secondary_school_enrolment,False
COG,COG,2011,1.49,3.507,-2.017,0.333,0.152,0.189,0.423,0.502,0.043,,0.468,Moderate Potential,0.45,0.46,0.5,SR,Structural Risk,Commodity Exporter,structural,0.3772,0.4545,0.3693,0.9124,0.0782,0.7253,0.624,0.7692,0.8319,0.3377,0.1302,0.1415,0.0034,0.2506,0.0447,0.0794,0.1113,,,,,,narrative_inconsistency,MEDIUM,HIGH,secondary_school_enrolment,False
COG,COG,2012,3.43,3.097,0.333,0.333,0.15,0.161,0.514,0.461,0.078,0.416,0.497,Moderate Potential,0.45,0.521,0.528,SR,Structural Risk,High-Growth Emerging Market,structural,0.7756,0.3521,0.3697,0.9755,0.1367,0.3636,0.6873,0.7811,0.8478,0.3229,0.1346,0.1295,0.0084,0.7144,0.0514,0.0788,0.1197,0.7039,0.0434,0.5279,0.9383,0.057,clean,N/A,HIGH,,True
COG,COG,2013,3.462,3.129,0.333,0.333,0.149,0.179,0.447,0.497,0.072,0.463,0.507,Reform Story,0.45,0.413,0.741,SR,Structural Risk,Diversified Emerging Market,structural,0.2034,0.3571,0.7095,0.9881,0.1321,0.6492,0.6627,0.7895,0.8258,0.3713,0.1475,0.1344,0.0171,0.1478,0.0508,0.0773,0.1314,0.1009,0.5473,0.7406,0.9246,0.1782,clean,N/A,HIGH,,True
COG,COG,2014,3.46,3.127,0.333,0.333,0.208,0.175,0.608,0.456,0.109,0.605,0.417,Moderate Potential,0.185,0.557,0.771,SR,Structural Risk,Diversified Emerging Market,structural,0.8225,0.4865,0.7404,0.9975,0.128,0.7152,0.5824,0.6097,0.7589,0.3759,0.1551,0.1284,0.0236,0.7563,0.0478,0.0753,0.1382,0.5932,0.9174,0.7712,0.7691,0.1819,clean,N/A,HIGH,,True
COG,COG,2015,2.385,2.052,0.333,0.333,0.14,0.107,0.532,0.242,0.118,0.466,0.222,Low Takeoff Signal,0.043,0.345,0.888,SL,Stable / Low Opportunity,Diversified Emerging Market,structural,0.2564,0.4036,0.9732,1.0,0.1279,0.5546,0.261,0.0006,0.4862,0.2607,0.1662,0.1254,0.1219,0.1897,0.0401,0.0729,0.1449,0.6116,0.9163,0.8877,0.0274,0.1929,clean,N/A,HIGH,,True
COG,COG,2016,2.217,1.884,0.333,0.333,0.105,0.11,0.395,0.233,0.061,0.426,0.227,Low Takeoff Signal,0.049,0.487,0.557,SL,Stable / Low Opportunity,Diversified Emerging Market,structural,0.004,0.4912,0.3006,0.9999,0.1193,0.5998,0.201,0.0001,0.4477,0.2746,0.1478,0.1253,0.0617,0.0025,0.0324,0.0699,0.1276,0.0294,0.8064,0.5566,0.0441,0.8902,clean,N/A,HIGH,,True
COG,COG,2017,2.147,1.814,0.333,0.333,0.107,0.111,0.505,0.26,0.045,0.38,0.205,Low Takeoff Signal,0.086,0.327,0.327,SL,Stable / Low Opportunity,Commodity Exporter,structural,0.0197,0.4099,0.8818,0.9929,0.1196,0.5609,0.1845,0.2628,0.3745,0.2703,0.1373,0.119,0.0067,0.0134,0.0242,0.0689,0.1018,0.0275,0.9577,0.3274,0.0347,0.5894,clean,N/A,HIGH,,True
COG,COG,2018,2.171,1.838,0.333,0.333,0.115,0.144,0.512,0.387,0.035,0.38,0.2,Low Takeoff Signal,0.168,0.388,0.112,SR,Structural Risk,Commodity Exporter,structural,0.0434,0.6218,0.7183,0.7371,0.1152,0.5356,0.3436,0.9904,0.584,0.2845,0.1332,0.1101,0.0018,0.0219,0.0204,0.0687,0.1093,0.0302,0.9063,0.1124,0.2477,0.6353,clean,N/A,HIGH,,True
COG,COG,2019,2.134,1.801,0.333,0.333,0.102,0.137,0.315,0.349,0.046,0.383,0.208,Low Takeoff Signal,0.45,0.405,0.039,SR,Structural Risk,Commodity Exporter,structural,0.3263,0.4181,0.3071,0.5682,0.1116,0.539,0.2968,0.9398,0.4284,0.3228,0.132,0.0866,0.0011,0.218,0.0204,0.0662,0.1026,0.5599,0.0263,0.0386,0.6591,0.6305,clean,N/A,HIGH,,True
COG,COG,2020,2.562,2.229,0.333,0.333,0.14,0.137,0.223,0.337,0.042,0.395,0.27,Low Takeoff Signal,0.45,0.41,0.092,SR,Structural Risk,Commodity Exporter,structural,0.3398,0.4691,0.2378,0.5286,0.1068,0.5523,0.2255,0.9693,0.4605,0.3381,0.1229,0.0957,0.0034,0.2753,0.0203,0.0645,0.0892,0.9129,0.0171,0.0917,0.8078,0.3668,clean,N/A,HIGH,,True
COG,COG,2021,2.107,2.696,-0.589,0.333,0.134,0.156,0.324,0.368,0.043,0.491,0.409,Moderate Potential,0.45,0.447,0.329,SR,Structural Risk,Commodity Exporter,structural,0.1641,0.2051,0.3886,0.4021,0.1065,0.6024,0.2414,0.9429,0.5274,0.3754,0.1297,0.1034,0.0068,0.1201,0.0222,0.0635,0.1156,0.7652,0.0356,0.3289,0.5932,0.8133,narrative_inconsistency,MEDIUM,HIGH,,True
COG,COG,2022,1.693,2.962,-1.269,0.333,0.135,0.167,0.365,0.424,0.044,0.451,0.481,Reform Story,0.45,0.41,0.626,SR,Structural Risk,Diversified Emerging Market,structural,0.3307,0.2275,0.5277,0.3307,0.285,0.6866,0.2287,0.9568,0.5907,0.5443,0.1416,0.1014,0.0068,0.2603,0.024,0.0632,0.109,0.6945,0.0752,0.6259,0.1077,0.8446,narrative_inconsistency,MEDIUM,HIGH,secondary_school_enrolment,True
COG,COG,2023,1.46,3.109,-1.649,0.333,0.123,0.164,0.438,0.405,0.043,0.509,0.54,Moderate Potential,0.45,0.48,0.768,SR,Structural Risk,Diversified Emerging Market,structural,0.4141,0.4303,0.562,0.6046,0.3771,0.5716,0.1839,0.816,0.6274,0.5129,0.1492,0.0949,0.0068,0.3242,0.021,0.0613,0.113,0.4844,0.9725,0.7676,0.3435,0.2154,narrative_inconsistency,MEDIUM,HIGH,secondary_school_enrolment,True
COG,COG,2024,1.538,2.734,-1.196,0.333,0.117,0.164,0.436,0.383,0.043,0.525,0.444,Moderate Potential,0.2,0.54,0.898,SR,Structural Risk,Diversified Emerging Market,structural,0.444,0.3751,0.5007,0.7001,0.2116,0.5528,0.199,0.6318,0.6398,0.5164,0.1529,0.0986,0.0068,0.3375,0.0214,0.0611,0.1154,0.9702,0.9741,0.8981,0.363,0.0145,narrative_inconsistency,MEDIUM,HIGH,secondary_school_enrolment,True
COL,Colombia,2010,6.428,5.585,0.843,0.843,0.53,0.112,0.461,0.492,0.456,,0.479,Moderate Potential,0.45,0.49,0.5,SL,Stable / Low Opportunity,High-Growth Emerging Market,structural,0.441,0.3205,0.3947,0.3536,0.8193,0.7413,0.5945,0.4264,0.8424,0.108,0.4235,0.3948,0.5891,0.4749,0.3307,0.4046,0.5373,,,,,,clean,N/A,HIGH,,False
COL,Colombia,2011,7.47,6.627,0.843,0.843,0.702,0.081,0.573,0.496,0.507,,0.51,Moderate Potential,0.45,0.589,0.5,RO,Robust Opportunity,High-Growth Emerging Market,structural,0.7217,0.5146,0.4376,0.3939,0.8214,0.6517,0.6062,0.4434,0.8203,0.1568,0.4098,0.4642,0.5273,0.7431,0.3809,0.3942,0.6179,,,,,,clean,N/A,HIGH,,False
COL,Colombia,2012,5.774,4.931,0.843,0.843,0.626,0.105,0.495,0.491,0.491,0.543,0.291,Low Takeoff Signal,0.45,0.544,0.085,RO,Robust Opportunity,High-Growth Emerging Market,structural,0.507,0.4611,0.4504,0.3493,0.7668,0.7118,0.6435,0.4577,0.8405,0.1244,0.381,0.3891,0.5414,0.5282,0.4293,0.3977,0.6209,0.7006,0.7832,0.0847,0.8296,0.431,clean,N/A,HIGH,,True
COL,Colombia,2013,6.005,5.162,0.843,0.843,0.679,0.087,0.52,0.48,0.529,0.536,0.276,Low Takeoff Signal,0.45,0.546,0.07,RO,Robust Opportunity,High-Growth Emerging Market,structural,0.6458,0.4633,0.473,0.3631,0.7491,0.6571,0.6213,0.4524,0.815,0.1368,0.3818,0.3761,0.5483,0.7026,0.4795,0.4024,0.6306,0.7042,0.8562,0.0702,0.7167,0.4416,clean,N/A,HIGH,,True
COL,Colombia,2014,6.041,5.198,0.843,0.843,0.637,0.08,0.515,0.462,0.536,0.517,0.349,Low Takeoff Signal,0.222,0.531,0.364,RO,Robust Opportunity,High-Growth Emerging Market,structural,0.6271,0.4195,0.4762,0.4557,0.7294,0.526,0.57,0.3628,0.7921,0.1872,0.402,0.4223,0.5504,0.7045,0.4849,0.4043,0.6498,0.7022,0.8416,0.3639,0.5985,0.1686,clean,N/A,HIGH,,True
COL,Colombia,2015,5.145,4.302,0.843,0.843,0.551,0.053,0.496,0.41,0.541,0.38,0.23,Low Takeoff Signal,0.075,0.419,0.424,SL,Stable / Low Opportunity,High-Growth Emerging Market,structural,0.4966,0.4625,0.4491,0.4484,0.724,0.4859,0.5335,0.3407,0.6845,0.1947,0.4025,0.4405,0.6112,0.5635,0.5092,0.4042,0.6587,0.2437,0.6308,0.4242,0.1877,0.0741,clean,N/A,HIGH,,True
COL,Colombia,2016,5.162,4.319,0.843,0.843,0.51,0.067,0.479,0.429,0.515,0.38,0.295,Low Takeoff Signal,0.095,0.413,0.747,SL,Stable / Low Opportunity,Diversified Emerging Market,structural,0.4053,0.4419,0.5469,0.4253,0.728,0.5331,0.579,0.4468,0.6615,0.2337,0.4214,0.4099,0.6569,0.4569,0.4669,0.3973,0.6361,0.3088,0.6605,0.7471,0.1002,0.0385,clean,N/A,HIGH,,True
COL,Colombia,2017,5.101,4.258,0.843,0.843,0.45,0.089,0.458,0.448,0.474,0.431,0.37,Low Takeoff Signal,0.158,0.455,0.784,SL,Stable / Low Opportunity,Diversified Emerging Market,structural,0.2819,0.4141,0.4729,0.3451,0.7387,0.5461,0.5902,0.439,0.6836,0.2664,0.4138,0.394,0.6472,0.2735,0.4399,0.3932,0.5868,0.0275,0.5849,0.7839,0.4528,0.3387,clean,N/A,HIGH,,True
COL,Colombia,2018,5.097,4.254,0.843,0.843,0.468,0.096,0.464,0.447,0.469,0.488,0.341,Low Takeoff Signal,0.203,0.484,0.415,SL,Stable / Low Opportunity,High-Growth Emerging Market,structural,0.4008,0.4295,0.47,0.3075,0.7506,0.5355,0.5668,0.3754,0.6858,0.2942,0.3904,0.4348,0.5854,0.3231,0.3837,0.3864,0.5701,0.137,0.5971,0.4148,0.5967,0.6959,clean,N/A,HIGH,,True
COL,Colombia,2019,5.75,4.907,0.843,0.843,0.531,0.091,0.495,0.432,0.49,0.549,0.428,Moderate Potential,0.45,0.556,0.296,SL,Stable / Low Opportunity,Diversified Emerging Market,structural,0.5376,0.4504,0.4544,0.3271,0.7697,0.5376,0.5889,0.3716,0.669,0.2063,0.3775,0.4452,0.5846,0.4778,0.3323,0.408,0.6226,0.4638,0.5953,0.2965,0.6401,0.9686,clean,N/A,HIGH,,True
COL,Colombia,2020,3.971,3.128,0.843,0.843,0.331,0.132,0.334,0.411,0.269,0.45,0.234,Low Takeoff Signal,0.45,0.411,0.056,SR,Structural Risk,Diversified Emerging Market,structural,0.2908,0.3588,0.5147,0.2891,0.7639,0.5502,0.5476,0.386,0.5899,0.2934,0.3616,0.4359,0.6627,0.2741,0.2303,0.3866,0.6093,0.5809,0.3637,0.0564,0.4999,0.9722,clean,N/A,HIGH,,True
COL,Colombia,2021,5.192,4.349,0.843,0.843,0.529,0.038,0.598,0.394,0.509,0.418,0.276,Low Takeoff Signal,0.45,0.527,0.073,SL,Stable / Low Opportunity,High-Growth Emerging Market,structural,0.8588,0.5533,0.4547,0.2541,0.7808,0.5726,0.538,0.2824,0.5957,0.1869,0.3568,0.4393,0.6118,0.8329,0.2694,0.3747,0.6332,0.7652,0.2694,0.0729,0.2498,0.8015,clean,N/A,HIGH,,True
COL,Colombia,2022,5.712,4.869,0.843,0.843,0.577,0.044,0.578,0.407,0.527,0.434,0.349,Low Takeoff Signal,0.45,0.514,0.165,RO,Robust Opportunity,High-Growth Emerging Market,structural,0.7073,0.5817,0.5499,0.2775,0.7579,0.5454,0.5388,0.3308,0.5585,0.2437,0.3582,0.4494,0.6129,0.7241,0.3247,0.3763,0.6212,0.9664,0.421,0.1647,0.4051,0.4301,clean,N/A,HIGH,,True
COL,Colombia,2023,4.734,3.891,0.843,0.843,0.406,0.091,0.43,0.439,0.447,0.38,0.334,Low Takeoff Signal,0.45,0.362,0.214,SL,Stable / Low Opportunity,Diversified Emerging Market,structural,0.312,0.5035,0.5809,0.1623,0.7652,0.5472,0.6009,0.4458,0.5482,0.2464,0.3464,0.429,0.6127,0.3337,0.3546,0.3777,0.5967,0.2661,0.5501,0.2136,0.5907,0.0407,clean,N/A,HIGH,,True
COL,Colombia,2024,4.609,3.766,0.843,0.843,0.415,0.088,0.441,0.436,0.454,0.38,0.285,Low Takeoff Signal,0.2,0.392,0.296,SL,Stable / Low Opportunity,Diversified Emerging Market,structural,0.3498,0.4553,0.4877,0.1803,0.7618,0.5609,0.5314,0.4722,0.5977,0.209,0.3515,0.4441,0.6128,0.3712,0.3543,0.3874,0.5382,0.1738,0.4666,0.2959,0.4501,0.2758,clean,N/A,HIGH,,True
CRI,CRI,2010,7.761,7.145,0.616,0.616,0.816,0.108,0.494,0.628,0.657,,0.483,Moderate Potential,0.45,0.502,0.5,RO,Robust Opportunity,Advanced Economy,structural,0.5421,0.4398,0.4725,0.2566,0.7944,0.4819,0.7004,0.4206,0.3241,0.8666,0.8264,0.8238,0.7601,0.5677,0.5036,0.7359,0.7729,,,,,,market_depth_limited,MEDIUM,HIGH,external_debt_pct_gni,False
CRI,CRI,2011,7.518,6.902,0.616,0.616,0.771,0.117,0.5,0.627,0.6,,0.482,Moderate Potential,0.45,0.501,0.5,RO,Robust Opportunity,Advanced Economy,structural,0.543,0.4657,0.4955,0.2648,0.8068,0.6062,0.6835,0.3917,0.3428,0.8417,0.772,0.8058,0.7855,0.5592,0.3536,0.7345,0.7573,,,,,,market_depth_limited,MEDIUM,HIGH,external_debt_pct_gni,False
CRI,CRI,2012,6.286,5.67,0.616,0.616,0.799,0.122,0.512,0.648,0.611,0.421,0.237,Low Takeoff Signal,0.45,0.472,0.051,FO,Fragile Opportunity,Advanced Economy,stable,0.5555,0.4706,0.4813,0.2557,0.8295,0.572,0.6462,0.4162,0.5772,0.8426,0.761,0.8146,0.7718,0.5671,0.3584,0.7145,0.7941,0.6832,0.4862,0.0505,0.1837,0.7022,market_depth_limited,MEDIUM,HIGH,external_debt_pct_gni,True
CRI,CRI,2013,6.079,5.463,0.616,0.616,0.732,0.132,0.488,0.646,0.582,0.402,0.281,Low Takeoff Signal,0.45,0.432,0.098,FO,Fragile Opportunity,Advanced Economy,stable,0.4288,0.4504,0.5552,0.2534,0.8515,0.542,0.65,0.4117,0.5497,0.8492,0.7739,0.8158,0.7666,0.4641,0.3905,0.6806,0.8104,0.2149,0.6983,0.0983,0.2483,0.7627,clean,N/A,HIGH,external_debt_pct_gni,True
CRI,CRI,2014,6.36,5.744,0.616,0.616,0.701,0.125,0.515,0.633,0.568,0.38,0.405,Moderate Potential,0.348,0.438,0.442,FO,Fragile Opportunity,Advanced Economy,stable,0.517,0.4699,0.524,0.2312,0.8853,0.436,0.6412,0.381,0.537,0.8353,0.7925,0.8492,0.761,0.5754,0.3008,0.6861,0.755,0.276,0.7408,0.4423,0.2018,0.206,market_depth_limited,MEDIUM,HIGH,external_debt_pct_gni,True
CRI,CRI,2015,7.028,6.412,0.616,0.616,0.757,0.136,0.508,0.68,0.597,0.547,0.506,Moderate Potential,0.386,0.531,0.657,FO,Fragile Opportunity,Advanced Economy,structural,0.5682,0.4743,0.4887,0.2361,0.8878,0.6723,0.6586,0.4901,0.6028,0.8627,0.7793,0.8431,0.7241,0.6132,0.3449,0.6849,0.7748,0.5853,0.575,0.6566,0.3431,0.5756,market_depth_limited,MEDIUM,HIGH,external_debt_pct_gni,True
CRI,CRI,2016,7.145,6.529,0.616,0.616,0.79,0.115,0.542,0.657,0.62,0.531,0.49,Moderate Potential,0.382,0.548,0.574,RO,Robust Opportunity,Advanced Economy,structural,0.6511,0.5355,0.5209,0.2413,0.9018,0.5908,0.6468,0.5706,0.5843,0.8692,0.7747,0.8446,0.7507,0.6976,0.3537,0.7071,0.7803,0.5746,0.3735,0.5743,0.3808,0.9206,market_depth_limited,MEDIUM,HIGH,external_debt_pct_gni,True
CRI,CRI,2017,6.697,6.081,0.616,0.616,0.735,0.108,0.531,0.636,0.624,0.46,0.448,Moderate Potential,0.413,0.513,0.422,RO,Robust Opportunity,Advanced Economy,structural,0.5647,0.4548,0.48,0.1896,0.919,0.5558,0.6172,0.4133,0.6092,0.8709,0.7855,0.7893,0.762,0.6049,0.3617,0.7103,0.7417,0.8642,0.07,0.4217,0.3092,0.7531,market_depth_limited,MEDIUM,HIGH,external_debt_pct_gni,True
CRI,CRI,2018,6.097,5.481,0.616,0.616,0.641,0.116,0.504,0.604,0.552,0.409,0.422,Moderate Potential,0.404,0.461,0.402,RO,Robust Opportunity,Advanced Economy,stable,0.4076,0.4706,0.4847,0.1921,0.9378,0.5355,0.5659,0.4417,0.4595,0.8425,0.7806,0.8056,0.7408,0.4576,0.2148,0.707,0.7843,0.5053,0.337,0.4021,0.1566,0.6446,clean,N/A,HIGH,external_debt_pct_gni,True
CRI,CRI,2019,5.687,5.071,0.616,0.616,0.549,0.134,0.488,0.608,0.478,0.38,0.446,Reform Story,0.35,0.414,0.644,SR,Structural Risk,Advanced Economy,stable,0.4562,0.456,0.4533,0.1309,0.9598,0.539,0.5272,0.5393,0.4526,0.84,0.7954,0.8208,0.7441,0.5006,0.0943,0.6965,0.7868,0.1768,0.4827,0.6441,0.0597,0.2001,clean,N/A,HIGH,external_debt_pct_gni,True
CRI,CRI,2020,5.495,4.879,0.616,0.616,0.49,0.182,0.397,0.627,0.29,0.38,0.481,Reform Story,0.35,0.39,0.891,SR,Structural Risk,Knowledge / Service Economy,structural,0.4573,0.4584,0.524,0.1747,0.9605,0.5517,0.532,0.5299,0.6101,0.9052,0.8117,0.8249,0.7534,0.4863,0.0487,0.691,0.7597,0.1286,0.5188,0.891,0.0507,0.3751,clean,N/A,HIGH,external_debt_pct_gni,True
CRI,CRI,2021,6.36,5.744,0.616,0.616,0.601,0.131,0.634,0.627,0.44,0.565,0.556,Pre-Breakout Signal,0.35,0.616,0.846,FO,Fragile Opportunity,Advanced Economy,structural,0.69,0.5853,0.4879,0.2402,0.9733,0.5896,0.5069,0.393,0.6454,0.921,0.8073,0.7846,0.7724,0.7074,0.0466,0.6905,0.7584,0.7183,0.5523,0.8456,0.0517,0.8067,market_depth_limited,MEDIUM,HIGH,external_debt_pct_gni,True
CRI,CRI,2022,6.955,6.339,0.616,0.616,0.703,0.125,0.592,0.637,0.52,0.597,0.567,Pre-Breakout Signal,0.35,0.596,0.938,FO,Fragile Opportunity,Advanced Economy,structural,0.5322,0.7389,0.556,0.1981,0.9563,0.6231,0.5204,0.4348,0.59,0.9383,0.828,0.7804,0.773,0.593,0.1028,0.6962,0.7764,0.7276,0.4841,0.9378,0.3559,0.665,market_depth_limited,MEDIUM,HIGH,external_debt_pct_gni,True
CRI,CRI,2023,7.354,6.738,0.616,0.616,0.853,0.131,0.561,0.646,0.602,0.718,0.454,Moderate Potential,0.2,0.634,0.8,FO,Fragile Opportunity,Advanced Economy,structural,0.6992,0.7278,0.6122,0.1279,0.9378,0.6197,0.5404,0.4863,0.46,0.9399,0.8216,0.8157,0.7729,0.7558,0.2059,0.7074,0.7692,0.7756,0.8691,0.7999,0.5877,0.8536,market_depth_limited,MEDIUM,HIGH,external_debt_pct_gni,True
CRI,CRI,2024,7.178,6.562,0.616,0.616,0.846,0.125,0.536,0.666,0.634,0.637,0.416,Moderate Potential,0.2,0.575,0.669,FO,Fragile Opportunity,Advanced Economy,structural,0.6168,0.5429,0.5397,0.1436,0.923,0.5941,0.5483,0.4941,0.5714,0.9467,0.8143,0.8157,0.773,0.6927,0.318,0.7087,0.7724,0.4726,0.7429,0.6689,0.6567,0.6446,market_depth_limited,MEDIUM,HIGH,external_debt_pct_gni,True
CYP,CYP,2010,7.088,6.58,0.508,0.508,0.762,0.113,0.547,0.607,0.538,,0.407,Moderate Potential,0.45,0.308,0.5,RO,Robust Opportunity,Advanced Economy,structural,0.2185,0.3888,1.0,0.45,0.7221,0.8089,0.3401,0.2526,0.1652,0.8606,0.9281,0.9078,0.8023,0.1265,0.5562,0.8443,0.9411,,,,,,clean,N/A,HIGH,external_debt_pct_gni,False
CYP,CYP,2011,6.503,5.995,0.508,0.508,0.663,0.119,0.511,0.574,0.499,,0.392,Low Takeoff Signal,0.45,0.277,0.5,RO,Robust Opportunity,Advanced Economy,structural,0.2592,0.4654,1.0,0.2105,0.728,0.6216,0.2433,0.4588,0.0462,0.876,0.8947,0.8875,0.8119,0.1939,0.3813,0.8458,0.9118,,,,,,clean,N/A,HIGH,external_debt_pct_gni,False
CYP,CYP,2012,4.418,3.91,0.508,0.508,0.517,0.13,0.471,0.571,0.428,0.38,0.172,Low Takeoff Signal,0.45,0.187,0.051,SR,Structural Risk,Advanced Economy,stable,0.1899,0.4174,1.0,0.1336,0.7436,0.7592,0.1458,0.445,0.0272,0.8732,0.8911,0.8888,0.8011,0.1921,0.2285,0.8522,0.8806,0.0263,0.9669,0.0505,0.0391,0.3835,clean,N/A,HIGH,external_debt_pct_gni,True
CYP,CYP,2013,3.519,3.011,0.508,0.508,0.355,0.159,0.455,0.588,0.301,0.38,0.165,Low Takeoff Signal,0.45,0.191,0.043,SR,Structural Risk,Advanced Economy,stable,0.0342,0.4298,1.0,0.0768,0.7475,0.8206,0.0625,0.4988,0.1606,0.8621,0.8775,0.888,0.8026,0.0487,0.0715,0.8428,0.8331,0.0254,0.7374,0.0427,0.0286,0.7814,clean,N/A,HIGH,external_debt_pct_gni,True
CYP,CYP,2014,4.121,3.613,0.508,0.508,0.478,0.125,0.491,0.554,0.412,0.38,0.148,Low Takeoff Signal,0.308,0.22,0.04,SR,Structural Risk,Advanced Economy,stable,0.0799,0.4828,1.0,0.0763,0.7352,0.7799,0.0372,0.4086,0.067,0.841,0.8631,0.8428,0.8036,0.1613,0.0894,0.8352,0.8807,0.0367,0.9483,0.04,0.0367,0.8152,clean,N/A,HIGH,external_debt_pct_gni,True
CYP,CYP,2015,5.342,4.834,0.508,0.508,0.671,0.093,0.569,0.559,0.53,0.38,0.198,Low Takeoff Signal,0.389,0.248,0.069,FO,Fragile Opportunity,Diversified Emerging Market,structural,0.5444,0.5328,1.0,0.0944,0.7394,0.6651,0.0529,0.6494,0.1144,0.8478,0.8614,0.8216,0.7662,0.6747,0.1182,0.8482,0.8749,0.7136,0.2399,0.0693,0.0274,0.8306,clean,N/A,HIGH,external_debt_pct_gni,True
CYP,CYP,2016,6.089,5.581,0.508,0.508,0.743,0.069,0.581,0.539,0.61,0.38,0.297,Low Takeoff Signal,0.491,0.309,0.157,RO,Robust Opportunity,Advanced Economy,structural,0.8521,0.5141,0.9388,0.1812,0.7331,0.5983,0.0783,0.4735,0.1748,0.8765,0.8595,0.8256,0.8023,0.9026,0.1662,0.8484,0.8667,0.9346,0.0195,0.1573,0.1775,0.3898,clean,N/A,HIGH,external_debt_pct_gni,True
CYP,CYP,2017,7.132,6.624,0.508,0.508,0.839,0.04,0.656,0.529,0.648,0.521,0.443,Moderate Potential,0.578,0.374,0.396,RO,Robust Opportunity,Advanced Economy,structural,0.7192,0.4928,1.0,0.2849,0.7422,0.5749,0.1347,0.3343,0.0595,0.8558,0.8804,0.8494,0.8032,0.7581,0.2343,0.8595,0.8636,0.9484,0.364,0.3959,0.866,0.3473,clean,N/A,HIGH,external_debt_pct_gni,True
CYP,CYP,2018,7.696,7.188,0.508,0.508,0.887,0.044,0.639,0.512,0.701,0.618,0.528,Moderate Potential,0.644,0.433,0.528,RO,Robust Opportunity,Advanced Economy,structural,0.8383,0.4934,1.0,0.2125,0.7392,0.5356,0.1158,0.3926,0.0608,0.848,0.8673,0.8086,0.7714,0.8518,0.3429,0.8589,0.8622,0.9403,0.9122,0.5278,0.933,0.3127,clean,N/A,HIGH,external_debt_pct_gni,True
CYP,CYP,2019,7.242,6.734,0.508,0.508,0.91,0.03,0.642,0.509,0.735,0.593,0.366,Low Takeoff Signal,0.25,0.408,0.502,RO,Robust Opportunity,Advanced Economy,structural,0.7845,0.4775,1.0,0.2427,0.7585,0.5394,0.1771,0.329,0.0069,0.8678,0.8648,0.8092,0.7724,0.7876,0.4666,0.8537,0.8796,0.6799,0.9423,0.5023,0.9479,0.2809,clean,N/A,HIGH,external_debt_pct_gni,True
CYP,CYP,2020,5.334,4.826,0.508,0.508,0.562,0.118,0.328,0.493,0.514,0.38,0.358,Low Takeoff Signal,0.25,0.593,0.302,SL,Stable / Low Opportunity,Knowledge / Service Economy,structural,0.5223,0.5653,0.0,0.3623,0.7689,0.555,0.16,0.1191,0.4081,0.792,0.8418,0.7373,0.7954,0.5133,0.499,0.8516,0.8608,0.2648,0.0171,0.3024,0.8391,0.3744,clean,N/A,HIGH,external_debt_pct_gni,True
CYP,CYP,2021,6.071,5.563,0.508,0.508,0.793,0.035,0.688,0.522,0.769,0.398,0.216,Low Takeoff Signal,0.25,0.5,0.069,FO,Fragile Opportunity,Advanced Economy,structural,0.8824,0.8131,0.6919,0.286,0.7703,0.5788,0.2506,0.2935,0.3318,0.8048,0.8486,0.7527,0.7938,0.8397,0.5157,0.8664,0.8423,0.7193,0.0356,0.0689,0.8751,0.4158,clean,N/A,HIGH,external_debt_pct_gni,True
CYP,CYP,2022,6.793,6.285,0.508,0.508,0.836,0.03,0.62,0.529,0.729,0.457,0.353,Low Takeoff Signal,0.25,0.557,0.31,RO,Robust Opportunity,Advanced Economy,structural,0.7574,0.8907,0.4835,0.313,0.7834,0.6273,0.3299,0.3545,0.2104,0.7711,0.8514,0.7799,0.7943,0.7292,0.4015,0.8713,0.8183,0.6216,0.0752,0.3096,0.8874,0.5271,clean,N/A,HIGH,external_debt_pct_gni,True
CYP,CYP,2023,6.291,5.783,0.508,0.508,0.679,0.089,0.417,0.53,0.684,0.45,0.448,Moderate Potential,0.25,0.693,0.533,RO,Robust Opportunity,Advanced Economy,structural,0.5718,0.3431,0.0,0.388,0.8039,0.5957,0.4053,0.164,0.3024,0.7699,0.85,0.7572,0.7942,0.5126,0.4697,0.871,0.8278,0.2394,0.0528,0.5335,0.9658,0.6755,clean,N/A,HIGH,external_debt_pct_gni,True
CYP,CYP,2024,6.912,6.404,0.508,0.508,0.777,0.105,0.438,0.593,0.723,0.555,0.475,Moderate Potential,0.25,0.762,0.579,RO,Robust Opportunity,Advanced Economy,structural,0.58,0.5513,0.0,0.3531,0.8176,0.5766,0.4858,0.2365,0.585,0.7905,0.8329,0.7737,0.7944,0.5485,0.5983,0.8767,0.8203,0.1744,0.9741,0.5786,0.9726,0.5244,clean,N/A,HIGH,external_debt_pct_gni,True
CZE,CZE,2010,8.095,7.281,0.814,0.814,0.834,0.116,0.526,0.658,0.631,,0.493,Moderate Potential,0.45,0.535,0.5,RO,Robust Opportunity,Advanced Economy,structural,0.255,0.5329,0.4655,0.6181,0.8064,0.7983,0.5918,0.4133,0.3576,0.9201,0.8474,0.7276,0.7785,0.3662,0.4698,0.8421,0.8934,,,,,,clean,N/A,HIGH,external_debt_pct_gni,False
CZE,CZE,2011,7.943,7.129,0.814,0.814,0.806,0.122,0.498,0.662,0.634,,0.494,Moderate Potential,0.45,0.535,0.5,FO,Fragile Opportunity,Advanced Economy,structural,0.3465,0.4855,0.3667,0.5726,0.8041,0.7041,0.5588,0.4618,0.3766,0.9309,0.873,0.7485,0.7899,0.4327,0.4833,0.8367,0.8792,,,,,,clean,N/A,HIGH,external_debt_pct_gni,False
CZE,CZE,2012,7.134,6.32,0.814,0.814,0.727,0.136,0.482,0.653,0.581,0.38,0.526,Reform Story,0.45,0.434,0.788,FO,Fragile Opportunity,Advanced Economy,stable,0.2864,0.4594,0.4584,0.5213,0.795,0.7142,0.5189,0.4921,0.4185,0.9263,0.8656,0.7341,0.7873,0.3451,0.4478,0.8296,0.8572,0.1427,0.4333,0.7879,0.0989,0.3483,clean,N/A,HIGH,external_debt_pct_gni,True
CZE,CZE,2013,7.333,6.519,0.814,0.814,0.745,0.143,0.475,0.678,0.61,0.385,0.554,Pre-Breakout Signal,0.45,0.459,0.879,FO,Fragile Opportunity,Advanced Economy,stable,0.2424,0.4217,0.4415,0.4693,0.8379,0.69,0.5431,0.5255,0.5658,0.9287,0.8766,0.7275,0.7936,0.3404,0.4721,0.8368,0.8632,0.0941,0.5544,0.8795,0.2383,0.2861,clean,N/A,HIGH,external_debt_pct_gni,True
CZE,CZE,2014,7.981,7.167,0.814,0.814,0.88,0.117,0.539,0.68,0.683,0.627,0.531,Moderate Potential,0.286,0.609,0.935,RO,Robust Opportunity,Advanced Economy,structural,0.3671,0.5065,0.4665,0.5276,0.8228,0.7342,0.5919,0.576,0.4051,0.92,0.8894,0.7767,0.7944,0.5389,0.5633,0.8319,0.8414,0.6875,0.6034,0.935,0.5897,0.5034,clean,N/A,HIGH,external_debt_pct_gni,True
CZE,CZE,2015,8.511,7.697,0.814,0.814,0.922,0.103,0.574,0.691,0.767,0.717,0.616,Pre-Breakout Signal,0.367,0.714,0.948,RO,Robust Opportunity,Advanced Economy,structural,0.6932,0.5036,0.3576,0.6037,0.8024,0.6539,0.6621,0.6826,0.4681,0.9253,0.901,0.7972,0.7555,0.8,0.6622,0.8374,0.8739,0.9003,0.6423,0.9481,0.8331,0.6945,clean,N/A,HIGH,external_debt_pct_gni,True
CZE,CZE,2016,8.318,7.504,0.814,0.814,0.877,0.113,0.534,0.694,0.734,0.647,0.63,Pre-Breakout Signal,0.446,0.621,0.957,RO,Robust Opportunity,Advanced Economy,structural,0.4629,0.484,0.5797,0.5189,0.7809,0.5765,0.7286,0.7545,0.5379,0.9258,0.9056,0.7989,0.7902,0.6131,0.7214,0.8344,0.8579,0.9346,0.603,0.9566,0.9118,0.3846,clean,N/A,HIGH,external_debt_pct_gni,True
CZE,CZE,2017,8.743,7.929,0.814,0.814,0.914,0.083,0.582,0.678,0.802,0.675,0.692,Pre-Breakout Signal,0.532,0.678,0.962,RO,Robust Opportunity,Advanced Economy,structural,0.6669,0.4562,0.4838,0.5401,0.773,0.5571,0.7517,0.7103,0.372,0.9203,0.9145,0.8328,0.7904,0.7613,0.7816,0.8339,0.897,0.9484,0.7039,0.9615,0.8781,0.4201,clean,N/A,HIGH,external_debt_pct_gni,True
CZE,CZE,2018,8.166,7.352,0.814,0.814,0.869,0.096,0.526,0.671,0.76,0.549,0.599,Pre-Breakout Signal,0.607,0.564,0.635,RO,Robust Opportunity,Advanced Economy,structural,0.4365,0.4571,0.4692,0.5429,0.7638,0.5355,0.771,0.6302,0.3914,0.9227,0.9021,0.7957,0.7592,0.5705,0.8005,0.8349,0.9012,0.5353,0.6593,0.6346,0.933,0.1638,clean,N/A,HIGH,external_debt_pct_gni,True
CZE,CZE,2019,7.495,6.681,0.814,0.814,0.891,0.097,0.54,0.688,0.78,0.496,0.38,Low Takeoff Signal,0.2,0.55,0.523,RO,Robust Opportunity,Advanced Economy,structural,0.5773,0.442,0.4529,0.5828,0.749,0.538,0.7928,0.614,0.4965,0.9215,0.9106,0.7874,0.7579,0.6728,0.8227,0.835,0.8947,0.4168,0.6959,0.523,0.9347,0.0964,clean,N/A,HIGH,external_debt_pct_gni,True
CZE,CZE,2020,6.886,6.072,0.814,0.814,0.797,0.158,0.417,0.672,0.54,0.469,0.352,Low Takeoff Signal,0.2,0.446,0.515,FO,Fragile Opportunity,Knowledge / Service Economy,structural,0.395,0.4769,0.5243,0.5828,0.7376,0.549,0.782,0.6914,0.4258,0.9024,0.9137,0.7911,0.777,0.4479,0.8093,0.8331,0.8985,0.4572,0.2936,0.5155,0.8434,0.3282,clean,N/A,HIGH,external_debt_pct_gni,True
CZE,CZE,2021,7.57,6.756,0.814,0.814,0.865,0.077,0.606,0.693,0.82,0.503,0.441,Moderate Potential,0.25,0.564,0.64,RO,Robust Opportunity,Advanced Economy,structural,0.3611,0.3927,0.4734,0.7254,0.7707,0.5659,0.7456,0.4482,0.6253,0.9181,0.9198,0.8236,0.7831,0.5998,0.7904,0.8375,0.9167,0.3454,0.539,0.6401,0.7683,0.242,clean,N/A,HIGH,external_debt_pct_gni,True
CZE,CZE,2022,7.378,6.564,0.814,0.814,0.818,0.098,0.598,0.675,0.744,0.38,0.457,Moderate Potential,0.25,0.483,0.868,RO,Robust Opportunity,Advanced Economy,stable,0.4175,0.3703,0.5231,0.805,0.7736,0.5067,0.7274,0.3806,0.5522,0.9188,0.9184,0.8442,0.7837,0.3938,0.7966,0.8295,0.9311,0.3482,0.3829,0.8684,0.1883,0.1115,clean,N/A,HIGH,external_debt_pct_gni,True
CZE,CZE,2023,7.061,6.247,0.814,0.814,0.789,0.145,0.512,0.717,0.644,0.38,0.413,Reform Story,0.25,0.408,0.75,FO,Fragile Opportunity,Advanced Economy,stable,0.2616,0.4777,0.5372,0.7564,0.7167,0.5634,0.7264,0.5508,0.5713,0.926,0.9208,0.8578,0.7835,0.2377,0.7408,0.8257,0.9179,0.2028,0.3372,0.7504,0.0743,0.2498,clean,N/A,HIGH,external_debt_pct_gni,True
CZE,CZE,2024,7.495,6.681,0.814,0.814,0.851,0.136,0.511,0.734,0.718,0.429,0.44,Moderate Potential,0.25,0.474,0.782,FO,Fragile Opportunity,Advanced Economy,stable,0.3171,0.4278,0.4989,0.6727,0.7118,0.5787,0.7188,0.6521,0.5742,0.9225,0.9237,0.8734,0.7837,0.4038,0.7222,0.8289,0.9201,0.2644,0.3909,0.7823,0.1486,0.5928,clean,N/A,HIGH,external_debt_pct_gni,True
DEU,DEU,2010,8.75,7.527,1.223,1.223,0.886,0.106,0.481,0.674,0.78,,0.485,Moderate Potential,0.45,0.508,0.5,RO,Robust Opportunity,Advanced Economy,structural,0.3999,0.5232,0.4011,0.2439,0.8623,0.8264,0.1103,0.6471,0.355,0.8935,0.966,0.964,0.7985,0.5959,0.7268,0.8967,0.9387,,,,,,clean,N/A,HIGH,external_debt_pct_gni,False
DEU,DEU,2011,8.864,7.641,1.223,1.223,0.904,0.092,0.491,0.66,0.823,,0.489,Moderate Potential,0.45,0.522,0.5,RO,Robust Opportunity,Advanced Economy,structural,0.4937,0.4737,0.3867,0.315,0.8574,0.7043,0.1334,0.6436,0.3142,0.8969,0.965,0.9626,0.8086,0.7365,0.7636,0.8936,0.9435,,,,,,clean,N/A,HIGH,external_debt_pct_gni,False
DEU,DEU,2012,7.499,6.276,1.223,1.223,0.778,0.135,0.43,0.669,0.708,0.386,0.438,Moderate Potential,0.45,0.434,0.43,FO,Fragile Opportunity,Advanced Economy,stable,0.3396,0.4447,0.4092,0.2415,0.84,0.7326,0.1417,0.6721,0.3826,0.9043,0.9647,0.9624,0.7989,0.4002,0.7812,0.8938,0.9458,0.1665,0.2945,0.4298,0.6746,0.3628,clean,N/A,HIGH,external_debt_pct_gni,True
DEU,DEU,2013,7.571,6.348,1.223,1.223,0.759,0.137,0.425,0.669,0.708,0.38,0.486,Moderate Potential,0.45,0.441,0.594,FO,Fragile Opportunity,Advanced Economy,stable,0.2705,0.4238,0.3759,0.261,0.8113,0.696,0.1875,0.7075,0.3642,0.9064,0.9664,0.9618,0.8005,0.3566,0.7885,0.8957,0.9435,0.0254,0.2858,0.5938,0.8038,0.225,clean,N/A,HIGH,external_debt_pct_gni,True
DEU,DEU,2014,7.911,6.688,1.223,1.223,0.817,0.116,0.453,0.666,0.754,0.456,0.493,Moderate Potential,0.338,0.503,0.75,RO,Robust Opportunity,Advanced Economy,structural,0.36,0.4639,0.3867,0.2679,0.7959,0.7292,0.214,0.8096,0.2019,0.912,0.9706,0.9668,0.8018,0.4914,0.7911,0.8961,0.9558,0.3001,0.086,0.7504,0.9183,0.3937,clean,N/A,HIGH,external_debt_pct_gni,True
DEU,DEU,2015,8.026,6.803,1.223,1.223,0.807,0.131,0.449,0.663,0.733,0.659,0.54,Moderate Potential,0.302,0.615,0.911,FO,Fragile Opportunity,Advanced Economy,structural,0.3663,0.4936,0.3845,0.2597,0.7757,0.6493,0.2903,0.9143,0.2211,0.8809,0.9694,0.9666,0.7642,0.4292,0.7989,0.8964,0.9594,0.6306,0.5127,0.911,0.9036,0.6499,clean,N/A,HIGH,external_debt_pct_gni,True
DEU,DEU,2016,7.856,6.633,1.223,1.223,0.806,0.125,0.446,0.668,0.753,0.614,0.495,Moderate Potential,0.361,0.59,0.585,FO,Fragile Opportunity,Advanced Economy,structural,0.4209,0.4631,0.3612,0.2722,0.757,0.58,0.3589,0.9347,0.3688,0.882,0.9658,0.9669,0.7999,0.4956,0.8063,0.8967,0.9604,0.8044,0.6029,0.5845,0.9118,0.3842,clean,N/A,HIGH,external_debt_pct_gni,True
DEU,DEU,2017,7.678,6.455,1.223,1.223,0.822,0.108,0.474,0.653,0.781,0.627,0.421,Moderate Potential,0.353,0.591,0.349,RO,Robust Opportunity,Advanced Economy,structural,0.4205,0.4259,0.4489,0.2996,0.7606,0.5622,0.4191,0.9223,0.204,0.8624,0.968,0.9706,0.801,0.5248,0.8089,0.8976,0.9608,0.8708,0.7702,0.3493,0.8781,0.5347,clean,N/A,HIGH,external_debt_pct_gni,True
DEU,DEU,2018,7.562,6.339,1.223,1.223,0.792,0.122,0.456,0.682,0.736,0.522,0.433,Moderate Potential,0.412,0.53,0.363,FO,Fragile Opportunity,Advanced Economy,structural,0.233,0.448,0.4763,0.3294,0.756,0.5355,0.4608,0.9135,0.3792,0.8858,0.9693,0.9741,0.7689,0.3405,0.8118,0.8991,0.9609,0.5207,0.9122,0.3627,0.933,0.2277,clean,N/A,HIGH,external_debt_pct_gni,True
DEU,DEU,2019,7.441,6.218,1.223,1.223,0.794,0.128,0.445,0.686,0.735,0.536,0.397,Low Takeoff Signal,0.25,0.53,0.485,FO,Fragile Opportunity,Advanced Economy,structural,0.3128,0.4456,0.4285,0.3271,0.7601,0.5391,0.5012,0.879,0.4178,0.8649,0.9672,0.9716,0.7692,0.4102,0.8173,0.9007,0.9586,0.3667,0.6624,0.4853,0.9479,0.4141,clean,N/A,HIGH,external_debt_pct_gni,True
DEU,DEU,2020,7.645,6.422,1.223,1.223,0.844,0.16,0.4,0.665,0.601,0.596,0.379,Low Takeoff Signal,0.25,0.509,0.438,FO,Fragile Opportunity,Knowledge / Service Economy,structural,0.466,0.4684,0.5409,0.419,0.7616,0.5545,0.5213,0.8726,0.4168,0.8565,0.9636,0.9718,0.7923,0.5328,0.8109,0.9021,0.9553,0.2892,0.8375,0.4383,0.8458,0.7928,clean,N/A,HIGH,external_debt_pct_gni,True
DEU,DEU,2021,7.503,6.28,1.223,1.223,0.843,0.087,0.547,0.689,0.821,0.599,0.341,Low Takeoff Signal,0.25,0.592,0.258,RO,Robust Opportunity,Advanced Economy,structural,0.3515,0.4421,0.4538,0.4398,0.7604,0.5742,0.5025,0.8332,0.478,0.854,0.964,0.9705,0.792,0.4323,0.8224,0.9016,0.9563,0.7033,0.5531,0.2578,0.8259,0.7301,clean,N/A,HIGH,external_debt_pct_gni,True
DEU,DEU,2022,6.769,5.546,1.223,1.223,0.768,0.117,0.496,0.682,0.781,0.388,0.249,Low Takeoff Signal,0.25,0.44,0.128,FO,Fragile Opportunity,Advanced Economy,stable,0.351,0.3366,0.5099,0.4452,0.7489,0.5808,0.4983,0.7069,0.4157,0.8183,0.9614,0.971,0.7926,0.434,0.8121,0.9029,0.9543,0.4299,0.3001,0.128,0.6689,0.4131,clean,N/A,HIGH,external_debt_pct_gni,True
DEU,DEU,2023,6.817,5.594,1.223,1.223,0.741,0.145,0.429,0.692,0.695,0.395,0.303,Low Takeoff Signal,0.25,0.421,0.26,FO,Fragile Opportunity,Advanced Economy,stable,0.2013,0.3499,0.4691,0.4175,0.7539,0.5891,0.5213,0.7884,0.3306,0.8064,0.9613,0.9653,0.7925,0.288,0.8066,0.9017,0.9464,0.2064,0.3418,0.2597,0.5864,0.5783,clean,N/A,HIGH,external_debt_pct_gni,True
DEU,DEU,2024,7.081,5.858,1.223,1.223,0.724,0.136,0.425,0.668,0.7,0.39,0.403,Reform Story,0.25,0.426,0.659,FO,Fragile Opportunity,Advanced Economy,stable,0.188,0.3357,0.4368,0.3985,0.7457,0.5815,0.5025,0.8118,0.257,0.6933,0.9634,0.9681,0.7926,0.2601,0.7943,0.9018,0.95,0.1628,0.0483,0.6592,0.5024,0.5788,clean,N/A,HIGH,external_debt_pct_gni,True
DJI,DJI,2010,,3.957,,0.111,0.234,0.193,0.444,0.564,0.13,,0.47,Moderate Potential,0.45,0.466,0.5,SR,Structural Risk,Diversified Emerging Market,noise,0.3777,0.5017,0.4216,0.3279,0.6429,0.7632,0.7028,0.9941,0.1941,0.7418,0.2522,0.3312,0.7819,0.5761,0.0007,0.5977,0.1981,,,,,,data_poverty,HIGH,LOW,gdp_growth; export_growth; gross_capital_formation; secondary_school_enrolment; gdp_per_capita_growth,False
DJI,DJI,2011,,3.595,,0.111,0.175,0.16,0.431,0.435,0.119,,0.458,Moderate Potential,0.45,0.433,0.5,SR,Structural Risk,Diversified Emerging Market,noise,0.3131,0.4324,0.495,0.3925,0.6283,0.4761,0.7265,0.4675,0.2185,0.6709,0.2234,0.3269,0.7941,0.4147,0.0008,0.597,0.2096,,,,,,data_poverty,HIGH,LOW,gdp_growth; export_growth; gross_capital_formation; secondary_school_enrolment; gdp_per_capita_growth,False
DJI,DJI,2012,2.068,2.687,-0.619,0.111,0.186,0.16,0.473,0.442,0.128,0.512,0.329,Low Takeoff Signal,0.45,0.517,0.135,SR,Structural Risk,Diversified Emerging Market,noise,0.3883,0.4397,0.5268,0.4727,0.6266,0.7868,0.7419,0.1297,0.3116,0.667,0.2223,0.3324,0.7795,0.4538,0.001,0.5963,0.2333,,0.9669,0.1346,0.8402,0.412,data_poverty,HIGH,LOW,gdp_growth; export_growth; gross_capital_formation; secondary_school_enrolment; gdp_per_capita_growth,True
DJI,DJI,2013,2.559,2.448,0.111,0.111,0.169,0.161,0.509,0.438,0.109,0.509,0.288,Low Takeoff Signal,0.45,0.447,0.103,SR,Structural Risk,Diversified Emerging Market,structural,0.1242,0.379,0.8117,0.9983,0.3917,0.7115,0.757,0.0406,0.626,0.4969,0.2191,0.3036,0.7897,0.1766,0.0011,0.5985,0.2172,,0.9599,0.1028,0.8469,0.4329,clean,N/A,MEDIUM,gdp_growth; export_growth; secondary_school_enrolment; gdp_per_capita_growth,True
DJI,DJI,2014,2.712,2.601,0.111,0.111,0.204,0.171,0.462,0.52,0.142,0.435,0.277,Low Takeoff Signal,0.871,0.464,0.04,SR,Structural Risk,Diversified Emerging Market,structural,0.8571,0.4887,0.5397,0.0095,0.5575,0.543,0.7535,0.9844,0.6151,0.4156,0.1809,0.2775,0.7806,0.8481,0.0008,0.5988,0.227,,0.9483,0.04,0.7771,0.2005,clean,N/A,HIGH,secondary_school_enrolment,True
DJI,DJI,2015,2.723,2.612,0.111,0.111,0.22,0.177,0.427,0.511,0.14,0.491,0.257,Low Takeoff Signal,0.58,0.463,0.05,SR,Structural Risk,Diversified Emerging Market,structural,0.8566,0.4594,0.5104,0.0035,0.4684,0.6901,0.6533,0.9989,0.5338,0.3694,0.1854,0.2754,0.7425,0.8434,0.0006,0.601,0.2146,,0.6646,0.0498,0.4982,0.8431,clean,N/A,HIGH,secondary_school_enrolment,True
DJI,DJI,2016,2.552,2.441,0.111,0.111,0.174,0.123,0.463,0.378,0.138,0.38,0.278,Low Takeoff Signal,0.568,0.333,0.098,SR,Structural Risk,Diversified Emerging Market,structural,0.8821,0.2304,0.617,0.3672,0.588,0.5719,0.6256,0.6293,0.4029,0.2955,0.1835,0.2761,0.7831,0.8692,0.0004,0.6043,0.2181,0.5707,0.1884,0.0976,0.0547,0.3606,clean,N/A,HIGH,secondary_school_enrolment,True
DJI,DJI,2017,2.714,2.603,0.111,0.111,0.178,0.109,0.607,0.341,0.129,0.38,0.318,Low Takeoff Signal,0.315,0.422,0.23,SL,Stable / Low Opportunity,Diversified Emerging Market,structural,0.6933,0.824,0.4983,0.3468,0.5817,0.5778,0.6068,0.3463,0.2425,0.2758,0.1795,0.2588,0.7832,0.6606,0.0003,0.6087,0.2253,0.1977,0.0413,0.2297,0.0373,0.6733,clean,N/A,HIGH,secondary_school_enrolment,True
DJI,DJI,2018,2.897,2.786,0.111,0.111,0.16,0.142,0.444,0.428,0.12,0.38,0.396,Low Takeoff Signal,0.312,0.399,0.516,SR,Structural Risk,Diversified Emerging Market,structural,0.6939,0.5192,0.495,0.0075,0.556,0.5355,0.6156,0.9777,0.2318,0.4623,0.1862,0.2429,0.7627,0.6546,0.0002,0.6135,0.215,0.0304,0.423,0.5162,0.1389,0.6377,clean,N/A,HIGH,secondary_school_enrolment,True
DJI,DJI,2019,2.994,2.883,0.111,0.111,0.163,0.142,0.48,0.435,0.117,0.38,0.418,Moderate Potential,0.35,0.434,0.492,SR,Structural Risk,Diversified Emerging Market,structural,0.7599,0.4798,0.4688,0.0072,0.7164,0.5379,0.6923,0.9833,0.2518,0.4195,0.1829,0.2031,0.7594,0.7429,0.0001,0.6184,0.2054,0.0712,0.5243,0.4916,0.6552,0.112,clean,N/A,HIGH,secondary_school_enrolment,True
DJI,DJI,2020,3.189,3.078,0.111,0.111,0.215,0.164,0.338,0.423,0.087,0.479,0.393,Low Takeoff Signal,0.35,0.408,0.431,SR,Structural Risk,Diversified Emerging Market,structural,0.7655,0.3028,0.5492,0.0057,0.6938,0.5528,0.7464,0.962,0.2639,0.3907,0.169,0.2222,0.7813,0.7566,0.0002,0.6062,0.1965,0.4153,0.4287,0.4315,0.871,0.3717,clean,N/A,HIGH,secondary_school_enrolment,True
DJI,DJI,2021,3.075,2.964,0.111,0.111,0.165,0.135,0.533,0.346,0.104,0.486,0.437,Moderate Potential,0.35,0.53,0.451,SR,Structural Risk,High-Growth Emerging Market,structural,0.3922,0.8468,0.4798,0.0002,0.8,0.5949,0.7487,0.2445,0.2318,0.3709,0.1769,0.2003,0.7865,0.3576,0.0002,0.6048,0.2125,0.3833,0.1601,0.4509,0.8958,0.6845,clean,N/A,HIGH,secondary_school_enrolment,True
DJI,DJI,2022,3.357,3.246,0.111,0.111,0.197,0.165,0.544,0.457,0.112,0.517,0.467,Moderate Potential,0.35,0.544,0.547,SR,Structural Risk,High-Growth Emerging Market,structural,0.5734,0.9271,0.5537,0.0006,0.7713,0.6818,0.7627,0.9613,0.2609,0.3826,0.1871,0.2028,0.787,0.5652,0.0001,0.6059,0.219,0.348,0.1916,0.5467,0.8874,0.8951,clean,N/A,HIGH,secondary_school_enrolment,True
DJI,DJI,2023,3.012,2.901,0.111,0.111,0.183,0.174,0.455,0.468,0.112,0.535,0.393,Low Takeoff Signal,0.2,0.5,0.652,SR,Structural Risk,Diversified Emerging Market,structural,0.8136,0.4688,0.5398,0.0017,0.6313,0.584,0.7828,0.9774,0.2514,0.386,0.1848,0.2047,0.7869,0.8005,0.0001,0.6043,0.2104,0.454,0.0692,0.6516,0.8543,0.8049,clean,N/A,HIGH,secondary_school_enrolment,True
DJI,DJI,2024,3.045,2.934,0.111,0.111,0.176,0.18,0.426,0.472,0.106,0.555,0.412,Moderate Potential,0.2,0.526,0.718,SR,Structural Risk,Diversified Emerging Market,structural,0.8244,0.1813,0.4507,0.0044,0.6537,0.5917,0.7976,0.9925,0.2614,0.3732,0.1957,0.2183,0.787,0.8183,0.0001,0.604,0.1862,0.9702,0.0483,0.7177,0.7205,0.5372,clean,N/A,HIGH,secondary_school_enrolment,True
DNK,DNK,2010,7.226,6.375,0.851,0.851,0.686,0.172,0.376,0.718,0.617,,0.464,Moderate Potential,0.45,0.449,0.5,FO,Fragile Opportunity,Advanced Economy,structural,0.1676,0.3354,0.253,0.1803,0.9401,0.7627,0.4622,0.6629,0.272,0.9294,0.9773,0.9879,0.7716,0.2335,0.5663,0.8969,0.976,,,,,,clean,N/A,HIGH,external_debt_pct_gni,False
DNK,DNK,2011,7.916,7.065,0.851,0.851,0.806,0.161,0.46,0.756,0.648,,0.475,Moderate Potential,0.45,0.481,0.5,FO,Fragile Opportunity,Advanced Economy,structural,0.3152,0.4694,0.4253,0.2255,0.9457,0.7018,0.417,0.6447,0.6715,0.9338,0.9798,0.9885,0.7767,0.3821,0.5431,0.8958,0.9776,,,,,,clean,N/A,HIGH,external_debt_pct_gni,False
DNK,DNK,2012,7.783,6.932,0.851,0.851,0.8,0.175,0.417,0.756,0.645,0.568,0.587,Pre-Breakout Signal,0.45,0.561,0.845,FO,Fragile Opportunity,Advanced Economy,structural,0.3188,0.4331,0.2931,0.2327,0.951,0.7518,0.4554,0.6505,0.6626,0.9158,0.9795,0.9868,0.7644,0.3693,0.5686,0.894,0.9692,0.4334,0.4237,0.8445,0.5419,0.6887,clean,N/A,HIGH,external_debt_pct_gni,True
DNK,DNK,2013,8.199,7.348,0.851,0.851,0.877,0.164,0.459,0.754,0.69,0.689,0.587,Pre-Breakout Signal,0.45,0.63,0.737,FO,Fragile Opportunity,Advanced Economy,structural,0.3413,0.4323,0.3188,0.2445,0.9606,0.7426,0.4985,0.722,0.5658,0.9158,0.9792,0.9871,0.7714,0.4294,0.6047,0.8947,0.9694,0.6881,0.5593,0.7372,0.7117,0.8243,clean,N/A,HIGH,external_debt_pct_gni,True
DNK,DNK,2014,7.983,7.132,0.851,0.851,0.864,0.161,0.477,0.749,0.689,0.708,0.546,Moderate Potential,0.431,0.62,0.619,FO,Fragile Opportunity,Advanced Economy,structural,0.2687,0.4511,0.4197,0.2683,0.9597,0.7391,0.5021,0.837,0.4864,0.9209,0.9784,0.9846,0.7744,0.3713,0.6153,0.8946,0.9634,0.7138,0.7052,0.6192,0.7626,0.8102,clean,N/A,HIGH,external_debt_pct_gni,True
DNK,DNK,2015,7.737,6.886,0.851,0.851,0.858,0.145,0.49,0.746,0.724,0.661,0.486,Moderate Potential,0.326,0.63,0.574,FO,Fragile Opportunity,Advanced Economy,structural,0.4096,0.4777,0.3494,0.3011,0.9598,0.647,0.6039,0.9119,0.4849,0.9139,0.98,0.9843,0.7478,0.4918,0.675,0.8943,0.9676,0.7315,0.6678,0.5739,0.9036,0.5836,clean,N/A,HIGH,external_debt_pct_gni,True
DNK,DNK,2016,7.961,7.11,0.851,0.851,0.889,0.13,0.527,0.746,0.749,0.654,0.503,Moderate Potential,0.396,0.66,0.483,FO,Fragile Opportunity,Advanced Economy,structural,0.5214,0.4794,0.4084,0.3556,0.9544,0.596,0.6727,0.9063,0.5507,0.9068,0.9784,0.9835,0.7889,0.6001,0.6727,0.894,0.965,0.9149,0.9254,0.483,0.9118,0.5373,clean,N/A,HIGH,external_debt_pct_gni,True
DNK,DNK,2017,7.671,6.82,0.851,0.851,0.865,0.128,0.525,0.75,0.749,0.613,0.458,Moderate Potential,0.384,0.619,0.396,FO,Fragile Opportunity,Advanced Economy,structural,0.4476,0.4347,0.4204,0.3639,0.9516,0.5666,0.6911,0.9084,0.5771,0.9041,0.9788,0.9843,0.7869,0.5227,0.6535,0.8961,0.967,0.917,0.6237,0.3963,0.8781,0.5453,clean,N/A,HIGH,external_debt_pct_gni,True
DNK,DNK,2018,7.717,6.866,0.851,0.851,0.864,0.133,0.514,0.749,0.731,0.565,0.473,Moderate Potential,0.441,0.568,0.414,FO,Fragile Opportunity,Advanced Economy,structural,0.3119,0.4561,0.4607,0.3738,0.9507,0.5356,0.7091,0.8671,0.5985,0.9167,0.9788,0.9828,0.7527,0.4105,0.6969,0.897,0.9708,0.5926,0.65,0.4144,0.933,0.4159,clean,N/A,HIGH,external_debt_pct_gni,True
DNK,DNK,2019,7.413,6.562,0.851,0.851,0.854,0.14,0.498,0.757,0.735,0.509,0.404,Moderate Potential,0.25,0.544,0.498,FO,Fragile Opportunity,Advanced Economy,structural,0.3833,0.4568,0.3969,0.352,0.9502,0.5393,0.7189,0.8695,0.6306,0.8996,0.981,0.9824,0.7561,0.4765,0.7064,0.8965,0.9743,0.3919,0.5275,0.498,0.8634,0.3762,clean,N/A,HIGH,external_debt_pct_gni,True
DNK,DNK,2020,7.782,6.931,0.851,0.851,0.914,0.149,0.466,0.727,0.655,0.496,0.415,Moderate Potential,0.25,0.495,0.612,FO,Fragile Opportunity,Knowledge / Service Economy,structural,0.6095,0.4957,0.4782,0.4753,0.9533,0.5525,0.7146,0.8953,0.5199,0.8953,0.9803,0.9858,0.7885,0.6642,0.7186,0.8947,0.9789,0.4042,0.3433,0.6124,0.8313,0.3691,clean,N/A,HIGH,external_debt_pct_gni,True
DNK,DNK,2021,8.083,7.232,0.851,0.851,0.918,0.085,0.64,0.763,0.827,0.69,0.494,Moderate Potential,0.25,0.677,0.754,RO,Robust Opportunity,Advanced Economy,structural,0.5736,0.3827,0.4702,0.511,0.9583,0.5883,0.7472,0.877,0.5749,0.8924,0.9815,0.9871,0.7847,0.6084,0.722,0.8928,0.978,0.7371,0.6229,0.7541,0.8691,0.591,clean,N/A,HIGH,external_debt_pct_gni,True
DNK,DNK,2022,7.598,6.747,0.851,0.851,0.849,0.135,0.563,0.773,0.699,0.59,0.463,Moderate Potential,0.25,0.585,0.72,FO,Fragile Opportunity,Advanced Economy,structural,0.2719,0.4105,0.5762,0.5242,0.9519,0.5968,0.7946,0.894,0.4353,0.8931,0.9816,0.9875,0.7853,0.2932,0.6908,0.8955,0.9799,0.3553,0.9807,0.7203,0.8271,0.3751,clean,N/A,HIGH,external_debt_pct_gni,True
DNK,DNK,2023,7.924,7.073,0.851,0.851,0.91,0.145,0.541,0.783,0.698,0.624,0.46,Moderate Potential,0.25,0.619,0.665,FO,Fragile Opportunity,Advanced Economy,structural,0.3035,0.663,0.4822,0.5139,0.943,0.6056,0.7962,0.8959,0.4464,0.8999,0.9817,0.9883,0.7851,0.3559,0.6447,0.8938,0.9787,0.2025,0.9725,0.6652,0.8064,0.8074,clean,N/A,HIGH,external_debt_pct_gni,True
DNK,DNK,2024,8.115,7.264,0.851,0.851,0.947,0.126,0.589,0.802,0.772,0.549,0.459,Moderate Potential,0.25,0.582,0.705,FO,Fragile Opportunity,Advanced Economy,structural,0.5341,0.5789,0.5111,0.4976,0.939,0.5864,0.8327,0.9522,0.5026,0.8888,0.981,0.9869,0.7853,0.6135,0.6368,0.8943,0.9772,0.1751,0.5209,0.7049,0.9246,0.5933,clean,N/A,HIGH,external_debt_pct_gni,True
DOM,DOM,2010,7.848,7.193,0.655,0.655,0.806,0.045,0.57,0.454,0.625,,0.51,Moderate Potential,0.45,0.589,0.5,RO,Robust Opportunity,High-Growth Emerging Market,structural,0.8313,0.5595,0.4257,0.5826,0.5185,0.4397,0.583,0.3188,0.8151,0.5687,0.2978,0.2438,0.7991,0.8519,0.7158,0.4169,0.4796,,,,,,clean,N/A,HIGH,,False
DOM,DOM,2011,6.273,5.618,0.655,0.655,0.542,0.096,0.445,0.455,0.512,,0.47,Moderate Potential,0.45,0.467,0.5,SL,Stable / Low Opportunity,High-Growth Emerging Market,structural,0.4504,0.4691,0.4212,0.4728,0.4973,0.4697,0.5627,0.3458,0.7809,0.5941,0.3182,0.2592,0.8062,0.4581,0.6204,0.4169,0.4318,,,,,,clean,N/A,HIGH,,False
DOM,DOM,2012,6.204,5.549,0.655,0.655,0.568,0.096,0.449,0.466,0.514,0.479,0.551,Pre-Breakout Signal,0.45,0.491,0.799,SL,Stable / Low Opportunity,Diversified Emerging Market,structural,0.45,0.4715,0.48,0.4268,0.4851,0.6172,0.5375,0.3865,0.6417,0.6313,0.323,0.2469,0.7921,0.4599,0.5988,0.4254,0.4359,0.0556,0.9214,0.7992,0.204,0.6336,clean,N/A,HIGH,,True
DOM,DOM,2013,6.605,5.95,0.655,0.655,0.611,0.092,0.464,0.463,0.54,0.525,0.598,Pre-Breakout Signal,0.45,0.539,0.938,RO,Robust Opportunity,High-Growth Emerging Market,structural,0.6303,0.5061,0.4063,0.3596,0.4774,0.5283,0.5104,0.4294,0.633,0.6245,0.3571,0.2495,0.7756,0.6654,0.5223,0.4482,0.4456,0.4106,0.5573,0.9382,0.1581,0.7492,clean,N/A,HIGH,,True
DOM,DOM,2014,7.334,6.679,0.655,0.655,0.725,0.094,0.508,0.498,0.594,0.619,0.63,Pre-Breakout Signal,0.456,0.611,0.951,RO,Robust Opportunity,High-Growth Emerging Market,structural,0.8524,0.5078,0.4599,0.3723,0.48,0.6549,0.5487,0.4389,0.6391,0.6153,0.4011,0.2701,0.7726,0.881,0.6414,0.4358,0.4634,0.7145,0.6013,0.9513,0.2798,0.9328,clean,N/A,HIGH,,True
DOM,DOM,2015,7.014,6.359,0.655,0.655,0.682,0.108,0.493,0.496,0.585,0.685,0.604,Pre-Breakout Signal,0.526,0.637,0.666,RO,Robust Opportunity,High-Growth Emerging Market,structural,0.8395,0.4772,0.4239,0.3946,0.4699,0.5981,0.6008,0.5734,0.683,0.6533,0.3457,0.2545,0.7473,0.8596,0.539,0.4357,0.4766,0.9137,0.5548,0.6662,0.7022,0.897,clean,N/A,HIGH,,True
DOM,DOM,2016,6.249,6.043,0.206,0.655,0.685,0.097,0.505,0.499,0.587,0.623,0.512,Moderate Potential,0.529,0.605,0.405,RO,Robust Opportunity,High-Growth Emerging Market,cyclical,0.8607,0.5179,0.4557,0.3782,0.4609,0.5801,0.6169,0.6254,0.7007,0.687,0.3436,0.2481,0.7485,0.8802,0.5203,0.4575,0.4828,0.9334,0.461,0.4052,0.8424,0.7794,clean,N/A,HIGH,,True
DOM,DOM,2017,5.782,5.127,0.655,0.655,0.562,0.106,0.446,0.486,0.564,0.581,0.442,Moderate Potential,0.533,0.539,0.281,SL,Stable / Low Opportunity,High-Growth Emerging Market,structural,0.541,0.4301,0.4754,0.3237,0.4595,0.5452,0.5898,0.6186,0.7022,0.6598,0.3316,0.2466,0.7658,0.5666,0.6183,0.44,0.4592,0.5386,0.8852,0.2814,0.8005,0.5865,clean,N/A,HIGH,,True
DOM,DOM,2018,6.019,5.364,0.655,0.655,0.679,0.06,0.535,0.47,0.594,0.466,0.332,Low Takeoff Signal,0.548,0.509,0.112,RO,Robust Opportunity,High-Growth Emerging Market,structural,0.8911,0.478,0.4684,0.5186,0.4581,0.5356,0.5779,0.523,0.7029,0.6077,0.3371,0.2356,0.7434,0.9058,0.5497,0.4451,0.4529,0.4657,0.629,0.1121,0.4917,0.6297,clean,N/A,HIGH,,True
DOM,DOM,2019,5.853,5.198,0.655,0.655,0.624,0.072,0.497,0.475,0.572,0.451,0.37,Low Takeoff Signal,0.2,0.49,0.546,RO,Robust Opportunity,High-Growth Emerging Market,structural,0.7059,0.4441,0.442,0.5319,0.4808,0.5377,0.561,0.5323,0.695,0.6296,0.366,0.2412,0.7324,0.7344,0.5045,0.4684,0.4712,0.3622,0.6011,0.5456,0.2461,0.5011,clean,N/A,HIGH,,True
DOM,DOM,2020,4.81,4.155,0.655,0.655,0.366,0.131,0.314,0.454,0.325,0.38,0.467,Reform Story,0.35,0.345,0.928,SR,Structural Risk,Diversified Emerging Market,structural,0.2544,0.3119,0.5204,0.5908,0.4467,0.5428,0.4852,0.4904,0.6249,0.7135,0.4051,0.2571,0.7364,0.2554,0.6242,0.4569,0.4905,0.0842,0.6503,0.9283,0.1358,0.0806,clean,N/A,HIGH,,True
DOM,DOM,2021,7.181,6.526,0.655,0.655,0.736,0.03,0.675,0.495,0.608,0.458,0.57,Pre-Breakout Signal,0.35,0.597,0.955,RO,Robust Opportunity,High-Growth Emerging Market,structural,0.9494,0.9082,0.4617,0.8098,0.3784,0.5522,0.5534,0.41,0.6483,0.7627,0.4357,0.324,0.7313,0.9351,0.5262,0.4395,0.5225,0.7288,0.4337,0.9548,0.3168,0.0594,clean,N/A,HIGH,,True
DOM,DOM,2022,6.582,5.927,0.655,0.655,0.701,0.068,0.576,0.51,0.596,0.52,0.455,Moderate Potential,0.2,0.558,0.938,RO,Robust Opportunity,High-Growth Emerging Market,structural,0.5782,0.601,0.5305,0.7927,0.3857,0.6238,0.5576,0.3411,0.6628,0.8072,0.4677,0.3777,0.732,0.6017,0.6136,0.455,0.5099,0.3704,0.5217,0.9378,0.6841,0.2737,clean,N/A,HIGH,,True
DOM,DOM,2023,6.391,5.736,0.655,0.655,0.667,0.114,0.462,0.523,0.571,0.614,0.455,Moderate Potential,0.2,0.555,0.938,RO,Robust Opportunity,Diversified Emerging Market,structural,0.4401,0.3441,0.5564,0.7384,0.3805,0.5852,0.547,0.3797,0.6456,0.7938,0.4861,0.3768,0.7318,0.4806,0.6426,0.4701,0.5569,0.2269,0.7897,0.9378,0.5929,0.8516,clean,N/A,HIGH,,True
DOM,DOM,2024,7.051,6.396,0.655,0.655,0.784,0.093,0.527,0.55,0.621,0.588,0.462,Moderate Potential,0.2,0.594,0.918,RO,Robust Opportunity,Diversified Emerging Market,structural,0.6749,0.5966,0.4953,0.7076,0.3814,0.5752,0.5588,0.3915,0.6356,0.849,0.5146,0.4564,0.732,0.7133,0.5977,0.471,0.6266,0.2362,0.518,0.9182,0.6848,0.9398,clean,N/A,HIGH,,True
DZA,DZA,2010,5.858,5.084,0.774,0.774,0.41,0.159,0.583,0.568,0.245,,0.519,Moderate Potential,0.45,0.617,0.5,SR,Structural Risk,Diversified Emerging Market,structural,0.4765,0.2812,0.3694,0.9851,0.8268,0.7686,0.8676,0.6726,0.9542,0.1104,0.2564,0.3879,0.0701,0.4092,0.3434,0.6571,0.1433,,,,,,clean,N/A,HIGH,,False
DZA,DZA,2011,5.494,4.72,0.774,0.774,0.344,0.16,0.57,0.54,0.215,,0.517,Moderate Potential,0.45,0.61,0.5,SR,Structural Risk,Commodity Exporter,structural,0.4359,0.3766,0.3499,0.9491,0.8394,0.5875,0.8705,0.6981,0.9553,0.101,0.2337,0.375,0.0774,0.3902,0.3302,0.6519,0.1154,,,,,,clean,N/A,HIGH,,False
DZA,DZA,2012,4.28,3.506,0.774,0.774,0.294,0.136,0.572,0.497,0.214,0.38,0.394,Low Takeoff Signal,0.45,0.475,0.27,SR,Structural Risk,High-Growth Emerging Market,structural,0.4314,0.3909,0.3883,0.9519,0.8287,0.2658,0.8716,0.6376,0.9533,0.1336,0.2369,0.3707,0.0749,0.4052,0.2144,0.6681,0.1273,0.2802,0.2631,0.2701,0.7049,0.057,clean,N/A,HIGH,,True
DZA,DZA,2013,5.269,4.495,0.774,0.774,0.384,0.147,0.574,0.552,0.26,0.43,0.535,Moderate Potential,0.45,0.555,0.625,SR,Structural Risk,Diversified Emerging Market,structural,0.4375,0.3675,0.3379,0.9806,0.804,0.7066,0.8836,0.5493,0.9478,0.1286,0.2885,0.3912,0.0704,0.3926,0.2798,0.6851,0.2032,0.2467,0.3408,0.6252,0.8268,0.188,clean,N/A,HIGH,,True
DZA,DZA,2014,4.598,3.824,0.774,0.774,0.38,0.13,0.612,0.488,0.26,0.495,0.353,Low Takeoff Signal,0.157,0.595,0.497,SR,Structural Risk,Diversified Emerging Market,structural,0.5821,0.4241,0.3911,0.9912,0.7947,0.4282,0.894,0.4106,0.9464,0.1414,0.2373,0.3192,0.0581,0.5218,0.2628,0.6807,0.141,0.6986,0.3614,0.497,0.8656,0.1681,clean,N/A,HIGH,,True
DZA,DZA,2015,4.429,3.655,0.774,0.774,0.392,0.118,0.598,0.462,0.285,0.476,0.289,Low Takeoff Signal,0.104,0.595,0.41,SL,Stable / Low Opportunity,High-Growth Emerging Market,structural,0.5219,0.4513,0.3244,0.995,0.7861,0.5478,0.9037,0.0853,0.9381,0.1679,0.2218,0.3119,0.1439,0.4617,0.152,0.6773,0.1627,0.693,0.3074,0.4104,0.8447,0.2192,clean,N/A,HIGH,,True
DZA,DZA,2016,4.782,4.008,0.774,0.774,0.47,0.103,0.638,0.437,0.329,0.535,0.27,Low Takeoff Signal,0.121,0.634,0.254,SL,Stable / Low Opportunity,High-Growth Emerging Market,structural,0.6175,0.511,0.3227,0.9951,0.7827,0.5189,0.867,0.0826,0.9197,0.1585,0.2249,0.3014,0.1535,0.5423,0.2244,0.6747,0.1591,0.7252,0.6012,0.2541,0.736,0.3609,clean,N/A,HIGH,,True
DZA,DZA,2017,3.587,2.813,0.774,0.774,0.3,0.118,0.558,0.457,0.25,0.38,0.192,Low Takeoff Signal,0.164,0.447,0.086,SL,Stable / Low Opportunity,Commodity Exporter,structural,0.2942,0.3527,0.4135,0.9959,0.7835,0.5404,0.8279,0.0897,0.9165,0.2141,0.2209,0.3411,0.1308,0.2377,0.1252,0.6721,0.1508,0.5216,0.5515,0.0861,0.1822,0.0952,clean,N/A,HIGH,,True
DZA,DZA,2018,3.856,3.082,0.774,0.774,0.254,0.131,0.56,0.467,0.202,0.38,0.337,Low Takeoff Signal,0.198,0.483,0.411,SR,Structural Risk,High-Growth Emerging Market,structural,0.2601,0.3912,0.4433,0.9916,0.7822,0.5355,0.7468,0.1787,0.9264,0.306,0.2257,0.3441,0.0802,0.1903,0.107,0.6724,0.1355,0.0324,0.653,0.4109,0.0412,0.7335,clean,N/A,HIGH,,True
DZA,DZA,2019,4.527,3.753,0.774,0.774,0.249,0.128,0.556,0.432,0.2,0.441,0.53,Moderate Potential,0.45,0.535,0.634,SR,Structural Risk,Commodity Exporter,structural,0.3057,0.4089,0.4159,0.9879,0.7829,0.5384,0.6947,0.2037,0.9236,0.1603,0.2303,0.3039,0.0712,0.2452,0.0942,0.6727,0.1182,0.0678,0.703,0.6343,0.0483,0.8793,clean,N/A,HIGH,,True
DZA,DZA,2020,5.007,4.233,0.774,0.774,0.321,0.141,0.506,0.425,0.16,0.463,0.556,Pre-Breakout Signal,0.45,0.514,0.78,SR,Structural Risk,High-Growth Emerging Market,structural,0.4132,0.4448,0.4832,0.9872,0.783,0.5467,0.7171,0.083,0.9188,0.2188,0.2496,0.282,0.0829,0.3808,0.085,0.6772,0.1329,0.0974,0.6799,0.7805,0.0355,0.9708,clean,N/A,HIGH,,True
DZA,DZA,2021,4.93,4.156,0.774,0.774,0.266,0.142,0.601,0.451,0.192,0.523,0.617,Pre-Breakout Signal,0.45,0.6,0.92,SR,Structural Risk,High-Growth Emerging Market,structural,0.3427,0.4749,0.4219,0.9684,0.5218,0.5523,0.6255,0.4296,0.9098,0.2227,0.2615,0.2841,0.0796,0.3013,0.094,0.6787,0.1564,0.7155,0.5264,0.9204,0.0493,0.5753,clean,N/A,HIGH,secondary_school_enrolment,True
DZA,DZA,2022,4.841,4.067,0.774,0.774,0.286,0.146,0.612,0.522,0.201,0.403,0.561,Pre-Breakout Signal,0.45,0.517,0.8,SR,Structural Risk,High-Growth Emerging Market,structural,0.4678,0.2408,0.4826,0.9069,0.7912,0.6028,0.6765,0.8345,0.9097,0.2443,0.256,0.2903,0.0802,0.4435,0.0944,0.678,0.1865,0.6361,0.1746,0.7996,0.1686,0.2869,clean,N/A,HIGH,,True
DZA,DZA,2023,5.215,4.441,0.774,0.774,0.333,0.145,0.63,0.509,0.209,0.481,0.596,Pre-Breakout Signal,0.45,0.603,0.816,SR,Structural Risk,High-Growth Emerging Market,structural,0.6149,0.5042,0.4226,0.966,0.7616,0.557,0.6785,0.6678,0.9164,0.2716,0.2818,0.2931,0.0801,0.5939,0.0986,0.6757,0.2112,0.9531,0.3351,0.8164,0.4902,0.0778,clean,N/A,HIGH,,True
DZA,DZA,2024,4.682,3.908,0.774,0.774,0.328,0.154,0.625,0.496,0.205,0.557,0.455,Moderate Potential,0.2,0.63,0.809,SR,Structural Risk,High-Growth Emerging Market,structural,0.5563,0.3276,0.4243,0.9853,0.8017,0.5779,0.6891,0.4932,0.9108,0.3127,0.2982,0.3204,0.08,0.5448,0.1002,0.6771,0.2164,0.9072,0.3825,0.8095,0.3056,0.5962,clean,N/A,HIGH,,True
ECU,ECU,2010,5.355,4.695,0.66,0.66,0.369,0.139,0.43,0.493,0.328,,0.473,Moderate Potential,0.45,0.475,0.5,SR,Structural Risk,Diversified Emerging Market,structural,0.3881,0.2973,0.3423,0.4391,0.7237,0.7217,0.7997,0.4435,0.8459,0.2983,0.1631,0.2608,0.3928,0.3528,0.7567,0.4229,0.0887,,,,,,clean,N/A,HIGH,,False
ECU,ECU,2011,6.22,5.56,0.66,0.66,0.502,0.111,0.554,0.478,0.371,,0.513,Moderate Potential,0.45,0.598,0.5,SL,Stable / Low Opportunity,High-Growth Emerging Market,structural,0.8059,0.4604,0.3406,0.4199,0.7631,0.5765,0.7955,0.4965,0.85,0.2905,0.1588,0.2724,0.306,0.7936,0.7643,0.3866,0.115,,,,,,clean,N/A,HIGH,,False
ECU,ECU,2012,5.644,4.984,0.66,0.66,0.513,0.123,0.517,0.5,0.382,0.518,0.476,Moderate Potential,0.45,0.549,0.43,SR,Structural Risk,High-Growth Emerging Market,structural,0.5996,0.4649,0.388,0.3913,0.7818,0.5993,0.7948,0.5215,0.8695,0.3259,0.1622,0.3068,0.3178,0.5888,0.7718,0.3861,0.1469,0.7474,0.4987,0.4298,0.5735,0.3403,clean,N/A,HIGH,,True
ECU,ECU,2013,6.723,6.063,0.66,0.66,0.632,0.12,0.556,0.53,0.431,0.566,0.597,Pre-Breakout Signal,0.45,0.615,0.8,RO,Robust Opportunity,High-Growth Emerging Market,structural,0.7856,0.4445,0.3385,0.4946,0.7779,0.609,0.7672,0.5136,0.8578,0.5116,0.1961,0.3178,0.3292,0.8009,0.7775,0.3926,0.1943,0.8074,0.634,0.7998,0.4837,0.2131,clean,N/A,HIGH,,True
ECU,ECU,2014,6.051,5.391,0.66,0.66,0.551,0.113,0.528,0.515,0.427,0.513,0.532,Moderate Potential,0.391,0.55,0.735,SL,Stable / Low Opportunity,High-Growth Emerging Market,structural,0.5965,0.4684,0.3939,0.4932,0.7886,0.5281,0.7409,0.5429,0.8248,0.5835,0.1838,0.2702,0.3235,0.6125,0.7587,0.4238,0.214,0.7143,0.6681,0.7347,0.2656,0.1804,clean,N/A,HIGH,,True
ECU,ECU,2015,4.348,3.688,0.66,0.66,0.352,0.118,0.421,0.478,0.373,0.38,0.358,Low Takeoff Signal,0.248,0.414,0.462,SL,Stable / Low Opportunity,High-Growth Emerging Market,structural,0.2338,0.401,0.3709,0.3963,0.7605,0.5724,0.6947,0.5485,0.7815,0.5152,0.1689,0.2778,0.5666,0.2376,0.7647,0.3852,0.1489,0.0212,0.7404,0.4622,0.0916,0.3501,clean,N/A,HIGH,,True
ECU,ECU,2016,4.129,3.469,0.66,0.66,0.309,0.125,0.378,0.473,0.355,0.38,0.361,Low Takeoff Signal,0.251,0.425,0.457,SR,Structural Risk,Diversified Emerging Market,structural,0.154,0.3966,0.3165,0.2936,0.7239,0.5867,0.624,0.7196,0.7204,0.5416,0.1936,0.2573,0.6201,0.1504,0.7253,0.3242,0.174,0.0294,0.6274,0.4573,0.0441,0.6719,clean,N/A,HIGH,,True
ECU,ECU,2017,5.282,4.622,0.66,0.66,0.483,0.094,0.515,0.467,0.439,0.468,0.421,Moderate Potential,0.265,0.536,0.546,SL,Stable / Low Opportunity,High-Growth Emerging Market,structural,0.7378,0.4145,0.4129,0.3921,0.7003,0.5737,0.6136,0.6059,0.6915,0.56,0.2163,0.255,0.5835,0.7175,0.7683,0.3054,0.1528,0.4599,0.5506,0.5456,0.0347,0.9504,clean,N/A,HIGH,,True
ECU,ECU,2018,4.961,4.301,0.66,0.66,0.363,0.129,0.434,0.461,0.364,0.544,0.512,Moderate Potential,0.278,0.546,0.967,SR,Structural Risk,High-Growth Emerging Market,structural,0.2241,0.4411,0.4488,0.3742,0.6817,0.5356,0.5926,0.524,0.665,0.5743,0.2545,0.3135,0.4911,0.1792,0.7699,0.2943,0.1897,0.5296,0.6252,0.9667,0.0665,0.9621,clean,N/A,HIGH,,True
ECU,ECU,2019,4.974,4.314,0.66,0.66,0.342,0.131,0.415,0.455,0.356,0.54,0.547,Moderate Potential,0.35,0.538,0.94,SR,Structural Risk,Diversified Emerging Market,structural,0.2438,0.4592,0.418,0.3112,0.6653,0.5399,0.5767,0.5733,0.6126,0.5044,0.299,0.3394,0.5079,0.2007,0.745,0.2713,0.2181,0.4612,0.599,0.9401,0.1416,0.9337,clean,N/A,HIGH,,True
ECU,ECU,2020,5.094,4.434,0.66,0.66,0.346,0.16,0.331,0.45,0.234,0.555,0.574,Pre-Breakout Signal,0.45,0.472,0.956,SR,Structural Risk,Diversified Emerging Market,structural,0.1977,0.5172,0.4904,0.2245,0.6655,0.5552,0.5639,0.7085,0.5647,0.539,0.3266,0.3262,0.64,0.1921,0.7341,0.2719,0.226,0.3022,0.7332,0.9559,0.2415,0.8001,clean,N/A,HIGH,,True
ECU,ECU,2021,6.295,5.635,0.66,0.66,0.531,0.096,0.561,0.473,0.483,0.594,0.63,Pre-Breakout Signal,0.45,0.617,0.955,SL,Stable / Low Opportunity,High-Growth Emerging Market,structural,0.7895,0.4234,0.4237,0.3385,0.6741,0.5992,0.5636,0.682,0.5907,0.5269,0.3888,0.2908,0.5557,0.7813,0.7662,0.2619,0.2859,0.7144,0.5522,0.9548,0.2092,0.7452,clean,N/A,HIGH,,True
ECU,ECU,2022,6.395,5.735,0.66,0.66,0.551,0.106,0.538,0.475,0.482,0.616,0.627,Pre-Breakout Signal,0.45,0.619,0.938,SL,Stable / Low Opportunity,High-Growth Emerging Market,structural,0.6192,0.447,0.4916,0.4004,0.6601,0.6798,0.5832,0.6362,0.5796,0.5006,0.3378,0.2858,0.5569,0.6542,0.7564,0.2747,0.3244,0.9664,0.2358,0.9378,0.5939,0.7663,clean,N/A,HIGH,,True
ECU,ECU,2023,5.81,5.15,0.66,0.66,0.446,0.12,0.436,0.461,0.43,0.554,0.623,Pre-Breakout Signal,0.875,0.518,0.519,SR,Structural Risk,High-Growth Emerging Market,structural,0.4215,0.4246,0.4191,0.3432,0.6504,0.5997,0.6126,0.642,0.578,0.4377,0.2386,0.2641,0.5567,0.464,0.7614,0.3031,0.2744,0.7633,0.2582,0.5191,0.5931,0.6476,clean,N/A,HIGH,,True
ECU,ECU,2024,3.155,2.495,0.66,0.66,0.272,0.123,0.367,0.457,0.345,0.38,0.146,Low Takeoff Signal,0.2,0.376,0.033,SR,Structural Risk,Diversified Emerging Market,structural,0.1122,0.4348,0.4221,0.2455,0.6434,0.5964,0.5994,0.8146,0.5923,0.3013,0.2087,0.2549,0.5567,0.132,0.7409,0.2797,0.2522,0.1705,0.192,0.0334,0.7122,0.5718,clean,N/A,HIGH,,True
EGY,Egypt,2010,5.216,4.395,0.821,0.821,0.34,0.1,0.341,0.364,0.468,,0.433,Moderate Potential,0.45,0.369,0.5,SL,Stable / Low Opportunity,High-Growth Emerging Market,structural,0.5172,0.2487,0.4129,0.2426,0.3117,0.1356,0.1894,0.4549,0.892,0.1835,0.4581,0.2989,0.4826,0.4545,0.2722,0.812,0.4709,,,,,,clean,N/A,HIGH,,False
EGY,Egypt,2011,4.593,3.772,0.821,0.821,0.225,0.117,0.309,0.345,0.346,,0.432,Moderate Potential,0.45,0.366,0.5,SL,Stable / Low Opportunity,Commodity Exporter,structural,0.346,0.412,0.3146,0.1664,0.4192,0.2968,0.1725,0.4533,0.8947,0.0655,0.357,0.3131,0.442,0.2947,0.1674,0.8088,0.4169,,,,,,clean,N/A,HIGH,,False
EGY,Egypt,2012,3.287,2.466,0.821,0.821,0.215,0.113,0.327,0.381,0.319,0.399,0.223,Low Takeoff Signal,0.45,0.394,0.051,SL,Stable / Low Opportunity,Diversified Emerging Market,structural,0.4229,0.4027,0.3944,0.1385,0.4056,0.3808,0.2171,0.4512,0.8983,0.0814,0.342,0.3445,0.4503,0.3851,0.104,0.8201,0.297,0.3438,0.2255,0.0505,0.6502,0.7235,clean,N/A,HIGH,,True
EGY,Egypt,2013,3.051,2.23,0.821,0.821,0.183,0.096,0.34,0.33,0.303,0.38,0.206,Low Takeoff Signal,0.45,0.365,0.043,SL,Stable / Low Opportunity,Diversified Emerging Market,structural,0.4035,0.4618,0.3642,0.1037,0.3964,0.173,0.1703,0.4827,0.8823,0.0591,0.2594,0.325,0.4499,0.3349,0.1134,0.7702,0.2218,0.3315,0.517,0.0427,0.4011,0.2427,clean,N/A,HIGH,,True
EGY,Egypt,2014,3.077,2.256,0.821,0.821,0.193,0.102,0.305,0.349,0.333,0.38,0.199,Low Takeoff Signal,0.441,0.355,0.04,SL,Stable / Low Opportunity,Diversified Emerging Market,structural,0.4433,0.323,0.4114,0.0835,0.3778,0.2564,0.1648,0.5347,0.8986,0.0819,0.2362,0.3371,0.4623,0.3522,0.1316,0.778,0.2197,0.599,0.5984,0.04,0.2305,0.2697,clean,N/A,HIGH,,True
EGY,Egypt,2015,3.446,2.625,0.821,0.821,0.248,0.09,0.363,0.329,0.355,0.406,0.218,Low Takeoff Signal,0.391,0.448,0.048,SL,Stable / Low Opportunity,Diversified Emerging Market,structural,0.6393,0.4461,0.3927,0.1119,0.3724,0.3736,0.1805,0.4868,0.8844,0.0761,0.2343,0.3375,0.591,0.5774,0.0973,0.7761,0.2124,0.9137,0.9163,0.0475,0.2905,0.1904,clean,N/A,HIGH,,True
EGY,Egypt,2016,3.291,2.47,0.821,0.821,0.231,0.087,0.334,0.322,0.359,0.38,0.2,Low Takeoff Signal,0.346,0.391,0.049,SL,Stable / Low Opportunity,Diversified Emerging Market,structural,0.6663,0.3075,0.4049,0.1294,0.3948,0.4367,0.1518,0.3846,0.838,0.0783,0.23,0.3774,0.6509,0.597,0.0932,0.7734,0.2023,0.8949,0.8858,0.0485,0.0867,0.0385,clean,N/A,HIGH,,True
EGY,Egypt,2017,4.133,3.312,0.821,0.821,0.313,0.058,0.518,0.29,0.356,0.399,0.311,Low Takeoff Signal,0.181,0.508,0.33,SL,Stable / Low Opportunity,Diversified Emerging Market,structural,0.5671,0.9433,0.4504,0.2144,0.4059,0.3798,0.127,0.2919,0.7402,0.0878,0.2513,0.396,0.5457,0.4933,0.0926,0.7496,0.2167,0.899,0.9535,0.33,0.1406,0.0257,clean,N/A,HIGH,,True
EGY,Egypt,2018,5.332,4.511,0.821,0.821,0.431,0.089,0.531,0.355,0.411,0.565,0.468,Moderate Potential,0.225,0.596,0.828,SL,Stable / Low Opportunity,Commodity Exporter,structural,0.7551,0.7165,0.4671,0.2813,0.4081,0.535,0.1924,0.4825,0.7066,0.1145,0.264,0.3695,0.4691,0.6852,0.1871,0.7812,0.2141,0.9114,0.9122,0.8281,0.5349,0.0387,clean,N/A,HIGH,,True
EGY,Egypt,2019,5.862,5.041,0.821,0.821,0.431,0.118,0.439,0.354,0.479,0.688,0.615,Pre-Breakout Signal,0.45,0.6,0.909,SL,Stable / Low Opportunity,Diversified Emerging Market,structural,0.7604,0.423,0.4383,0.2928,0.4186,0.5343,0.2736,0.4274,0.7298,0.1279,0.2624,0.2924,0.5128,0.7255,0.3332,0.7734,0.2273,0.7681,0.7865,0.9094,0.6694,0.52,clean,N/A,HIGH,,True
EGY,Egypt,2020,5.901,5.08,0.821,0.821,0.58,0.129,0.365,0.352,0.507,0.696,0.402,Moderate Potential,0.2,0.581,0.589,FO,Fragile Opportunity,High-Growth Emerging Market,structural,0.8536,0.3492,0.4959,0.2753,0.4405,0.5425,0.3519,0.416,0.7706,0.1508,0.2444,0.2292,0.6192,0.8451,0.5,0.7867,0.2605,0.9129,0.6395,0.5894,0.871,0.9722,clean,N/A,HIGH,,True
EGY,Egypt,2021,4.251,3.43,0.821,0.821,0.318,0.085,0.371,0.346,0.489,0.489,0.338,Low Takeoff Signal,0.2,0.474,0.418,SL,Stable / Low Opportunity,Commodity Exporter,structural,0.3037,0.0664,0.4314,0.2255,0.476,0.5782,0.3017,0.3377,0.7534,0.1721,0.24,0.2373,0.6192,0.2764,0.4795,0.7157,0.2803,0.4692,0.0606,0.418,0.8958,0.8562,clean,N/A,HIGH,,True
EGY,Egypt,2022,5.667,4.846,0.821,0.821,0.553,0.052,0.57,0.361,0.526,0.511,0.378,Low Takeoff Signal,0.2,0.555,0.506,SL,Stable / Low Opportunity,High-Growth Emerging Market,structural,0.664,0.9964,0.5143,0.2804,0.4696,0.5459,0.2607,0.4269,0.7366,0.1949,0.2648,0.2433,0.6202,0.6533,0.4873,0.7219,0.2525,0.3482,0.2015,0.5061,0.7835,0.8987,clean,N/A,HIGH,,True
EGY,Egypt,2023,5.187,4.366,0.821,0.821,0.476,0.05,0.488,0.36,0.492,0.38,0.359,Low Takeoff Signal,0.2,0.383,0.661,SL,Stable / Low Opportunity,Diversified Emerging Market,structural,0.5846,0.982,0.4998,0.164,0.5219,0.372,0.2049,0.4978,0.6548,0.212,0.2659,0.2317,0.62,0.5471,0.4346,0.6998,0.2842,0.2023,0.4341,0.6607,0.051,0.0174,clean,N/A,HIGH,,True
EGY,Egypt,2024,4.358,3.537,0.821,0.821,0.318,0.068,0.374,0.337,0.474,0.38,0.366,Low Takeoff Signal,0.2,0.352,0.775,SL,Stable / Low Opportunity,Diversified Emerging Market,structural,0.4262,0.1658,0.6776,0.082,0.5172,0.3902,0.233,0.2934,0.6671,0.2068,0.2783,0.2381,0.6201,0.3832,0.4312,0.7018,0.3077,0.1604,0.9741,0.7752,0.1907,0.0145,clean,N/A,HIGH,,True
ERI,ERI,2010,3.239,3.188,0.051,0.051,0.134,0.109,0.296,0.224,0.242,,0.407,Moderate Potential,0.45,0.309,0.5,SL,Stable / Low Opportunity,Diversified Emerging Market,structural,0.2115,0.582,0.4911,0.0611,0.1606,0.5967,0.0002,0.2373,0.2053,0.2164,0.0796,0.2579,0.7337,0.161,0.7253,0.3387,0.0294,,,,,,clean,N/A,HIGH,,False
ERI,ERI,2011,3.893,3.842,0.051,0.051,0.2,0.107,0.484,0.299,0.214,,0.489,Moderate Potential,0.45,0.521,0.5,SL,Stable / Low Opportunity,Diversified Emerging Market,structural,0.8152,1.0,0.3688,0.0753,0.1591,0.4721,0.001,0.7631,0.3719,0.2356,0.0789,0.244,0.095,0.7953,0.7277,0.3355,0.0319,,,,,,clean,N/A,HIGH,,False
ERI,ERI,2012,3.256,3.205,0.051,0.051,0.185,0.103,0.478,0.3,0.208,0.465,0.474,Moderate Potential,0.45,0.521,0.451,SL,Stable / Low Opportunity,Diversified Emerging Market,structural,0.7283,1.0,0.4104,0.0757,0.1543,0.4234,0.0014,0.7629,0.4157,0.2339,0.0798,0.2179,0.0679,0.7076,0.7339,0.3327,0.0318,,,0.4509,0.9383,0.193,clean,N/A,HIGH,,True
ERI,ERI,2013,2.914,2.863,0.051,0.051,0.141,0.076,0.478,0.235,0.201,0.38,0.446,Moderate Potential,0.45,0.456,0.428,SL,Stable / Low Opportunity,Diversified Emerging Market,structural,0.8572,1.0,0.3806,0.0777,0.1381,0.1698,0.0001,0.5998,0.4612,0.2198,0.0788,0.1827,0.0461,0.8581,0.7397,0.328,0.0295,,,0.4285,0.4086,0.1486,clean,N/A,HIGH,,True
ERI,ERI,2014,2.689,2.638,0.051,0.051,0.189,0.107,0.482,0.358,0.201,0.38,0.311,Low Takeoff Signal,0.45,0.426,0.14,SL,Stable / Low Opportunity,Diversified Emerging Market,structural,0.9237,1.0,0.4203,0.0682,0.129,0.6685,0.0004,0.9584,0.4905,0.3027,0.0635,0.1614,0.0268,0.9205,0.7374,0.3281,0.0304,,,0.1401,0.4976,0.1811,clean,N/A,HIGH,,True
ERI,ERI,2015,2.245,2.194,0.051,0.051,0.17,0.081,0.479,0.252,0.197,0.38,0.215,Low Takeoff Signal,0.45,0.355,0.051,SL,Stable / Low Opportunity,Diversified Emerging Market,structural,0.9133,1.0,0.3864,0.0833,0.101,0.0105,0.0,0.9953,0.53,0.2494,0.0659,0.1124,0.0151,0.9026,0.7341,0.3244,0.0302,,,0.0509,0.0274,0.0741,clean,N/A,HIGH,,True
ERI,ERI,2016,2.67,2.619,0.051,0.051,0.209,0.114,0.482,0.382,0.188,0.38,0.274,Low Takeoff Signal,0.45,0.403,0.099,SL,Stable / Low Opportunity,Diversified Emerging Market,structural,0.9401,1.0,0.3745,0.0845,0.0937,0.8085,0.0001,0.9743,0.5763,0.2792,0.0652,0.1102,0.0058,0.9297,0.7349,0.3229,0.0287,,,0.0985,0.0441,0.3774,clean,N/A,HIGH,,True
ERI,ERI,2017,3.102,3.051,0.051,0.051,0.201,0.114,0.483,0.379,0.184,0.38,0.407,Moderate Potential,0.45,0.481,0.298,SL,Stable / Low Opportunity,Diversified Emerging Market,structural,0.8995,1.0,0.433,0.0629,0.0874,0.6833,0.0,0.9985,0.5821,0.2465,0.0659,0.116,0.0123,0.8758,0.7269,0.3187,0.0286,,,0.298,0.0347,0.9504,clean,N/A,HIGH,,True
ERI,ERI,2018,3.132,3.081,0.051,0.051,0.175,0.102,0.488,0.32,0.183,0.402,0.454,Moderate Potential,0.45,0.495,0.415,SL,Stable / Low Opportunity,Diversified Emerging Market,structural,0.9515,1.0,0.4548,0.0626,0.0901,0.5369,0.0001,0.9814,0.5728,0.2,0.0605,0.0996,0.0282,0.9381,0.7186,0.3179,0.03,,,0.4148,0.0412,0.9621,clean,N/A,HIGH,,True
ERI,ERI,2019,3.231,3.18,0.051,0.051,0.187,0.134,0.489,0.315,0.178,0.594,0.464,Moderate Potential,0.45,0.575,0.375,SR,Structural Risk,Diversified Emerging Market,structural,0.9229,1.0,0.4283,0.066,0.087,0.5365,0.0001,0.9531,0.5935,0.1844,0.0617,0.0969,0.0135,0.9119,0.7124,0.3174,0.0279,,,0.3748,0.657,0.9686,clean,N/A,HIGH,,True
ERI,ERI,2020,3.685,3.634,0.051,0.051,0.263,0.111,0.491,0.32,0.169,0.438,0.477,Moderate Potential,0.45,0.482,0.503,SL,Stable / Low Opportunity,Diversified Emerging Market,structural,0.954,1.0,0.5014,0.0885,0.0828,0.5427,0.0007,0.9723,0.6491,0.1629,0.0661,0.0971,0.0028,0.9501,0.7332,0.3127,0.029,,,0.5033,0.8426,0.0608,clean,N/A,HIGH,,True
ERI,ERI,2021,2.784,3.431,-0.647,0.051,0.209,0.085,0.501,0.275,0.241,0.441,0.5,Moderate Potential,0.45,0.511,0.553,SL,Stable / Low Opportunity,Diversified Emerging Market,noise,0.7632,0.9348,0.4494,0.2614,0.0825,0.5732,0.0006,0.9446,0.2181,0.1833,0.0654,0.0993,0.2143,0.7307,0.717,0.3109,0.0276,,,0.5526,0.8958,0.0212,data_poverty,HIGH,LOW,gdp_growth; export_growth; net_fdi_pct_gdp; gross_capital_formation; external_debt_pct_gni; natural_resource_rents_pct_gdp; gdp_per_capita_growth,True
ERI,ERI,2022,2.098,2.81,-0.712,0.051,0.135,0.141,0.286,0.268,0.158,0.584,0.44,Moderate Potential,0.45,0.337,0.584,SR,Structural Risk,Diversified Emerging Market,noise,0.2028,0.4628,0.5193,0.1578,0.0725,0.6548,0.0002,0.9126,0.1102,0.1616,0.0565,0.1013,0.1522,0.164,0.7016,0.3102,0.0286,,,0.5842,,,data_poverty,HIGH,LOW,gdp_growth; export_growth; net_fdi_pct_gdp; gross_capital_formation; external_debt_pct_gni; natural_resource_rents_pct_gdp; gdp_per_capita_growth,True
ERI,ERI,2023,1.709,2.329,-0.62,0.051,0.112,0.119,0.276,0.321,0.142,0.38,0.34,Low Takeoff Signal,0.45,0.293,0.292,SL,Stable / Low Opportunity,Diversified Emerging Market,noise,0.1182,0.7029,0.4947,0.1812,0.076,0.5718,0.0002,0.941,0.4005,0.2498,0.0552,0.0936,0.1521,0.1098,0.6961,0.308,0.0261,,,0.2919,,,data_poverty,HIGH,LOW,gdp_growth; export_growth; net_fdi_pct_gdp; gross_capital_formation; external_debt_pct_gni; natural_resource_rents_pct_gdp; gdp_per_capita_growth,True
ERI,ERI,2024,1.293,1.913,-0.62,0.051,0.123,0.102,0.322,0.288,0.188,0.38,0.207,Low Takeoff Signal,0.45,0.297,0.055,SL,Stable / Low Opportunity,Diversified Emerging Market,noise,0.3158,0.7278,0.4736,0.1202,0.0695,0.558,0.0002,0.9518,0.1224,0.3064,0.0562,0.0703,0.2156,0.2846,0.6953,0.3093,0.0242,,,0.0553,,,data_poverty,HIGH,LOW,gdp_growth; export_growth; net_fdi_pct_gdp; gross_capital_formation; external_debt_pct_gni; natural_resource_rents_pct_gdp; gdp_per_capita_growth,True
ESP,ESP,2010,5.719,4.931,0.788,0.788,0.412,0.169,0.451,0.591,0.307,,0.474,Moderate Potential,0.45,0.478,0.5,SR,Structural Risk,Diversified Emerging Market,structural,0.091,0.4338,0.4021,0.3801,0.9523,0.7582,0.2817,0.4122,0.3364,0.6043,0.8935,0.8966,0.802,0.1261,0.0349,0.8587,0.8932,,,,,,clean,N/A,HIGH,external_debt_pct_gni,False
ESP,ESP,2011,5.541,4.753,0.788,0.788,0.378,0.166,0.445,0.573,0.294,,0.476,Moderate Potential,0.45,0.483,0.5,SR,Structural Risk,Advanced Economy,structural,0.2019,0.4765,0.3648,0.2915,0.9584,0.7043,0.1995,0.4498,0.1359,0.7049,0.9053,0.9052,0.8121,0.2548,0.0204,0.859,0.8657,,,,,,clean,N/A,HIGH,external_debt_pct_gni,False
ESP,ESP,2012,4.743,3.955,0.788,0.788,0.277,0.162,0.417,0.551,0.246,0.38,0.544,Reform Story,0.45,0.41,0.948,SR,Structural Risk,Advanced Economy,stable,0.2085,0.4304,0.4024,0.2111,0.9598,0.6769,0.0902,0.5284,0.1005,0.678,0.9111,0.9053,0.8011,0.2607,0.0105,0.8539,0.8449,0.2039,0.1625,0.948,0.0391,0.3767,archetype_mismatch,MEDIUM,HIGH,external_debt_pct_gni,True
ESP,ESP,2013,4.659,3.871,0.788,0.788,0.302,0.167,0.438,0.569,0.252,0.426,0.483,Moderate Potential,0.45,0.448,0.573,SR,Structural Risk,Advanced Economy,stable,0.1672,0.4596,0.4418,0.18,0.9473,0.753,0.0706,0.5947,0.2359,0.6693,0.8945,0.847,0.8021,0.2649,0.0082,0.8504,0.8464,0.4073,0.5988,0.5733,0.0286,0.5237,clean,N/A,HIGH,external_debt_pct_gni,True
ESP,ESP,2014,5.054,4.266,0.788,0.788,0.38,0.164,0.468,0.57,0.296,0.516,0.476,Moderate Potential,0.455,0.52,0.452,SR,Structural Risk,Advanced Economy,structural,0.2918,0.4655,0.4304,0.1929,0.9395,0.7906,0.0564,0.6377,0.1023,0.7788,0.8794,0.8032,0.8029,0.5012,0.0096,0.8459,0.81,0.7243,0.6189,0.4521,0.0367,0.8331,clean,N/A,HIGH,external_debt_pct_gni,True
ESP,ESP,2015,5.146,4.358,0.788,0.788,0.469,0.14,0.516,0.564,0.362,0.467,0.369,Low Takeoff Signal,0.456,0.539,0.185,SR,Structural Risk,Diversified Emerging Market,structural,0.6091,0.4885,0.3889,0.255,0.9338,0.6569,0.0805,0.7504,0.1693,0.7761,0.8849,0.7965,0.7652,0.756,0.0157,0.8485,0.8305,0.9137,0.6821,0.1851,0.0274,0.6887,clean,N/A,HIGH,external_debt_pct_gni,True
ESP,ESP,2016,5.78,4.992,0.788,0.788,0.514,0.143,0.509,0.563,0.39,0.561,0.478,Moderate Potential,0.524,0.561,0.355,SR,Structural Risk,Advanced Economy,structural,0.5026,0.4963,0.4723,0.2475,0.9284,0.5834,0.0972,0.8056,0.286,0.7867,0.8928,0.7989,0.8008,0.6637,0.0224,0.8526,0.8628,0.9346,0.6751,0.3553,0.6121,0.412,clean,N/A,HIGH,external_debt_pct_gni,True
ESP,ESP,2017,6.259,5.471,0.788,0.788,0.541,0.135,0.504,0.548,0.445,0.598,0.569,Pre-Breakout Signal,0.503,0.594,0.625,SR,Structural Risk,Advanced Economy,structural,0.4307,0.4422,0.4433,0.2483,0.9173,0.5645,0.1104,0.7684,0.2428,0.736,0.8982,0.7919,0.8015,0.5494,0.0415,0.8523,0.8444,0.9484,0.5501,0.6255,0.8297,0.3126,clean,N/A,HIGH,external_debt_pct_gni,True
ESP,ESP,2018,6.697,5.909,0.788,0.788,0.586,0.128,0.499,0.551,0.479,0.589,0.624,Pre-Breakout Signal,0.56,0.579,0.77,FO,Fragile Opportunity,Advanced Economy,structural,0.3786,0.4393,0.4811,0.285,0.9125,0.5356,0.1204,0.7048,0.254,0.7481,0.894,0.8303,0.7695,0.4921,0.0656,0.8562,0.8484,0.5307,0.9098,0.7705,0.876,0.163,clean,N/A,HIGH,external_debt_pct_gni,True
ESP,ESP,2019,6.151,5.363,0.788,0.788,0.584,0.123,0.49,0.558,0.487,0.53,0.475,Moderate Potential,0.25,0.547,0.854,FO,Fragile Opportunity,Advanced Economy,structural,0.4086,0.4465,0.4312,0.3046,0.9101,0.5394,0.1444,0.6955,0.2916,0.7218,0.9075,0.844,0.7712,0.4636,0.0784,0.8588,0.8598,0.0678,0.6074,0.8535,0.8282,0.4743,clean,N/A,HIGH,external_debt_pct_gni,True
ESP,ESP,2020,4.951,4.163,0.788,0.788,0.424,0.187,0.377,0.565,0.221,0.535,0.382,Low Takeoff Signal,0.25,0.46,0.503,SR,Structural Risk,Knowledge / Service Economy,structural,0.1395,0.378,0.5172,0.3613,0.9058,0.5545,0.1333,0.6386,0.4995,0.7367,0.8905,0.8433,0.794,0.1525,0.0615,0.855,0.8466,0.0558,0.6748,0.5034,0.6934,0.832,clean,N/A,HIGH,external_debt_pct_gni,True
ESP,ESP,2021,6.184,5.396,0.788,0.788,0.646,0.088,0.626,0.561,0.522,0.518,0.392,Low Takeoff Signal,0.25,0.579,0.418,RO,Robust Opportunity,Advanced Economy,structural,0.5892,0.5222,0.4733,0.3966,0.9154,0.5662,0.1372,0.5901,0.3583,0.774,0.8802,0.8439,0.791,0.6432,0.0809,0.8537,0.8593,0.6967,0.5923,0.4185,0.3541,0.5305,clean,N/A,HIGH,external_debt_pct_gni,True
ESP,ESP,2022,6.854,6.066,0.788,0.788,0.759,0.071,0.635,0.542,0.582,0.565,0.407,Moderate Potential,0.25,0.586,0.471,RO,Robust Opportunity,Advanced Economy,structural,0.6507,0.6311,0.5455,0.4148,0.9089,0.6564,0.1234,0.5793,0.2104,0.684,0.8908,0.8391,0.7915,0.6902,0.1172,0.8579,0.8454,0.7108,0.4605,0.4709,0.4988,0.6826,clean,N/A,HIGH,external_debt_pct_gni,True
ESP,ESP,2023,6.339,5.551,0.788,0.788,0.709,0.12,0.522,0.587,0.527,0.56,0.34,Low Takeoff Signal,0.25,0.536,0.285,FO,Fragile Opportunity,Advanced Economy,structural,0.4648,0.4715,0.5159,0.3685,0.9051,0.5871,0.1476,0.6783,0.4034,0.6747,0.8851,0.8319,0.7914,0.4783,0.1167,0.8587,0.8063,0.7134,0.5942,0.2854,0.5917,0.6163,clean,N/A,HIGH,external_debt_pct_gni,True
ESP,ESP,2024,7.023,6.235,0.788,0.788,0.764,0.112,0.542,0.582,0.565,0.604,0.447,Moderate Potential,0.25,0.605,0.62,RO,Robust Opportunity,Advanced Economy,structural,0.5318,0.4717,0.4698,0.3802,0.9064,0.5791,0.1577,0.7098,0.3735,0.6379,0.8847,0.8249,0.7915,0.5592,0.1545,0.8594,0.785,0.8108,0.3339,0.6196,0.9416,0.5643,clean,N/A,HIGH,external_debt_pct_gni,True
EST,EST,2010,7.65,6.88,0.77,0.77,0.765,0.159,0.565,0.722,0.485,,0.485,Moderate Potential,0.45,0.509,0.5,FO,Fragile Opportunity,Advanced Economy,structural,0.2322,0.6904,0.6932,0.3383,0.9027,0.5233,0.877,0.5492,0.5219,0.8621,0.9143,0.8886,0.762,0.3977,0.1052,0.8914,0.938,,,,,,clean,N/A,HIGH,external_debt_pct_gni,False
EST,EST,2011,8.81,8.04,0.77,0.77,0.949,0.108,0.653,0.753,0.715,,0.531,Moderate Potential,0.45,0.661,0.5,RO,Robust Opportunity,Advanced Economy,structural,0.7605,0.624,0.4498,0.5161,0.904,0.6341,0.8757,0.5369,0.597,0.8621,0.9248,0.9119,0.7731,0.8494,0.3428,0.8892,0.9403,,,,,,clean,N/A,HIGH,external_debt_pct_gni,False
EST,EST,2012,8.343,7.573,0.77,0.77,0.935,0.108,0.604,0.715,0.68,0.534,0.562,Pre-Breakout Signal,0.45,0.571,0.715,RO,Robust Opportunity,Advanced Economy,structural,0.4949,0.4642,0.5186,0.6818,0.8988,0.6355,0.8559,0.4847,0.4159,0.8541,0.921,0.9066,0.7521,0.5855,0.4047,0.8877,0.9414,0.7145,0.0434,0.7148,0.4453,0.8249,clean,N/A,HIGH,external_debt_pct_gni,True
EST,EST,2013,8.29,7.52,0.77,0.77,0.898,0.13,0.538,0.731,0.674,0.539,0.602,Pre-Breakout Signal,0.45,0.578,0.887,FO,Fragile Opportunity,Advanced Economy,structural,0.3694,0.4456,0.4758,0.5929,0.8665,0.6516,0.8561,0.5358,0.3982,0.8909,0.9285,0.9176,0.7528,0.5325,0.4803,0.8878,0.9422,0.6613,0.032,0.8873,0.502,0.9444,clean,N/A,HIGH,external_debt_pct_gni,True
EST,EST,2014,8.248,7.478,0.77,0.77,0.926,0.123,0.567,0.765,0.74,0.556,0.548,Moderate Potential,0.316,0.594,0.951,FO,Fragile Opportunity,Advanced Economy,structural,0.4911,0.4475,0.5325,0.6001,0.8366,0.7362,0.8691,0.5918,0.5038,0.9054,0.9419,0.9305,0.7479,0.7069,0.5909,0.8875,0.9527,0.6744,0.0402,0.9513,0.5681,0.97,clean,N/A,HIGH,external_debt_pct_gni,True
EST,EST,2015,7.334,6.564,0.77,0.77,0.801,0.154,0.467,0.758,0.71,0.474,0.482,Moderate Potential,0.222,0.585,0.952,FO,Fragile Opportunity,Advanced Economy,structural,0.3832,0.4321,0.2535,0.4908,0.8331,0.6579,0.8897,0.7273,0.4875,0.8926,0.9412,0.932,0.7115,0.5324,0.6075,0.8872,0.9539,0.0956,0.0223,0.9521,0.7905,0.9347,clean,N/A,HIGH,external_debt_pct_gni,True
EST,EST,2016,7.921,7.151,0.77,0.77,0.882,0.114,0.548,0.727,0.744,0.533,0.524,Moderate Potential,0.284,0.579,0.957,RO,Robust Opportunity,Advanced Economy,structural,0.5238,0.4907,0.4812,0.5005,0.8588,0.5726,0.9054,0.7221,0.4473,0.8968,0.9416,0.9257,0.7501,0.6879,0.6095,0.887,0.9541,0.5714,0.119,0.9566,0.8829,0.4764,clean,N/A,HIGH,external_debt_pct_gni,True
EST,EST,2017,8.3,7.53,0.77,0.77,0.931,0.088,0.616,0.74,0.795,0.629,0.556,Pre-Breakout Signal,0.311,0.659,0.895,RO,Robust Opportunity,Advanced Economy,structural,0.7091,0.435,0.5039,0.588,0.8714,0.5481,0.9057,0.7174,0.5368,0.8914,0.9463,0.9272,0.7379,0.8056,0.6602,0.8863,0.9464,0.9112,0.552,0.8951,0.8774,0.3427,clean,N/A,HIGH,external_debt_pct_gni,True
EST,EST,2018,7.902,7.132,0.77,0.77,0.911,0.108,0.586,0.741,0.756,0.526,0.476,Moderate Potential,0.397,0.571,0.475,RO,Robust Opportunity,Advanced Economy,structural,0.556,0.4512,0.4771,0.6593,0.8678,0.5355,0.9093,0.6387,0.5629,0.8807,0.9431,0.9477,0.7028,0.6837,0.6467,0.8874,0.9393,0.7193,0.6452,0.4747,0.8497,0.0387,clean,N/A,HIGH,external_debt_pct_gni,True
EST,EST,2019,7.98,7.21,0.77,0.77,0.939,0.107,0.599,0.752,0.763,0.644,0.456,Moderate Potential,0.2,0.639,0.805,RO,Robust Opportunity,Advanced Economy,structural,0.5939,0.4597,0.5133,0.5926,0.8656,0.5388,0.9074,0.6904,0.5827,0.8855,0.9535,0.9487,0.7012,0.6907,0.6554,0.8885,0.9487,0.62,0.9423,0.8048,0.7312,0.3712,clean,N/A,HIGH,external_debt_pct_gni,True
EST,EST,2020,8.027,7.257,0.77,0.77,0.938,0.163,0.547,0.726,0.565,0.716,0.47,Moderate Potential,0.2,0.633,0.903,FO,Fragile Opportunity,Knowledge / Service Economy,structural,0.543,0.5153,0.651,0.8052,0.8685,0.5551,0.8763,0.4395,0.6054,0.904,0.9544,0.9542,0.7263,0.6042,0.5015,0.8874,0.9494,0.5803,0.8943,0.9029,0.7481,0.927,clean,N/A,HIGH,external_debt_pct_gni,True
EST,EST,2021,8.236,7.466,0.77,0.77,0.948,0.04,0.788,0.728,0.778,0.667,0.512,Moderate Potential,0.25,0.696,0.827,RO,Robust Opportunity,Advanced Economy,structural,0.7134,0.7525,0.6738,0.8318,0.8721,0.5264,0.8746,0.3723,0.6125,0.9008,0.9536,0.9517,0.7428,0.7557,0.535,0.8873,0.952,0.7175,0.9647,0.8274,0.5387,0.5775,clean,N/A,HIGH,external_debt_pct_gni,True
EST,EST,2022,6.461,5.691,0.77,0.77,0.661,0.149,0.539,0.706,0.561,0.391,0.45,Moderate Potential,0.25,0.465,0.863,FO,Fragile Opportunity,Advanced Economy,stable,0.1919,0.379,0.5438,0.6726,0.8636,0.4805,0.882,0.4109,0.407,0.899,0.9573,0.9571,0.7435,0.1825,0.4127,0.8883,0.9525,0.2842,0.5627,0.8631,0.2815,0.0782,clean,N/A,HIGH,external_debt_pct_gni,True
EST,EST,2023,6.166,5.396,0.77,0.77,0.657,0.176,0.479,0.728,0.514,0.399,0.374,Low Takeoff Signal,0.25,0.342,0.662,FO,Fragile Opportunity,Advanced Economy,stable,0.1116,0.1534,0.8274,0.6063,0.8349,0.5807,0.8752,0.4714,0.4372,0.8902,0.9538,0.9636,0.7434,0.1104,0.4326,0.8849,0.9443,0.1982,0.4328,0.6621,0.2517,0.4497,clean,N/A,HIGH,external_debt_pct_gni,True
EST,EST,2024,6.602,5.832,0.77,0.77,0.709,0.166,0.461,0.732,0.611,0.38,0.417,Moderate Potential,0.25,0.468,0.663,FO,Fragile Opportunity,Advanced Economy,stable,0.2142,0.3495,0.255,0.5764,0.8344,0.5709,0.8581,0.5058,0.4659,0.8747,0.9536,0.962,0.7435,0.3033,0.3598,0.8838,0.9402,0.1604,0.0483,0.6634,0.1872,0.5928,clean,N/A,HIGH,external_debt_pct_gni,True
ETH,Ethiopia,2010,4.455,3.774,0.681,0.681,0.213,0.114,0.372,0.327,0.273,,0.45,Moderate Potential,0.45,0.412,0.5,SL,Stable / Low Opportunity,Diversified Emerging Market,structural,0.9718,0.4753,0.3607,0.004,0.0539,0.025,0.5547,0.3896,0.8314,0.071,0.2336,0.265,0.2563,0.9497,0.8749,0.0355,0.2111,,,,,,clean,N/A,HIGH,export_growth,False
ETH,Ethiopia,2011,4.928,4.247,0.681,0.681,0.267,0.1,0.523,0.329,0.258,,0.501,Moderate Potential,0.45,0.559,0.5,SL,Stable / Low Opportunity,Diversified Emerging Market,structural,0.9047,0.4698,0.3709,0.8013,0.0579,0.0051,0.4894,0.4928,0.7823,0.0864,0.229,0.296,0.2816,0.8544,0.872,0.0356,0.1782,,,,,,clean,N/A,HIGH,export_growth,False
ETH,Ethiopia,2012,4.457,3.776,0.681,0.681,0.241,0.104,0.477,0.344,0.256,0.461,0.548,Moderate Potential,0.45,0.502,0.764,SL,Stable / Low Opportunity,High-Growth Emerging Market,structural,0.727,0.3367,0.388,0.9132,0.0589,0.0599,0.5767,0.3863,0.8214,0.0782,0.2614,0.308,0.305,0.6601,0.8682,0.0355,0.1666,0.0971,0.4287,0.7638,0.6503,0.3784,clean,N/A,HIGH,,True
ETH,Ethiopia,2013,4.685,4.004,0.681,0.681,0.291,0.131,0.518,0.378,0.256,0.617,0.536,Moderate Potential,0.45,0.602,0.576,SR,Structural Risk,Diversified Emerging Market,structural,0.9192,0.4219,0.4165,0.8605,0.0586,0.2797,0.5435,0.3816,0.8019,0.1174,0.2422,0.3244,0.2895,0.8922,0.8676,0.0351,0.1346,0.3566,0.7091,0.5762,0.6925,0.8745,clean,N/A,HIGH,,True
ETH,Ethiopia,2014,5.25,4.569,0.681,0.681,0.325,0.134,0.545,0.38,0.271,0.655,0.643,Pre-Breakout Signal,0.7,0.649,0.577,SR,Structural Risk,Diversified Emerging Market,structural,0.9623,0.4492,0.4545,0.9437,0.0569,0.3185,0.5597,0.2684,0.7688,0.1415,0.2656,0.3504,0.2552,0.9396,0.8644,0.035,0.1718,0.483,0.9365,0.577,0.7163,0.97,clean,N/A,HIGH,,True
ETH,Ethiopia,2015,4.691,4.01,0.681,0.681,0.308,0.132,0.519,0.344,0.277,0.657,0.513,Moderate Potential,0.479,0.634,0.434,SR,Structural Risk,Diversified Emerging Market,structural,0.9553,0.343,0.4574,0.9575,0.0504,0.4208,0.529,0.1509,0.7624,0.1182,0.2451,0.3552,0.2247,0.9262,0.8644,0.0352,0.1647,0.648,0.9163,0.4341,0.7045,0.9553,clean,N/A,HIGH,,True
ETH,Ethiopia,2016,4.52,3.839,0.681,0.681,0.311,0.115,0.525,0.371,0.273,0.549,0.461,Moderate Potential,0.458,0.544,0.385,SL,Stable / Low Opportunity,Diversified Emerging Market,structural,0.9574,0.3675,0.6119,0.9241,0.0459,0.5284,0.5562,0.1676,0.7653,0.0933,0.245,0.3821,0.2103,0.9217,0.8642,0.0356,0.1502,0.5827,0.9254,0.3845,0.2762,0.9574,clean,N/A,HIGH,,True
ETH,Ethiopia,2017,4.397,3.716,0.681,0.681,0.301,0.076,0.576,0.345,0.285,0.38,0.443,Moderate Potential,0.488,0.491,0.349,SL,Stable / Low Opportunity,Diversified Emerging Market,structural,0.9289,0.4615,0.4868,0.9619,0.046,0.4646,0.5221,0.1794,0.7601,0.0806,0.2486,0.3315,0.3287,0.8696,0.8588,0.0357,0.1624,0.3031,0.9577,0.3495,0.3531,0.0257,clean,N/A,HIGH,,True
ETH,Ethiopia,2018,4.307,3.626,0.681,0.681,0.292,0.088,0.525,0.38,0.295,0.38,0.43,Moderate Potential,0.483,0.418,0.388,SL,Stable / Low Opportunity,Diversified Emerging Market,structural,0.8751,0.4757,0.4766,0.8866,0.0437,0.5352,0.4885,0.2619,0.7366,0.1262,0.2453,0.377,0.5232,0.7565,0.847,0.0359,0.1835,0.0302,0.6711,0.3875,0.2057,0.1858,clean,N/A,HIGH,,True
ETH,Ethiopia,2019,4.719,4.038,0.681,0.681,0.312,0.093,0.516,0.402,0.31,0.38,0.515,Moderate Potential,0.545,0.428,0.599,SL,Stable / Low Opportunity,Diversified Emerging Market,structural,0.9128,0.4085,0.4378,0.912,0.0418,0.5282,0.5469,0.3373,0.7742,0.1319,0.253,0.3798,0.5241,0.8543,0.8406,0.0358,0.1893,0.0779,0.3038,0.5986,0.489,0.0498,clean,N/A,HIGH,,True
ETH,Ethiopia,2020,5.098,4.417,0.681,0.681,0.443,0.104,0.476,0.406,0.295,0.4,0.423,Moderate Potential,0.35,0.445,0.499,SL,Stable / Low Opportunity,Diversified Emerging Market,structural,0.9156,0.5041,0.5096,0.8352,0.0392,0.5186,0.6534,0.3205,0.8041,0.0655,0.2364,0.3875,0.4714,0.8851,0.8406,0.0361,0.2009,0.6719,0.0194,0.4987,0.841,0.0608,clean,N/A,HIGH,,True
ETH,Ethiopia,2021,3.959,3.278,0.681,0.681,0.281,0.097,0.516,0.405,0.293,0.38,0.35,Low Takeoff Signal,0.545,0.408,0.175,SL,Stable / Low Opportunity,Diversified Emerging Market,structural,0.4988,0.6564,0.4666,0.7208,0.0391,0.3609,0.638,0.3922,0.7964,0.0323,0.1997,0.383,0.5899,0.3534,0.8308,0.0349,0.2126,0.0121,0.2903,0.175,0.8958,0.0212,clean,N/A,HIGH,,True
ETH,Ethiopia,2022,3.655,2.974,0.681,0.681,0.266,0.108,0.464,0.419,0.29,0.38,0.288,Low Takeoff Signal,0.45,0.374,0.126,SL,Stable / Low Opportunity,Diversified Emerging Market,structural,0.5837,0.5393,0.5224,0.5538,0.0392,0.2568,0.6874,0.3946,0.8133,0.0386,0.2171,0.3843,0.591,0.4876,0.8252,0.0348,0.2152,0.0339,0.374,0.1261,0.8874,0.0305,clean,N/A,HIGH,,True
ETH,Ethiopia,2023,3.149,2.468,0.681,0.681,0.258,0.117,0.415,0.432,0.293,0.38,0.16,Low Takeoff Signal,0.2,0.377,0.045,SL,Stable / Low Opportunity,Diversified Emerging Market,structural,0.8013,0.3714,0.4965,0.4276,0.0412,0.4171,0.7574,0.4141,0.8167,0.0394,0.1848,0.3629,0.5909,0.701,0.8196,0.0347,0.1957,0.1982,0.434,0.0455,0.9658,0.0188,clean,N/A,HIGH,,True
ETH,Ethiopia,2024,3.344,2.663,0.681,0.681,0.287,0.117,0.455,0.433,0.298,0.418,0.17,Low Takeoff Signal,0.2,0.466,0.044,SL,Stable / Low Opportunity,Diversified Emerging Market,structural,0.8583,0.7647,0.4745,0.3476,0.0371,0.4387,0.8043,0.3496,0.8068,0.0422,0.1852,0.3826,0.5909,0.7746,0.8215,0.035,0.1918,0.3214,0.3807,0.0436,0.972,0.5933,clean,N/A,HIGH,,True
FIN,FIN,2010,7.922,7.129,0.793,0.793,0.816,0.151,0.483,0.732,0.63,,0.479,Moderate Potential,0.45,0.491,0.5,FO,Fragile Opportunity,Advanced Economy,structural,0.2975,0.3863,0.4679,0.3912,0.8887,0.7656,0.4078,0.5384,0.5717,0.9578,0.9812,0.9831,0.7907,0.3994,0.3712,0.8704,0.9769,,,,,,clean,N/A,HIGH,external_debt_pct_gni,False
FIN,FIN,2011,7.894,7.101,0.793,0.793,0.801,0.144,0.467,0.712,0.647,,0.493,Moderate Potential,0.45,0.535,0.5,FO,Fragile Opportunity,Advanced Economy,structural,0.3906,0.4191,0.2676,0.4597,0.8855,0.6944,0.3906,0.4733,0.5519,0.9575,0.9801,0.9837,0.802,0.4602,0.421,0.8735,0.9743,,,,,,clean,N/A,HIGH,external_debt_pct_gni,False
FIN,FIN,2012,6.693,5.9,0.793,0.793,0.707,0.154,0.453,0.687,0.582,0.38,0.44,Moderate Potential,0.45,0.377,0.515,FO,Fragile Opportunity,Advanced Economy,stable,0.2565,0.4243,0.4109,0.4208,0.8825,0.6482,0.3416,0.4772,0.5291,0.952,0.9819,0.9823,0.7888,0.2982,0.4685,0.8714,0.9776,0.0781,0.2721,0.5148,0.0941,0.2711,clean,N/A,HIGH,external_debt_pct_gni,True
FIN,FIN,2013,6.782,5.989,0.793,0.793,0.708,0.157,0.456,0.696,0.588,0.38,0.463,Moderate Potential,0.45,0.398,0.572,FO,Fragile Opportunity,Advanced Economy,stable,0.1893,0.4302,0.2523,0.3854,0.9832,0.6589,0.3435,0.4888,0.5658,0.9506,0.9799,0.9814,0.7905,0.2401,0.4448,0.869,0.9751,0.0254,0.0524,0.5716,0.1012,0.2009,clean,N/A,HIGH,external_debt_pct_gni,True
FIN,FIN,2014,6.655,5.862,0.793,0.793,0.713,0.148,0.488,0.689,0.594,0.38,0.42,Moderate Potential,0.338,0.405,0.566,FO,Fragile Opportunity,Advanced Economy,stable,0.1382,0.4053,0.5284,0.3611,0.9837,0.7113,0.3082,0.5145,0.4948,0.9427,0.9821,0.9814,0.7902,0.2059,0.4135,0.8706,0.9754,0.0499,0.6141,0.5661,0.0521,0.3908,clean,N/A,HIGH,external_debt_pct_gni,True
FIN,FIN,2015,7.296,6.503,0.793,0.793,0.78,0.147,0.51,0.707,0.601,0.595,0.497,Moderate Potential,0.299,0.556,0.79,FO,Fragile Opportunity,Advanced Economy,structural,0.2605,0.4488,0.5601,0.3602,0.9854,0.6597,0.3158,0.6184,0.6702,0.9297,0.9827,0.9847,0.7506,0.3637,0.3467,0.8619,0.9732,0.6273,0.9163,0.79,0.0975,0.7483,clean,N/A,HIGH,external_debt_pct_gni,True
FIN,FIN,2016,7.815,7.022,0.793,0.793,0.851,0.12,0.544,0.683,0.677,0.645,0.535,Moderate Potential,0.366,0.645,0.671,RO,Robust Opportunity,Advanced Economy,structural,0.4619,0.4845,0.391,0.4458,0.9873,0.5869,0.3547,0.5795,0.6518,0.9257,0.9823,0.9841,0.7862,0.6008,0.4059,0.8644,0.9683,0.9346,0.7759,0.6715,0.3047,0.7814,clean,N/A,HIGH,external_debt_pct_gni,True
FIN,FIN,2017,8.239,7.446,0.793,0.793,0.886,0.113,0.603,0.694,0.692,0.724,0.601,Pre-Breakout Signal,0.376,0.699,0.87,RO,Robust Opportunity,Advanced Economy,structural,0.4738,0.4743,0.5094,0.4954,0.9882,0.5692,0.3899,0.5904,0.6587,0.9355,0.9839,0.9841,0.7875,0.5929,0.3851,0.8687,0.9694,0.9484,0.9345,0.8703,0.7149,0.6526,clean,N/A,HIGH,external_debt_pct_gni,True
FIN,FIN,2018,7.404,6.611,0.793,0.793,0.805,0.119,0.515,0.686,0.672,0.508,0.49,Moderate Potential,0.439,0.551,0.487,RO,Robust Opportunity,Advanced Economy,structural,0.2387,0.4398,0.3975,0.5473,0.9885,0.5356,0.4091,0.5197,0.683,0.9224,0.9831,0.9835,0.7535,0.3701,0.4727,0.8692,0.9713,0.8541,0.0169,0.4873,0.7587,0.5384,clean,N/A,HIGH,external_debt_pct_gni,True
FIN,FIN,2019,7.362,6.569,0.793,0.793,0.847,0.1,0.558,0.663,0.676,0.511,0.415,Moderate Potential,0.25,0.547,0.544,RO,Robust Opportunity,Advanced Economy,structural,0.3477,0.4684,0.4735,0.4952,0.9806,0.5392,0.4267,0.5913,0.4895,0.9159,0.9838,0.9832,0.7592,0.4642,0.4566,0.8679,0.977,0.4583,0.4728,0.5437,0.8071,0.3293,clean,N/A,HIGH,external_debt_pct_gni,True
FIN,FIN,2020,7.542,6.749,0.793,0.793,0.87,0.141,0.479,0.648,0.559,0.562,0.431,Moderate Potential,0.25,0.538,0.627,FO,Fragile Opportunity,Knowledge / Service Economy,structural,0.567,0.477,0.4584,0.5963,0.9795,0.553,0.4509,0.6176,0.4383,0.9376,0.9845,0.9851,0.7828,0.6311,0.4073,0.8656,0.9787,0.3819,0.6497,0.627,0.8108,0.4008,clean,N/A,HIGH,external_debt_pct_gni,True
FIN,FIN,2021,7.343,6.55,0.793,0.793,0.833,0.093,0.607,0.69,0.718,0.611,0.431,Moderate Potential,0.25,0.602,0.553,RO,Robust Opportunity,Advanced Economy,structural,0.2601,0.3421,0.5206,0.5569,0.9799,0.5906,0.4523,0.5683,0.6262,0.9353,0.9833,0.9854,0.7816,0.3246,0.5198,0.8612,0.9786,0.5869,0.5797,0.5527,0.677,0.6605,clean,N/A,HIGH,external_debt_pct_gni,True
FIN,FIN,2022,7.321,6.528,0.793,0.793,0.835,0.096,0.588,0.68,0.694,0.528,0.422,Moderate Potential,0.25,0.568,0.552,RO,Robust Opportunity,Advanced Economy,structural,0.2894,0.3509,0.5457,0.6517,0.9805,0.61,0.4002,0.4692,0.6183,0.9315,0.9813,0.9847,0.7821,0.3442,0.5679,0.8623,0.9754,0.3484,0.9807,0.552,0.4379,0.5535,clean,N/A,HIGH,external_debt_pct_gni,True
FIN,FIN,2023,6.417,5.624,0.793,0.793,0.739,0.134,0.494,0.667,0.619,0.38,0.314,Low Takeoff Signal,0.25,0.455,0.267,FO,Fragile Opportunity,Advanced Economy,stable,0.1972,0.382,0.4026,0.4739,0.9786,0.5998,0.3673,0.5307,0.466,0.8734,0.9819,0.9854,0.782,0.257,0.474,0.8641,0.9734,0.2008,0.3303,0.2668,0.2401,0.7717,clean,N/A,HIGH,external_debt_pct_gni,True
FIN,FIN,2024,6.707,5.914,0.793,0.793,0.768,0.129,0.521,0.673,0.629,0.38,0.351,Low Takeoff Signal,0.25,0.436,0.406,FO,Fragile Opportunity,Advanced Economy,stable,0.2505,0.434,0.48,0.4433,0.9787,0.5887,0.3061,0.5803,0.474,0.9006,0.9815,0.9845,0.7822,0.3044,0.3802,0.866,0.9785,0.1646,0.3911,0.4058,0.1446,0.593,clean,N/A,HIGH,external_debt_pct_gni,True
FRA,FRA,2010,7.487,6.327,1.16,1.16,0.672,0.143,0.435,0.634,0.555,,0.472,Moderate Potential,0.45,0.471,0.5,FO,Fragile Opportunity,Advanced Economy,structural,0.1967,0.4263,0.374,0.3259,0.8738,0.8248,0.0847,0.487,0.355,0.8545,0.9403,0.9422,0.8021,0.2678,0.3002,0.8949,0.9149,,,,,,clean,N/A,HIGH,external_debt_pct_gni,False
FRA,FRA,2011,7.977,6.817,1.16,1.16,0.753,0.124,0.474,0.634,0.609,,0.486,Moderate Potential,0.45,0.513,0.5,FO,Fragile Opportunity,Advanced Economy,structural,0.3941,0.4608,0.3595,0.3705,0.8671,0.6934,0.0812,0.4887,0.5199,0.8306,0.9278,0.9505,0.8124,0.4623,0.3238,0.8925,0.8946,,,,,,clean,N/A,HIGH,external_debt_pct_gni,False
FRA,FRA,2012,6.709,5.549,1.16,1.16,0.642,0.125,0.447,0.598,0.556,0.38,0.44,Moderate Potential,0.45,0.439,0.43,FO,Fragile Opportunity,Advanced Economy,stable,0.3271,0.4451,0.3985,0.337,0.8516,0.753,0.0813,0.4793,0.2115,0.8326,0.9372,0.9482,0.8017,0.373,0.2854,0.8921,0.8986,0.5023,0.3907,0.4296,0.1706,0.3796,clean,N/A,HIGH,external_debt_pct_gni,True
FRA,FRA,2013,6.976,5.816,1.16,1.16,0.659,0.119,0.448,0.593,0.579,0.399,0.488,Moderate Potential,0.45,0.465,0.569,RO,Robust Opportunity,Advanced Economy,stable,0.2968,0.4437,0.3544,0.3331,0.8155,0.7281,0.0904,0.5232,0.1851,0.8058,0.9342,0.9365,0.8025,0.3682,0.309,0.8928,0.9005,0.418,0.4508,0.5689,0.193,0.3659,clean,N/A,HIGH,external_debt_pct_gni,True
FRA,FRA,2014,6.559,5.399,1.16,1.16,0.616,0.117,0.447,0.584,0.577,0.386,0.436,Moderate Potential,0.379,0.45,0.497,RO,Robust Opportunity,Advanced Economy,stable,0.2435,0.4485,0.3808,0.3449,0.7971,0.7225,0.0834,0.5324,0.1552,0.7472,0.9334,0.9351,0.8033,0.3432,0.2846,0.8893,0.8892,0.5228,0.2612,0.497,0.173,0.4777,clean,N/A,HIGH,external_debt_pct_gni,True
FRA,FRA,2015,6.746,5.586,1.16,1.16,0.656,0.118,0.46,0.568,0.579,0.565,0.428,Moderate Potential,0.323,0.546,0.45,RO,Robust Opportunity,Advanced Economy,structural,0.3111,0.4902,0.3828,0.3517,0.7883,0.6498,0.1031,0.6467,0.1693,0.6774,0.9282,0.9316,0.7654,0.4211,0.2628,0.8889,0.8976,0.6248,0.6657,0.4504,0.4293,0.6566,clean,N/A,HIGH,external_debt_pct_gni,True
FRA,FRA,2016,6.566,5.406,1.16,1.16,0.625,0.114,0.447,0.549,0.579,0.55,0.425,Moderate Potential,0.382,0.541,0.364,RO,Robust Opportunity,Advanced Economy,structural,0.2754,0.4643,0.3505,0.3519,0.784,0.5919,0.115,0.6526,0.2672,0.6006,0.9289,0.9333,0.8009,0.399,0.2572,0.8866,0.8908,0.6444,0.6114,0.3641,0.6216,0.5108,clean,N/A,HIGH,external_debt_pct_gni,True
FRA,FRA,2017,6.879,5.719,1.16,1.16,0.693,0.107,0.479,0.566,0.634,0.588,0.411,Moderate Potential,0.37,0.553,0.328,RO,Robust Opportunity,Advanced Economy,structural,0.3484,0.431,0.4299,0.3759,0.7895,0.5645,0.1222,0.5967,0.3202,0.7166,0.9293,0.9357,0.8021,0.4579,0.3031,0.8872,0.9119,0.7077,0.6741,0.3278,0.6867,0.5449,clean,N/A,HIGH,external_debt_pct_gni,True
FRA,FRA,2018,6.951,5.791,1.16,1.16,0.699,0.092,0.479,0.542,0.637,0.527,0.422,Moderate Potential,0.433,0.529,0.314,RO,Robust Opportunity,Advanced Economy,structural,0.2871,0.4597,0.4639,0.3779,0.7885,0.5355,0.1266,0.571,0.2033,0.6539,0.9281,0.9398,0.7702,0.4003,0.3332,0.8868,0.9196,0.7073,0.9122,0.3139,0.6682,0.1955,clean,N/A,HIGH,external_debt_pct_gni,True
FRA,FRA,2019,6.801,5.641,1.16,1.16,0.735,0.088,0.485,0.556,0.66,0.505,0.326,Low Takeoff Signal,0.25,0.514,0.261,RO,Robust Opportunity,Advanced Economy,structural,0.4155,0.4456,0.4291,0.4112,0.7924,0.5391,0.1415,0.6265,0.2421,0.6963,0.9201,0.9331,0.7714,0.5148,0.3567,0.8838,0.9404,0.6855,0.6756,0.2608,0.6368,0.2642,clean,N/A,HIGH,external_debt_pct_gni,True
FRA,FRA,2020,5.508,4.348,1.16,1.16,0.585,0.141,0.378,0.54,0.423,0.444,0.191,Low Takeoff Signal,0.25,0.416,0.056,FO,Fragile Opportunity,Knowledge / Service Economy,structural,0.278,0.4074,0.4838,0.4776,0.7978,0.5532,0.1537,0.4682,0.367,0.6681,0.914,0.9248,0.7946,0.3152,0.4339,0.8813,0.9239,0.5372,0.6855,0.0564,0.5595,0.3792,clean,N/A,HIGH,external_debt_pct_gni,True
FRA,FRA,2021,6.69,5.53,1.16,1.16,0.802,0.039,0.607,0.559,0.746,0.476,0.194,Low Takeoff Signal,0.25,0.557,0.042,FO,Fragile Opportunity,Advanced Economy,structural,0.606,0.4706,0.4587,0.4826,0.7974,0.589,0.151,0.5656,0.3219,0.6749,0.9075,0.9414,0.7933,0.6438,0.4433,0.8832,0.9227,0.7183,0.5593,0.0422,0.3106,0.7905,clean,N/A,HIGH,external_debt_pct_gni,True
FRA,FRA,2022,6.347,5.187,1.16,1.16,0.747,0.058,0.549,0.539,0.7,0.414,0.182,Low Takeoff Signal,0.25,0.471,0.041,FO,Fragile Opportunity,Advanced Economy,structural,0.4089,0.4831,0.5367,0.4844,0.7887,0.6353,0.1148,0.519,0.2104,0.6229,0.9007,0.9388,0.7938,0.4599,0.432,0.8795,0.9238,0.4635,0.5651,0.0412,0.254,0.7467,clean,N/A,HIGH,external_debt_pct_gni,True
FRA,FRA,2023,6.376,5.216,1.16,1.16,0.747,0.081,0.488,0.55,0.676,0.38,0.19,Low Takeoff Signal,0.25,0.421,0.054,FO,Fragile Opportunity,Advanced Economy,stable,0.3727,0.482,0.4265,0.4718,0.7915,0.581,0.1237,0.5077,0.2773,0.5996,0.8962,0.9274,0.7937,0.4693,0.4247,0.8771,0.9186,0.2962,0.4344,0.0541,0.4699,0.3025,clean,N/A,HIGH,external_debt_pct_gni,True
FRA,FRA,2024,6.265,5.105,1.16,1.16,0.702,0.086,0.474,0.546,0.653,0.38,0.227,Low Takeoff Signal,0.25,0.415,0.1,FO,Fragile Opportunity,Advanced Economy,structural,0.3134,0.4547,0.451,0.3993,0.787,0.5876,0.1018,0.585,0.2895,0.5247,0.8929,0.9196,0.7938,0.4109,0.383,0.8729,0.9074,0.2712,0.3899,0.0999,0.3265,0.5457,clean,N/A,HIGH,external_debt_pct_gni,True
GAB,GAB,2010,4.966,4.596,0.37,0.37,0.326,0.2,0.569,0.631,0.16,,0.51,Moderate Potential,0.45,0.587,0.5,SR,Structural Risk,Diversified Emerging Market,structural,0.7271,0.5355,0.4329,0.7589,0.462,0.8847,0.7731,0.8552,0.8419,0.5942,0.319,0.2341,0.0153,0.4929,0.0721,0.6255,0.3243,,,,,,clean,N/A,HIGH,secondary_school_enrolment,False
GAB,GAB,2011,4.858,4.488,0.37,0.37,0.31,0.194,0.567,0.612,0.159,,0.504,Moderate Potential,0.45,0.57,0.5,SR,Structural Risk,High-Growth Emerging Market,structural,0.7305,0.4463,0.4891,0.5744,0.6365,0.706,0.7697,0.7865,0.8551,0.6098,0.3535,0.2512,0.0191,0.5728,0.0828,0.6229,0.291,,,,,,clean,N/A,HIGH,secondary_school_enrolment,False
GAB,GAB,2012,4.512,4.142,0.37,0.37,0.276,0.2,0.519,0.616,0.146,0.482,0.598,Pre-Breakout Signal,0.45,0.534,0.95,SR,Structural Risk,High-Growth Emerging Market,structural,0.5737,0.3914,0.4483,0.5848,0.6583,0.728,0.7763,0.7481,0.8518,0.6452,0.3717,0.2805,0.0094,0.4624,0.0961,0.6213,0.2913,0.4356,0.4356,0.9502,0.6389,0.148,clean,N/A,HIGH,secondary_school_enrolment,True
GAB,GAB,2013,3.87,3.5,0.37,0.37,0.235,0.17,0.487,0.555,0.175,0.38,0.481,Moderate Potential,0.45,0.444,0.569,SR,Structural Risk,Diversified Emerging Market,structural,0.6836,0.4162,0.3788,0.6981,0.3532,0.5709,0.693,0.742,0.7609,0.6281,0.3139,0.2808,0.0181,0.5204,0.0986,0.6211,0.2483,0.3176,0.2765,0.5691,0.3534,0.1486,clean,N/A,HIGH,secondary_school_enrolment,True
GAB,GAB,2014,3.342,2.972,0.37,0.37,0.278,0.159,0.534,0.552,0.205,0.38,0.269,Low Takeoff Signal,0.113,0.399,0.469,SR,Structural Risk,Diversified Emerging Market,structural,0.6065,0.426,0.5409,0.9009,0.3369,0.6459,0.6795,0.7799,0.8048,0.5519,0.3168,0.2446,0.0398,0.3835,0.0879,0.6195,0.2381,0.0798,0.6148,0.4693,0.1321,0.1255,clean,N/A,HIGH,secondary_school_enrolment,True
GAB,GAB,2015,3.422,3.052,0.37,0.37,0.336,0.133,0.516,0.509,0.276,0.38,0.205,Low Takeoff Signal,0.149,0.412,0.132,SR,Structural Risk,High-Growth Emerging Market,structural,0.5911,0.5303,0.3404,0.7038,0.4771,0.68,0.6021,0.7063,0.6874,0.5473,0.3061,0.2714,0.2124,0.4196,0.079,0.619,0.2386,0.1383,0.3281,0.1317,0.0274,0.4568,clean,N/A,HIGH,secondary_school_enrolment,True
GAB,GAB,2016,3.369,2.999,0.37,0.37,0.277,0.103,0.506,0.398,0.261,0.38,0.278,Low Takeoff Signal,0.178,0.345,0.364,SL,Stable / Low Opportunity,Diversified Emerging Market,structural,0.4058,0.4124,0.7523,0.6112,0.6182,0.5527,0.4025,0.3963,0.677,0.3688,0.3359,0.2839,0.1936,0.2529,0.0674,0.6187,0.2534,0.1251,0.7248,0.3637,0.0441,0.3608,clean,N/A,HIGH,secondary_school_enrolment,True
GAB,GAB,2017,3.123,2.753,0.37,0.37,0.208,0.124,0.435,0.411,0.201,0.38,0.313,Low Takeoff Signal,0.224,0.403,0.346,SR,Structural Risk,Commodity Exporter,structural,0.2118,0.4261,0.5437,0.3297,0.5726,0.5656,0.4319,0.5874,0.6274,0.4052,0.3005,0.2247,0.0836,0.1348,0.0551,0.6179,0.2452,0.0275,0.9577,0.3458,0.0347,0.5953,clean,N/A,HIGH,secondary_school_enrolment,True
GAB,GAB,2018,2.833,2.463,0.37,0.37,0.183,0.139,0.404,0.441,0.174,0.38,0.27,Low Takeoff Signal,0.307,0.336,0.181,SR,Structural Risk,Commodity Exporter,structural,0.2049,0.4364,0.519,0.2244,0.5639,0.5353,0.4429,0.8875,0.6569,0.4156,0.2524,0.2433,0.0747,0.109,0.0468,0.6173,0.2099,0.0302,0.8997,0.1808,0.0412,0.174,clean,N/A,HIGH,secondary_school_enrolment,True
GAB,GAB,2019,2.861,2.491,0.37,0.37,0.223,0.134,0.465,0.438,0.204,0.43,0.218,Low Takeoff Signal,0.45,0.465,0.039,SR,Structural Risk,Commodity Exporter,structural,0.6136,0.5029,0.5072,0.3527,0.3067,0.5393,0.4888,0.7897,0.6395,0.4697,0.224,0.2358,0.0629,0.4804,0.0439,0.6168,0.1759,0.4559,0.9423,0.0386,0.4873,0.4193,clean,N/A,HIGH,,True
GAB,GAB,2020,3.257,2.887,0.37,0.37,0.281,0.148,0.38,0.385,0.176,0.539,0.241,Low Takeoff Signal,0.45,0.449,0.056,SR,Structural Risk,Commodity Exporter,structural,0.6061,0.6357,0.6395,0.3235,0.3002,0.5504,0.3802,0.5632,0.6335,0.5059,0.2,0.2252,0.0944,0.5363,0.0513,0.6181,0.177,0.9022,0.8838,0.0564,0.6672,0.4729,clean,N/A,HIGH,,True
GAB,GAB,2021,2.797,2.427,0.37,0.37,0.208,0.153,0.395,0.43,0.183,0.531,0.224,Low Takeoff Signal,0.45,0.466,0.042,SR,Structural Risk,Commodity Exporter,structural,0.187,0.5084,0.5186,0.1975,0.2998,0.6011,0.4553,0.7128,0.6717,0.4865,0.2091,0.213,0.1469,0.1397,0.053,0.6199,0.1935,0.7179,0.556,0.0422,0.59,0.8243,clean,N/A,HIGH,,True
GAB,GAB,2022,2.808,2.438,0.37,0.37,0.217,0.148,0.419,0.478,0.199,0.403,0.213,Low Takeoff Signal,0.45,0.415,0.041,SR,Structural Risk,Diversified Emerging Market,structural,0.4301,0.7787,0.5558,0.1479,0.2959,0.6578,0.4918,0.8824,0.6825,0.5503,0.1682,0.1768,0.1478,0.3609,0.0457,0.6175,0.2219,0.3613,0.1129,0.0412,0.7852,0.8987,clean,N/A,HIGH,,True
GAB,GAB,2023,2.592,2.222,0.37,0.37,0.179,0.144,0.354,0.453,0.19,0.38,0.21,Low Takeoff Signal,0.45,0.314,0.054,SR,Structural Risk,Diversified Emerging Market,structural,0.4628,0.2381,0.6311,0.2217,0.3055,0.5938,0.4376,0.7825,0.6853,0.4784,0.1746,0.185,0.1477,0.3854,0.0396,0.6127,0.2255,0.2069,0.0528,0.054,0.5923,0.7346,clean,N/A,HIGH,,True
GAB,GAB,2024,2.44,2.07,0.37,0.37,0.192,0.14,0.406,0.453,0.194,0.38,0.148,Low Takeoff Signal,0.2,0.392,0.033,SR,Structural Risk,Diversified Emerging Market,structural,0.5257,0.5353,0.5379,0.2751,0.2927,0.5937,0.3982,0.7695,0.7201,0.5073,0.1583,0.2048,0.1475,0.4369,0.0403,0.6121,0.2258,0.886,0.0483,0.0334,0.4111,0.594,clean,N/A,HIGH,,True
GBR,GBR,2010,7.284,6.104,1.18,1.18,0.642,0.14,0.397,0.614,0.585,,0.455,Moderate Potential,0.45,0.424,0.5,FO,Fragile Opportunity,Advanced Economy,structural,0.2167,0.3858,0.4062,0.1438,0.8508,0.6897,0.1417,0.4323,0.355,0.817,0.967,0.9417,0.7813,0.2642,0.4027,0.8647,0.9509,,,,,,clean,N/A,HIGH,external_debt_pct_gni,False
GBR,GBR,2011,6.988,5.808,1.18,1.18,0.588,0.145,0.377,0.606,0.567,,0.454,Moderate Potential,0.45,0.421,0.5,FO,Fragile Opportunity,Advanced Economy,structural,0.2856,0.4633,0.3455,0.1501,0.7448,0.6294,0.1159,0.4716,0.3918,0.7855,0.9544,0.9456,0.7898,0.3228,0.3644,0.8604,0.9521,,,,,,clean,N/A,HIGH,external_debt_pct_gni,False
GBR,GBR,2012,6.128,4.948,1.18,1.18,0.626,0.136,0.391,0.617,0.61,0.38,0.296,Low Takeoff Signal,0.45,0.394,0.131,FO,Fragile Opportunity,Advanced Economy,stable,0.3891,0.4269,0.4074,0.1504,0.7078,0.6976,0.1145,0.4576,0.4537,0.7918,0.9564,0.9494,0.7816,0.4258,0.3664,0.8553,0.9577,0.6692,0.3338,0.1308,0.0589,0.5154,clean,N/A,HIGH,external_debt_pct_gni,True
GBR,GBR,2013,7.334,6.154,1.18,1.18,0.738,0.107,0.451,0.575,0.633,0.501,0.463,Moderate Potential,0.45,0.509,0.429,RO,Robust Opportunity,Advanced Economy,structural,0.3664,0.4233,0.3828,0.1729,0.9449,0.6525,0.1354,0.4151,0.1272,0.7966,0.9586,0.9529,0.7845,0.4355,0.4094,0.8561,0.9635,0.702,0.5436,0.4293,0.1868,0.6418,clean,N/A,HIGH,external_debt_pct_gni,True
GBR,GBR,2014,7.924,6.744,1.18,1.18,0.811,0.097,0.484,0.592,0.697,0.56,0.517,Moderate Potential,0.501,0.554,0.497,RO,Robust Opportunity,Advanced Economy,structural,0.4719,0.4351,0.4208,0.2025,0.9501,0.7116,0.1258,0.3694,0.2019,0.7976,0.9623,0.9543,0.7875,0.5702,0.5089,0.8485,0.9679,0.7827,0.6011,0.497,0.2015,0.8133,clean,N/A,HIGH,external_debt_pct_gni,True
GBR,GBR,2015,8.305,7.125,1.18,1.18,0.793,0.117,0.476,0.588,0.697,0.703,0.651,Pre-Breakout Signal,0.464,0.661,0.952,RO,Robust Opportunity,Advanced Economy,structural,0.4132,0.4817,0.3761,0.2229,0.9373,0.6493,0.1524,0.4104,0.2211,0.8082,0.9648,0.9624,0.7547,0.4939,0.5804,0.8488,0.9704,0.8315,0.7154,0.9521,0.5514,0.8879,clean,N/A,HIGH,external_debt_pct_gni,True
GBR,GBR,2016,8.16,6.98,1.18,1.18,0.846,0.096,0.536,0.595,0.711,0.677,0.531,Moderate Potential,0.373,0.515,0.829,RO,Robust Opportunity,Advanced Economy,structural,0.4191,0.4803,0.8629,0.2308,0.9376,0.5817,0.1771,0.3946,0.4834,0.7942,0.9612,0.9668,0.7917,0.4953,0.6395,0.8449,0.9598,0.6027,0.9254,0.8291,0.746,0.5377,clean,N/A,HIGH,external_debt_pct_gni,True
GBR,GBR,2017,7.728,6.548,1.18,1.18,0.822,0.085,0.521,0.59,0.74,0.622,0.448,Moderate Potential,0.304,0.604,0.495,RO,Robust Opportunity,Advanced Economy,structural,0.4441,0.45,0.477,0.2302,0.9362,0.5532,0.1974,0.4206,0.4197,0.7913,0.9622,0.9703,0.7895,0.5299,0.6491,0.8433,0.959,0.5941,0.9577,0.4954,0.8179,0.5179,clean,N/A,HIGH,external_debt_pct_gni,True
GBR,GBR,2018,6.746,5.566,1.18,1.18,0.718,0.085,0.459,0.564,0.705,0.436,0.331,Low Takeoff Signal,0.37,0.47,0.193,RO,Robust Opportunity,Advanced Economy,stable,0.2765,0.4603,0.427,0.21,0.9124,0.5355,0.2044,0.3901,0.2998,0.7283,0.954,0.9686,0.7514,0.3698,0.6609,0.8422,0.9606,0.4134,0.6217,0.1927,0.773,0.2029,clean,N/A,HIGH,external_debt_pct_gni,True
GBR,GBR,2019,6.116,4.936,1.18,1.18,0.707,0.098,0.455,0.585,0.702,0.38,0.173,Low Takeoff Signal,0.25,0.429,0.039,FO,Fragile Opportunity,Advanced Economy,stable,0.3387,0.4448,0.4156,0.2245,0.8978,0.5391,0.2258,0.4641,0.3215,0.8241,0.9478,0.9659,0.7526,0.4087,0.6861,0.8434,0.962,0.3502,0.1812,0.0386,0.7528,0.4582,clean,N/A,HIGH,external_debt_pct_gni,True
GBR,GBR,2020,5.32,4.14,1.18,1.18,0.556,0.148,0.38,0.57,0.398,0.38,0.177,Low Takeoff Signal,0.25,0.334,0.056,SR,Structural Risk,Knowledge / Service Economy,structural,0.1681,0.4464,0.5603,0.2523,0.8831,0.5523,0.204,0.4151,0.3805,0.8096,0.9416,0.9634,0.7831,0.1965,0.6682,0.8471,0.9583,0.0698,0.2029,0.0564,0.5997,0.6169,clean,N/A,HIGH,external_debt_pct_gni,True
GBR,GBR,2021,6.742,5.562,1.18,1.18,0.81,0.047,0.576,0.582,0.815,0.45,0.19,Low Takeoff Signal,0.25,0.528,0.042,FO,Fragile Opportunity,Advanced Economy,structural,0.7337,0.2755,0.4574,0.2533,0.8771,0.5747,0.1928,0.5299,0.3219,0.7915,0.9365,0.9611,0.7775,0.7566,0.6597,0.8507,0.9554,0.7182,0.5823,0.0422,0.1575,0.783,clean,N/A,HIGH,external_debt_pct_gni,True
GBR,GBR,2022,6.855,5.675,1.18,1.18,0.832,0.048,0.567,0.568,0.794,0.436,0.189,Low Takeoff Signal,0.25,0.526,0.041,FO,Fragile Opportunity,Advanced Economy,stable,0.5723,0.6578,0.5215,0.2208,0.8684,0.5848,0.1781,0.4818,0.2104,0.7664,0.9376,0.96,0.7781,0.5985,0.6891,0.85,0.9608,0.8543,0.9498,0.0412,0.2495,0.3901,clean,N/A,HIGH,external_debt_pct_gni,True
GBR,GBR,2023,6.221,5.041,1.18,1.18,0.675,0.109,0.434,0.584,0.656,0.38,0.248,Low Takeoff Signal,0.25,0.42,0.134,FO,Fragile Opportunity,Advanced Economy,stable,0.278,0.3207,0.4193,0.2377,0.8648,0.5824,0.1752,0.3865,0.3916,0.761,0.934,0.9488,0.778,0.2859,0.6291,0.8461,0.9562,0.385,0.3878,0.1335,0.4631,0.4257,clean,N/A,HIGH,external_debt_pct_gni,True
GBR,GBR,2024,6.673,5.493,1.18,1.18,0.708,0.1,0.459,0.579,0.669,0.38,0.325,Low Takeoff Signal,0.25,0.424,0.322,RO,Robust Opportunity,Advanced Economy,stable,0.3079,0.4047,0.4065,0.2744,0.8643,0.5816,0.1612,0.3904,0.3735,0.7459,0.9333,0.9502,0.7781,0.329,0.5439,0.8478,0.9512,0.2629,0.0483,0.3222,0.4543,0.5882,clean,N/A,HIGH,external_debt_pct_gni,True
GEO,GEO,2010,5.373,4.9,0.473,0.473,0.399,0.097,0.522,0.386,0.345,,0.486,Moderate Potential,0.45,0.511,0.5,SL,Stable / Low Opportunity,High-Growth Emerging Market,structural,0.6421,0.5429,0.5385,0.3061,0.6353,0.0914,0.6599,0.2721,0.1452,0.3389,0.5364,0.6731,0.7683,0.852,0.0429,0.2272,0.779,,,,,,clean,N/A,HIGH,export_growth; secondary_school_enrolment,False
GEO,GEO,2011,5.914,5.441,0.473,0.473,0.488,0.116,0.57,0.481,0.348,,0.502,Moderate Potential,0.45,0.561,0.5,SL,Stable / Low Opportunity,Diversified Emerging Market,structural,0.7783,0.5088,0.5292,0.3999,0.6597,0.7158,0.7044,0.2633,0.076,0.3388,0.5806,0.6914,0.7703,0.8811,0.0418,0.2317,0.8033,,,,,,clean,N/A,HIGH,secondary_school_enrolment,False
GEO,GEO,2012,6.498,6.025,0.473,0.473,0.598,0.136,0.563,0.534,0.381,0.619,0.637,Pre-Breakout Signal,0.45,0.641,0.95,FO,Fragile Opportunity,Diversified Emerging Market,structural,0.6373,0.5038,0.4817,0.539,0.6472,0.8824,0.7101,0.298,0.0871,0.3931,0.6636,0.7705,0.776,0.7324,0.0729,0.2486,0.7963,0.7058,0.1373,0.9502,0.8174,0.97,clean,N/A,HIGH,secondary_school_enrolment,True
GEO,GEO,2013,6.173,5.7,0.473,0.473,0.547,0.144,0.572,0.545,0.347,0.594,0.624,Pre-Breakout Signal,0.45,0.611,0.938,SR,Structural Risk,Diversified Emerging Market,structural,0.6457,0.5657,0.5425,0.3411,0.8392,0.6307,0.7153,0.394,0.1331,0.5286,0.6501,0.7795,0.7822,0.7911,0.0553,0.2313,0.8083,0.5927,0.1264,0.9382,0.7518,0.9728,clean,N/A,HIGH,,True
GEO,GEO,2014,5.641,5.168,0.473,0.473,0.573,0.148,0.569,0.566,0.373,0.624,0.438,Moderate Potential,0.168,0.587,0.951,SR,Structural Risk,Diversified Emerging Market,structural,0.581,0.4045,0.6177,0.5436,0.8195,0.6334,0.7192,0.2094,0.1547,0.5799,0.7288,0.8552,0.789,0.7509,0.0715,0.2434,0.8431,0.1837,0.685,0.9513,0.769,0.7781,clean,N/A,HIGH,,True
GEO,GEO,2015,5.08,4.607,0.473,0.473,0.53,0.104,0.596,0.514,0.388,0.429,0.345,Low Takeoff Signal,0.1,0.5,0.952,SL,Stable / Low Opportunity,Diversified Emerging Market,structural,0.5374,0.477,0.6732,0.5994,0.8206,0.5347,0.6991,0.1474,0.0937,0.5588,0.7184,0.8444,0.7473,0.6741,0.0791,0.2718,0.8319,0.0217,0.9163,0.9521,0.5518,0.0741,clean,N/A,HIGH,,True
GEO,GEO,2016,5.306,4.833,0.473,0.473,0.564,0.097,0.622,0.522,0.402,0.407,0.358,Low Takeoff Signal,0.128,0.448,0.916,SL,Stable / Low Opportunity,Advanced Economy,structural,0.5659,0.4835,0.8247,0.6967,0.8275,0.5786,0.6962,0.132,0.1043,0.5914,0.7267,0.8437,0.7795,0.7208,0.0784,0.2763,0.8588,0.1152,0.9254,0.9158,0.32,0.1001,clean,N/A,HIGH,,True
GEO,GEO,2017,5.811,5.338,0.473,0.473,0.672,0.072,0.647,0.516,0.491,0.446,0.336,Low Takeoff Signal,0.192,0.542,0.372,RO,Robust Opportunity,Advanced Economy,structural,0.6656,0.5053,0.5897,0.5421,0.8431,0.5288,0.7037,0.1984,0.1391,0.567,0.6728,0.859,0.7868,0.7803,0.1528,0.3034,0.8573,0.5581,0.9577,0.372,0.3844,0.1638,clean,N/A,HIGH,,True
GEO,GEO,2018,5.933,5.46,0.473,0.473,0.729,0.076,0.668,0.53,0.492,0.496,0.285,Low Takeoff Signal,0.246,0.595,0.142,RO,Robust Opportunity,Diversified Emerging Market,structural,0.822,0.5338,0.5098,0.6631,0.8594,0.5356,0.7122,0.256,0.1282,0.561,0.692,0.8526,0.7572,0.9129,0.1221,0.3373,0.8276,0.9188,0.3991,0.1425,0.555,0.6314,clean,N/A,HIGH,,True
GEO,GEO,2019,5.567,5.094,0.473,0.473,0.673,0.076,0.643,0.521,0.481,0.389,0.266,Low Takeoff Signal,0.35,0.537,0.085,RO,Robust Opportunity,High-Growth Emerging Market,structural,0.7469,0.4881,0.4933,0.635,0.8627,0.5357,0.7028,0.3081,0.0976,0.5411,0.668,0.8493,0.7501,0.8585,0.1098,0.3261,0.8444,0.9418,0.0263,0.0852,0.5928,0.4913,clean,N/A,HIGH,,True
GEO,GEO,2020,4.491,4.018,0.473,0.473,0.405,0.13,0.386,0.465,0.298,0.38,0.37,Low Takeoff Signal,0.45,0.359,0.304,SR,Structural Risk,Knowledge / Service Economy,structural,0.3385,0.2481,0.5257,0.5761,0.8319,0.5488,0.601,0.0647,0.0838,0.5507,0.6853,0.8408,0.7524,0.3965,0.1543,0.3333,0.8389,0.5484,0.0171,0.3045,0.4519,0.3701,clean,N/A,HIGH,,True
GEO,GEO,2021,5.538,5.065,0.473,0.473,0.589,0.06,0.653,0.483,0.489,0.432,0.384,Low Takeoff Signal,0.2,0.541,0.552,RO,Robust Opportunity,High-Growth Emerging Market,structural,0.852,0.7517,0.5052,0.3351,0.8144,0.5124,0.6789,0.1326,0.0935,0.5252,0.676,0.8217,0.7534,0.8898,0.14,0.3243,0.841,0.7179,0.0356,0.5519,0.5073,0.3464,clean,N/A,HIGH,,True
GEO,GEO,2022,6.285,5.812,0.473,0.473,0.729,0.079,0.714,0.541,0.489,0.563,0.382,Low Takeoff Signal,0.2,0.627,0.458,RO,Robust Opportunity,High-Growth Emerging Market,structural,0.8661,0.9633,0.6048,0.4867,0.7821,0.5948,0.7557,0.3906,0.1738,0.566,0.6676,0.8051,0.754,0.9071,0.111,0.329,0.829,0.8883,0.4001,0.4576,0.8148,0.4576,clean,N/A,HIGH,,True
GEO,GEO,2023,6.564,6.091,0.473,0.473,0.778,0.103,0.639,0.547,0.494,0.631,0.387,Low Takeoff Signal,0.2,0.616,0.484,RO,Robust Opportunity,Diversified Emerging Market,structural,0.8646,0.7146,0.6641,0.5926,0.7832,0.6056,0.7559,0.2969,0.254,0.551,0.6615,0.8105,0.7539,0.9055,0.0994,0.3815,0.8372,0.942,0.4865,0.4845,0.6847,0.8552,clean,N/A,HIGH,,True
GEO,GEO,2024,6.01,5.537,0.473,0.473,0.734,0.091,0.624,0.52,0.492,0.57,0.299,Low Takeoff Signal,0.2,0.645,0.195,RO,Robust Opportunity,Diversified Emerging Market,structural,0.933,0.535,0.52,0.5733,0.7544,0.5864,0.7764,0.3394,0.2959,0.3478,0.6563,0.7237,0.754,0.9668,0.1005,0.3904,0.7942,0.9698,0.4041,0.1946,0.9587,0.9043,clean,N/A,HIGH,,True
GHA,Ghana,2010,5.856,5.27,0.586,0.586,0.479,0.12,0.473,0.487,0.401,,0.468,Moderate Potential,0.45,0.459,0.5,SL,Stable / Low Opportunity,High-Growth Emerging Market,structural,0.7957,0.6973,0.5507,0.071,0.3039,0.3773,0.6413,0.3505,0.3326,0.5699,0.5974,0.5945,0.4567,0.7096,0.7088,0.0922,0.5074,,,,,,clean,N/A,HIGH,secondary_school_enrolment,False
GHA,Ghana,2011,5.705,5.119,0.586,0.586,0.531,0.119,0.528,0.511,0.397,,0.487,Moderate Potential,0.45,0.515,0.5,SL,Stable / Low Opportunity,High-Growth Emerging Market,structural,0.9581,0.8351,0.5491,0.0779,0.1945,0.442,0.6632,0.3644,0.299,0.6593,0.6658,0.5819,0.321,0.9426,0.7665,0.0949,0.5066,,,,,,clean,N/A,HIGH,,True
GHA,Ghana,2012,5.578,4.992,0.586,0.586,0.448,0.13,0.451,0.485,0.386,0.532,0.576,Pre-Breakout Signal,0.45,0.5,0.905,SR,Structural Risk,High-Growth Emerging Market,structural,0.7519,0.555,0.5241,0.1623,0.1916,0.3207,0.6253,0.3417,0.297,0.6321,0.655,0.562,0.2774,0.7047,0.8119,0.0962,0.5133,0.7148,0.4391,0.905,0.5633,0.1912,clean,N/A,HIGH,,True
GHA,Ghana,2013,5.415,4.829,0.586,0.586,0.431,0.099,0.467,0.465,0.414,0.38,0.556,Pre-Breakout Signal,0.45,0.44,0.938,SL,Stable / Low Opportunity,High-Growth Emerging Market,structural,0.7913,0.3863,0.5089,0.489,0.315,0.0701,0.5578,0.3054,0.5359,0.6415,0.6824,0.5629,0.4053,0.7469,0.8474,0.0966,0.5093,0.6644,0.1051,0.9382,0.2301,0.1486,clean,N/A,HIGH,,True
GHA,Ghana,2014,4.272,3.686,0.586,0.586,0.294,0.101,0.432,0.412,0.341,0.38,0.443,Reform Story,0.441,0.316,0.662,SL,Stable / Low Opportunity,High-Growth Emerging Market,structural,0.4363,0.4131,0.5221,0.6223,0.253,0.0369,0.4844,0.3067,0.4383,0.549,0.6478,0.4997,0.2973,0.3357,0.7521,0.097,0.4684,0.0362,0.1031,0.6625,0.0424,0.1216,clean,N/A,HIGH,,True
GHA,Ghana,2015,3.657,3.071,0.586,0.586,0.333,0.093,0.496,0.407,0.328,0.38,0.214,Low Takeoff Signal,0.077,0.332,0.425,SL,Stable / Low Opportunity,High-Growth Emerging Market,structural,0.4112,0.6152,0.5267,0.6379,0.2872,0.2374,0.4902,0.3724,0.3515,0.5905,0.665,0.4585,0.2862,0.3308,0.6108,0.0978,0.4596,0.0212,0.2977,0.4253,0.0274,0.0741,clean,N/A,HIGH,,True
GHA,Ghana,2016,3.966,3.38,0.586,0.586,0.348,0.101,0.449,0.434,0.365,0.38,0.279,Low Takeoff Signal,0.177,0.311,0.415,SL,Stable / Low Opportunity,High-Growth Emerging Market,structural,0.5569,0.4719,0.6206,0.5377,0.2777,0.4207,0.5058,0.4147,0.4328,0.5602,0.6631,0.4629,0.3326,0.4528,0.7178,0.1064,0.4023,0.0294,0.5725,0.4148,0.0514,0.0385,clean,N/A,HIGH,,True
GHA,Ghana,2017,4.958,4.372,0.586,0.586,0.494,0.111,0.521,0.49,0.424,0.526,0.334,Low Takeoff Signal,0.14,0.527,0.542,SL,Stable / Low Opportunity,High-Growth Emerging Market,structural,0.8761,0.612,0.4889,0.2483,0.2706,0.4953,0.5019,0.431,0.5056,0.6487,0.6951,0.4518,0.3058,0.8234,0.8175,0.1172,0.4332,0.5628,0.5541,0.5422,0.3104,0.6592,clean,N/A,HIGH,,True
GHA,Ghana,2018,4.872,4.286,0.586,0.586,0.454,0.121,0.463,0.503,0.423,0.507,0.371,Low Takeoff Signal,0.175,0.53,0.589,SR,Structural Risk,Diversified Emerging Market,structural,0.8329,0.4875,0.4808,0.3323,0.2842,0.5352,0.4472,0.4391,0.5367,0.5911,0.6656,0.5119,0.375,0.7612,0.8143,0.1292,0.4419,0.9403,0.1528,0.5891,0.2933,0.9621,clean,N/A,HIGH,,True
GHA,Ghana,2019,5.275,4.689,0.586,0.586,0.49,0.132,0.466,0.524,0.432,0.547,0.428,Moderate Potential,0.35,0.559,0.397,SR,Structural Risk,Diversified Emerging Market,structural,0.8265,0.4968,0.4689,0.2102,0.3194,0.5352,0.5053,0.487,0.6104,0.612,0.6284,0.5204,0.3151,0.7817,0.817,0.1412,0.4293,0.9744,0.3661,0.3971,0.4715,0.9686,clean,N/A,HIGH,,True
GHA,Ghana,2020,4.526,3.94,0.586,0.586,0.462,0.145,0.322,0.502,0.374,0.453,0.263,Low Takeoff Signal,0.35,0.42,0.109,SR,Structural Risk,Diversified Emerging Market,structural,0.7335,0.4398,0.5135,0.25,0.3534,0.5334,0.4802,0.439,0.601,0.638,0.6254,0.5088,0.2857,0.6976,0.8412,0.1495,0.4613,0.8831,0.2313,0.1091,0.4247,0.9722,clean,N/A,HIGH,,True
GHA,Ghana,2021,3.304,2.718,0.586,0.586,0.311,0.115,0.41,0.472,0.385,0.38,0.15,Low Takeoff Signal,0.2,0.331,0.042,SL,Stable / Low Opportunity,Diversified Emerging Market,structural,0.4494,0.202,0.4572,0.1831,0.3862,0.5221,0.396,0.4155,0.5409,0.5442,0.5995,0.4901,0.2903,0.3672,0.8358,0.1594,0.4408,0.0196,0.1055,0.0422,0.1117,0.7952,clean,N/A,HIGH,,True
GHA,Ghana,2022,3.186,2.6,0.586,0.586,0.298,0.12,0.389,0.471,0.37,0.38,0.136,Low Takeoff Signal,0.2,0.246,0.044,SR,Structural Risk,Diversified Emerging Market,structural,0.4817,0.2473,0.5079,0.1584,0.4055,0.0919,0.2851,0.4738,0.5117,0.5232,0.5924,0.5205,0.2916,0.434,0.8262,0.1606,0.4627,0.0992,0.0752,0.0437,0.03,0.0305,clean,N/A,HIGH,,True
GHA,Ghana,2023,3.635,3.049,0.586,0.586,0.306,0.134,0.369,0.503,0.358,0.38,0.249,Low Takeoff Signal,0.35,0.263,0.158,SR,Structural Risk,Diversified Emerging Market,structural,0.5278,0.5754,0.4668,0.0419,0.4163,0.4538,0.3768,0.478,0.5447,0.5759,0.5916,0.5088,0.2914,0.472,0.8219,0.1595,0.4609,0.1982,0.0528,0.1576,0.0547,0.0174,clean,N/A,HIGH,,True
GHA,Ghana,2024,4.634,4.048,0.586,0.586,0.377,0.14,0.412,0.553,0.386,0.38,0.419,Moderate Potential,0.35,0.38,0.581,SR,Structural Risk,High-Growth Emerging Market,structural,0.7285,0.6296,0.4622,0.0424,0.3715,0.4175,0.4294,0.6445,0.6203,0.6444,0.6173,0.488,0.2912,0.6756,0.8238,0.1611,0.4898,0.47,0.221,0.5814,0.2985,0.0403,clean,N/A,HIGH,,True
GIN,GIN,2010,3.553,3.16,0.393,0.393,0.112,0.108,0.325,0.173,0.205,,0.432,Moderate Potential,0.45,0.365,0.5,SL,Stable / Low Opportunity,Diversified Emerging Market,structural,0.4781,0.3821,0.3686,0.2782,0.1276,0.002,0.1766,0.3434,0.4853,0.0581,0.0831,0.1254,0.2723,0.3492,0.8313,0.0426,0.1131,,,,,,clean,N/A,HIGH,net_fdi_pct_gdp; secondary_school_enrolment,False
GIN,GIN,2011,3.75,3.357,0.393,0.393,0.144,0.1,0.439,0.185,0.22,,0.439,Moderate Potential,0.45,0.382,0.5,SL,Stable / Low Opportunity,Diversified Emerging Market,structural,0.6326,0.3922,0.7047,0.4455,0.0666,0.1015,0.3674,0.1941,0.4302,0.0849,0.0894,0.1368,0.2605,0.5472,0.8283,0.0432,0.129,,,,,,clean,N/A,HIGH,,False
GIN,GIN,2012,4.08,3.687,0.393,0.393,0.217,0.157,0.436,0.308,0.233,0.725,0.559,Pre-Breakout Signal,0.45,0.612,0.649,SR,Structural Risk,Diversified Emerging Market,structural,0.606,0.4478,0.523,0.5387,0.0613,0.107,0.7234,0.1691,0.877,0.0965,0.0898,0.1443,0.2539,0.5515,0.8276,0.0439,0.1364,0.8467,,0.6489,0.9383,0.97,clean,N/A,HIGH,,True
GIN,GIN,2013,3.572,3.179,0.393,0.393,0.154,0.132,0.315,0.318,0.229,0.558,0.512,Moderate Potential,0.45,0.53,0.574,SR,Structural Risk,Diversified Emerging Market,structural,0.5501,0.3095,0.312,0.4257,0.0609,0.1469,0.6623,0.2327,0.8501,0.1158,0.0915,0.1447,0.2815,0.4709,0.8268,0.0443,0.1273,0.6842,0.032,0.5737,0.9248,0.9728,clean,N/A,HIGH,,True
GIN,GIN,2014,3.797,3.404,0.393,0.393,0.167,0.123,0.354,0.324,0.224,0.505,0.556,Pre-Breakout Signal,0.688,0.508,0.481,SR,Structural Risk,Diversified Emerging Market,structural,0.5351,0.4859,0.358,0.3937,0.0653,0.2261,0.6673,0.114,0.8505,0.1432,0.0842,0.1491,0.2045,0.4177,0.8243,0.0447,0.1282,0.5096,0.0349,0.4814,0.9188,0.97,clean,N/A,HIGH,,True
GIN,GIN,2015,3.798,3.405,0.393,0.393,0.199,0.128,0.333,0.358,0.243,0.489,0.508,Moderate Potential,0.428,0.483,0.66,SR,Structural Risk,Diversified Emerging Market,structural,0.5858,0.3616,0.3493,0.4674,0.0659,0.4725,0.6058,0.1244,0.8323,0.2651,0.1399,0.1657,0.165,0.4755,0.8209,0.0454,0.1745,0.2658,0.0215,0.66,0.8361,0.9553,clean,N/A,HIGH,,True
GIN,GIN,2016,5.06,4.667,0.393,0.393,0.387,0.113,0.737,0.347,0.253,0.628,0.577,Pre-Breakout Signal,0.388,0.555,0.957,SL,Stable / Low Opportunity,Diversified Emerging Market,structural,0.9775,0.7804,0.9686,0.996,0.0604,0.4984,0.6584,0.0029,0.8059,0.3498,0.1492,0.1846,0.0479,0.9607,0.8217,0.0468,0.1844,0.7528,0.9145,0.9566,0.1402,0.9574,clean,N/A,HIGH,,True
GIN,GIN,2017,5.018,4.625,0.393,0.393,0.319,0.147,0.566,0.389,0.248,0.695,0.668,Pre-Breakout Signal,0.476,0.685,0.962,SR,Structural Risk,Diversified Emerging Market,structural,0.947,0.9268,0.4922,0.3807,0.0605,0.5102,0.6734,0.2485,0.8226,0.2588,0.147,0.1642,0.0652,0.9073,0.8162,0.0483,0.1927,0.9484,0.9577,0.9615,0.6062,0.6171,clean,N/A,HIGH,,True
GIN,GIN,2018,4.527,4.134,0.393,0.393,0.234,0.154,0.372,0.363,0.27,0.682,0.658,Pre-Breakout Signal,0.541,0.575,0.967,SR,Structural Risk,Diversified Emerging Market,structural,0.8447,0.42,0.4658,0.2357,0.0577,0.5352,0.702,0.0229,0.8384,0.1986,0.1559,0.1609,0.2313,0.725,0.8027,0.0499,0.1959,0.9189,0.7401,0.9667,0.7533,0.4198,clean,N/A,HIGH,,True
GIN,GIN,2019,3.725,3.332,0.393,0.393,0.239,0.121,0.357,0.377,0.318,0.497,0.428,Moderate Potential,0.2,0.48,0.91,SR,Structural Risk,Diversified Emerging Market,structural,0.7654,0.4267,0.4119,0.2525,0.0554,0.5344,0.7167,0.0616,0.812,0.222,0.1633,0.2047,0.567,0.6515,0.791,0.0511,0.1995,0.4578,0.3082,0.9105,0.8691,0.2187,clean,N/A,HIGH,,True
GIN,GIN,2020,5.004,4.611,0.393,0.393,0.493,0.074,0.571,0.351,0.304,0.38,0.402,Moderate Potential,0.2,0.471,0.754,SL,Stable / Low Opportunity,Diversified Emerging Market,structural,0.8858,0.8876,0.4917,0.8617,0.0523,0.5332,0.7016,0.0265,0.8083,0.1583,0.1562,0.2064,0.5162,0.8513,0.799,0.0501,0.1977,0.0697,0.0171,0.7539,0.8366,0.1525,clean,N/A,HIGH,,True
GIN,GIN,2021,3.808,3.415,0.393,0.393,0.265,0.119,0.425,0.451,0.304,0.38,0.412,Reform Story,0.2,0.442,0.885,SL,Stable / Low Opportunity,Diversified Emerging Market,structural,0.4936,0.8574,0.4308,0.1533,0.0521,0.5227,0.7292,0.74,0.7999,0.1866,0.1844,0.1726,0.6434,0.362,0.794,0.0487,0.1714,0.0121,0.0356,0.8852,0.8608,0.3056,clean,N/A,HIGH,,True
GIN,GIN,2022,3.517,3.124,0.393,0.393,0.223,0.146,0.311,0.419,0.287,0.535,0.394,Low Takeoff Signal,0.2,0.439,0.765,SR,Structural Risk,Diversified Emerging Market,structural,0.493,0.1463,0.5269,0.1019,0.0521,0.6126,0.7439,0.3731,0.8084,0.2421,0.1781,0.1846,0.6444,0.4059,0.7875,0.0484,0.1645,0.0339,0.3937,0.7653,0.8117,0.8987,clean,N/A,HIGH,,True
GIN,GIN,2023,3.996,3.603,0.393,0.393,0.307,0.132,0.454,0.398,0.3,0.598,0.401,Moderate Potential,0.2,0.523,0.665,SR,Structural Risk,Diversified Emerging Market,structural,0.7317,0.6943,0.6287,0.5011,0.0547,0.5475,0.7684,0.2006,0.8105,0.2195,0.1673,0.1762,0.6442,0.6303,0.7805,0.0483,0.1624,0.1985,0.9725,0.6647,0.6286,0.8552,clean,N/A,HIGH,,True
GIN,GIN,2024,3.898,3.505,0.393,0.393,0.304,0.096,0.521,0.346,0.304,0.499,0.379,Low Takeoff Signal,0.2,0.54,0.529,SL,Stable / Low Opportunity,Diversified Emerging Market,structural,0.7089,0.5084,0.5408,0.8896,0.0729,0.5517,0.6733,0.023,0.8136,0.1882,0.1601,0.145,0.6443,0.6036,0.7825,0.0487,0.1753,0.1665,0.9741,0.5288,0.2991,0.9398,clean,N/A,HIGH,secondary_school_enrolment,True
GMB,GMB,2010,3.886,3.844,0.042,0.042,0.251,0.142,0.288,0.433,0.336,,0.414,Moderate Potential,0.45,0.324,0.5,SR,Structural Risk,Diversified Emerging Market,structural,0.6049,0.2405,0.399,0.0833,0.1143,0.4855,0.5061,0.2639,0.686,0.6274,0.2938,0.2661,0.7179,0.4206,0.6147,0.0865,0.2738,,,,,,clean,N/A,HIGH,,False
GMB,GMB,2011,3.254,3.212,0.042,0.042,0.151,0.171,0.217,0.442,0.144,,0.388,Low Takeoff Signal,0.45,0.268,0.5,SR,Structural Risk,Diversified Emerging Market,structural,0.0248,0.5098,0.387,0.0792,0.1118,0.6215,0.4269,0.3474,0.6247,0.613,0.2838,0.2775,0.7016,0.0156,0.5944,0.0855,0.2965,,,,,,clean,N/A,HIGH,,False
GMB,GMB,2012,3.275,3.233,0.042,0.042,0.301,0.111,0.399,0.421,0.343,0.421,0.308,Low Takeoff Signal,0.45,0.43,0.134,SL,Stable / Low Opportunity,Diversified Emerging Market,structural,0.5732,0.5793,0.4292,0.2962,0.1028,0.5464,0.4453,0.4294,0.5963,0.5189,0.267,0.2507,0.6321,0.4939,0.598,0.0847,0.3229,0.7037,0.597,0.134,0.1915,0.4809,clean,N/A,HIGH,,True
GMB,GMB,2013,2.365,2.323,0.042,0.042,0.181,0.113,0.292,0.378,0.31,0.38,0.234,Low Takeoff Signal,0.45,0.35,0.069,SL,Stable / Low Opportunity,Diversified Emerging Market,structural,0.4602,0.3978,0.5021,0.1134,0.1003,0.4101,0.3725,0.3614,0.5872,0.5213,0.2566,0.2171,0.6076,0.3386,0.6362,0.0881,0.2582,0.7077,0.9599,0.0688,0.0695,0.188,clean,N/A,HIGH,,True
GMB,GMB,2014,2.1,2.058,0.042,0.042,0.146,0.107,0.274,0.326,0.262,0.38,0.214,Low Takeoff Signal,0.601,0.32,0.04,SL,Stable / Low Opportunity,Diversified Emerging Market,structural,0.0937,0.5273,0.4199,0.1478,0.0972,0.3276,0.2448,0.2871,0.5637,0.4309,0.2188,0.2253,0.6087,0.0482,0.6748,0.0911,0.2629,0.7107,0.6105,0.04,0.0367,0.1216,clean,N/A,HIGH,,True
GMB,GMB,2015,2.518,2.476,0.042,0.042,0.209,0.101,0.302,0.343,0.336,0.38,0.235,Low Takeoff Signal,0.634,0.344,0.048,SL,Stable / Low Opportunity,Diversified Emerging Market,structural,0.6089,0.2451,0.4883,0.2931,0.0975,0.4892,0.3094,0.1985,0.632,0.5016,0.2107,0.2126,0.5208,0.4777,0.7075,0.0954,0.2265,0.9137,0.7825,0.0475,0.0277,0.0741,clean,N/A,HIGH,,True
GMB,GMB,2016,2.504,2.462,0.042,0.042,0.208,0.093,0.33,0.323,0.314,0.38,0.232,Low Takeoff Signal,0.688,0.3,0.049,SL,Stable / Low Opportunity,Diversified Emerging Market,structural,0.3889,0.3279,0.5355,0.5113,0.0903,0.5081,0.2458,0.2244,0.6661,0.409,0.1939,0.211,0.4527,0.2613,0.7399,0.1002,0.2441,0.5243,0.676,0.0485,0.0441,0.0385,clean,N/A,HIGH,,True
GMB,GMB,2017,4.45,4.408,0.042,0.042,0.356,0.08,0.504,0.374,0.368,0.425,0.552,Pre-Breakout Signal,0.752,0.473,0.462,SL,Stable / Low Opportunity,Diversified Emerging Market,structural,0.6328,0.8159,0.471,0.4187,0.0906,0.5273,0.1955,0.2212,0.5861,0.5268,0.3308,0.3559,0.5032,0.5027,0.7696,0.1048,0.2672,0.7352,0.559,0.4619,0.0395,0.3288,clean,N/A,HIGH,,True
GMB,GMB,2018,5.639,5.597,0.042,0.042,0.436,0.108,0.51,0.396,0.403,0.615,0.762,Strong Pre-Breakout Signal,0.77,0.615,0.967,SL,Stable / Low Opportunity,Diversified Emerging Market,structural,0.8982,0.739,0.4854,0.2928,0.0868,0.5353,0.2262,0.1533,0.6182,0.551,0.3744,0.3929,0.6762,0.822,0.7901,0.1106,0.224,0.9403,0.85,0.9667,0.1888,0.6366,market_depth_limited,MEDIUM,HIGH,,True
GMB,GMB,2019,4.682,4.64,0.042,0.042,0.369,0.119,0.42,0.428,0.399,0.544,0.597,Pre-Breakout Signal,0.45,0.535,0.94,SL,Stable / Low Opportunity,Diversified Emerging Market,structural,0.8084,0.406,0.45,0.4999,0.0838,0.5353,0.2481,0.3014,0.632,0.637,0.3816,0.4154,0.6563,0.7284,0.7701,0.1165,0.2293,0.9514,0.3887,0.9401,0.3165,0.5167,clean,N/A,HIGH,,True
GMB,GMB,2020,4.491,5.101,-0.61,0.042,0.539,0.16,0.43,0.443,0.326,0.725,0.469,Moderate Potential,0.2,0.598,0.956,SR,Structural Risk,Diversified Emerging Market,recovery_bounce,0.7373,0.1762,0.6292,0.882,0.373,0.5426,0.3548,0.2609,0.6274,0.6721,0.4248,0.4507,0.6332,0.6814,0.7582,0.1141,0.2366,0.9129,0.8943,0.9559,0.8158,0.6236,clean,N/A,HIGH,secondary_school_enrolment,True
GMB,GMB,2021,4.138,4.735,-0.597,0.042,0.456,0.128,0.599,0.441,0.38,0.71,0.492,Moderate Potential,0.2,0.685,0.955,SR,Structural Risk,High-Growth Emerging Market,recovery_bounce,0.465,0.019,0.579,0.8131,0.8223,0.5587,0.3601,0.3459,0.5763,0.6308,0.4146,0.42,0.7047,0.3488,0.7318,0.1183,0.2169,0.5507,0.9647,0.9548,0.8945,0.8062,clean,N/A,HIGH,,True
GMB,GMB,2022,5.202,5.16,0.042,0.042,0.551,0.101,0.665,0.454,0.396,0.633,0.467,Moderate Potential,0.2,0.65,0.855,SL,Stable / Low Opportunity,High-Growth Emerging Market,structural,0.5949,0.4813,0.624,0.7128,0.8162,0.5371,0.3022,0.3981,0.5685,0.6744,0.4292,0.4301,0.7055,0.5213,0.7023,0.1245,0.2508,0.2411,0.9807,0.855,0.8209,0.6743,clean,N/A,HIGH,,True
GMB,GMB,2023,5.549,5.507,0.042,0.042,0.643,0.077,0.686,0.458,0.406,0.504,0.426,Moderate Potential,0.2,0.542,0.777,RO,Robust Opportunity,High-Growth Emerging Market,structural,0.7582,0.9157,0.7225,0.7213,0.8221,0.4934,0.3832,0.3033,0.5394,0.6694,0.4419,0.4347,0.7054,0.674,0.6683,0.1298,0.2627,0.2516,0.8232,0.7774,0.7709,0.0174,market_depth_limited,MEDIUM,HIGH,,True
GMB,GMB,2024,5.286,5.244,0.042,0.042,0.612,0.064,0.701,0.435,0.397,0.449,0.399,Low Takeoff Signal,0.2,0.545,0.622,RO,Robust Opportunity,Diversified Emerging Market,structural,0.7254,0.8104,0.6301,0.8288,0.8203,0.5227,0.4031,0.2857,0.4219,0.631,0.4211,0.4266,0.7055,0.6341,0.6698,0.1308,0.246,0.7238,0.1359,0.6222,0.8169,0.0145,clean,N/A,HIGH,,True
GNB,GNB,2010,3.399,3.376,0.023,0.023,0.152,0.107,0.337,0.239,0.246,,0.432,Moderate Potential,0.45,0.366,0.5,SL,Stable / Low Opportunity,Diversified Emerging Market,structural,0.5705,0.1949,0.4095,0.2423,0.2923,0.4944,0.2656,0.3175,0.0083,0.3371,0.1117,0.1426,0.2836,0.4251,0.8688,0.0755,0.1194,,,,,,clean,N/A,HIGH,secondary_school_enrolment,False
GNB,GNB,2011,4.282,4.259,0.023,0.023,0.29,0.127,0.432,0.422,0.286,,0.47,Moderate Potential,0.45,0.467,0.5,SR,Structural Risk,Diversified Emerging Market,structural,0.7862,0.7574,0.3762,0.1344,0.0772,0.6608,0.4752,0.4809,0.8292,0.3323,0.1089,0.1412,0.4112,0.7102,0.8661,0.0749,0.1154,,,,,,clean,N/A,HIGH,secondary_school_enrolment,False
GNB,GNB,2012,1.943,1.92,0.023,0.023,0.12,0.133,0.217,0.374,0.176,0.38,0.215,Low Takeoff Signal,0.45,0.354,0.051,SR,Structural Risk,Diversified Emerging Market,structural,0.2493,0.3138,0.3878,0.2373,0.06,0.7584,0.4726,0.3588,0.7892,0.1951,0.0732,0.1072,0.2403,0.2118,0.8616,0.0737,0.0856,0.0982,0.0447,0.0505,0.9383,0.97,clean,N/A,HIGH,secondary_school_enrolment,True
GNB,GNB,2013,2.214,2.191,0.023,0.023,0.165,0.132,0.336,0.391,0.212,0.431,0.223,Low Takeoff Signal,0.45,0.454,0.043,SR,Structural Risk,Diversified Emerging Market,structural,0.4923,0.4677,0.3761,0.24,0.1493,0.7734,0.4755,0.4229,0.7835,0.227,0.0749,0.0921,0.201,0.3921,0.8608,0.0724,0.0815,0.2931,0.3182,0.0427,0.8836,0.9728,clean,N/A,HIGH,secondary_school_enrolment,True
GNB,GNB,2014,2.362,2.339,0.023,0.023,0.162,0.145,0.319,0.385,0.188,0.503,0.268,Low Takeoff Signal,0.154,0.453,0.276,SR,Structural Risk,Diversified Emerging Market,structural,0.2406,0.4997,0.4357,0.268,0.1068,0.7437,0.3612,0.5884,0.738,0.2212,0.0992,0.0781,0.1132,0.1505,0.8593,0.0706,0.0938,0.1403,0.5994,0.2758,0.7688,0.97,clean,N/A,HIGH,secondary_school_enrolment,True
GNB,GNB,2015,3.114,3.091,0.023,0.023,0.192,0.126,0.354,0.368,0.214,0.455,0.432,Moderate Potential,0.415,0.439,0.444,SR,Structural Risk,Diversified Emerging Market,structural,0.7861,0.5113,0.3783,0.1199,0.0886,0.5957,0.46,0.7416,0.5628,0.3284,0.1172,0.0818,0.0591,0.697,0.8632,0.0696,0.0861,0.6478,0.6716,0.4442,0.2874,0.2215,clean,N/A,HIGH,secondary_school_enrolment,True
GNB,GNB,2016,3.875,3.852,0.023,0.023,0.213,0.15,0.351,0.374,0.216,0.601,0.612,Pre-Breakout Signal,0.465,0.549,0.957,SR,Structural Risk,Diversified Emerging Market,structural,0.77,0.4517,0.3766,0.2,0.1084,0.5895,0.4673,0.7382,0.6218,0.3805,0.1045,0.077,0.0417,0.6618,0.8669,0.0691,0.0919,0.9346,0.6861,0.9566,0.4605,0.3582,clean,N/A,HIGH,secondary_school_enrolment,True
GNB,GNB,2017,4.075,4.052,0.023,0.023,0.219,0.156,0.358,0.374,0.228,0.651,0.658,Pre-Breakout Signal,0.594,0.554,0.904,SR,Structural Risk,Diversified Emerging Market,structural,0.6169,0.4495,0.4201,0.1916,0.1132,0.5755,0.5632,0.6428,0.593,0.3469,0.1095,0.0669,0.1165,0.4959,0.8659,0.0684,0.0946,0.7944,0.4192,0.9044,0.8292,0.5875,clean,N/A,HIGH,secondary_school_enrolment,True
GNB,GNB,2018,4.125,4.102,0.023,0.023,0.228,0.13,0.436,0.33,0.254,0.604,0.658,Pre-Breakout Signal,0.576,0.555,0.939,SR,Structural Risk,Diversified Emerging Market,structural,0.5644,0.7467,0.4491,0.2209,0.1183,0.5355,0.4812,0.4143,0.5352,0.3009,0.1488,0.077,0.3709,0.4065,0.8588,0.0682,0.0956,0.6,0.3011,0.9393,0.7677,0.6187,clean,N/A,HIGH,secondary_school_enrolment,True
GNB,GNB,2019,3.203,3.18,0.023,0.023,0.201,0.129,0.366,0.312,0.269,0.588,0.443,Moderate Potential,0.2,0.516,0.94,SR,Structural Risk,Diversified Emerging Market,structural,0.7426,0.3572,0.4561,0.3916,0.0828,0.5399,0.428,0.2104,0.5471,0.382,0.149,0.0821,0.3072,0.6457,0.8871,0.0677,0.0966,0.3064,0.8273,0.9401,0.5425,0.5895,clean,N/A,HIGH,secondary_school_enrolment,True
GNB,GNB,2020,3.87,3.847,0.023,0.023,0.323,0.124,0.408,0.334,0.24,0.553,0.445,Moderate Potential,0.2,0.514,0.956,SR,Structural Risk,Diversified Emerging Market,structural,0.8321,0.447,0.4914,0.6312,0.2667,0.5505,0.4304,0.4376,0.5233,0.4745,0.1475,0.1072,0.1637,0.7954,0.8966,0.0668,0.0937,0.8556,0.7034,0.9559,0.2051,0.3589,clean,N/A,HIGH,secondary_school_enrolment,True
GNB,GNB,2021,3.019,2.996,0.023,0.023,0.211,0.105,0.412,0.347,0.255,0.419,0.377,Low Takeoff Signal,0.2,0.436,0.666,SL,Stable / Low Opportunity,Diversified Emerging Market,structural,0.4471,0.2389,0.4284,0.3734,0.2138,0.5714,0.3996,0.5106,0.4847,0.4777,0.1363,0.1263,0.4005,0.3437,0.8863,0.0652,0.0902,0.7182,0.5523,0.6658,0.0493,0.1095,clean,N/A,HIGH,secondary_school_enrolment,True
GNB,GNB,2022,2.837,2.814,0.023,0.023,0.192,0.088,0.417,0.3,0.256,0.38,0.355,Low Takeoff Signal,0.545,0.362,0.211,SL,Stable / Low Opportunity,Diversified Emerging Market,structural,0.5973,0.1316,0.4973,0.4107,0.2465,0.6005,0.3324,0.2462,0.4358,0.4385,0.1321,0.1395,0.4019,0.5295,0.874,0.0648,0.0932,0.6004,0.2643,0.2107,0.03,0.3865,clean,N/A,HIGH,secondary_school_enrolment,True
GNB,GNB,2023,3.155,3.132,0.023,0.023,0.199,0.086,0.441,0.306,0.261,0.38,0.433,Moderate Potential,0.545,0.377,0.39,SL,Stable / Low Opportunity,Diversified Emerging Market,structural,0.752,0.2438,0.4491,0.6018,0.1729,0.5885,0.3464,0.1888,0.4106,0.4545,0.1438,0.1411,0.4017,0.6716,0.8715,0.0643,0.1022,0.3322,0.0528,0.3903,0.1416,0.4811,clean,N/A,HIGH,secondary_school_enrolment,True
GNB,GNB,2024,2.76,2.737,0.023,0.023,0.156,0.087,0.364,0.28,0.252,0.38,0.388,Low Takeoff Signal,0.35,0.374,0.456,SL,Stable / Low Opportunity,Diversified Emerging Market,structural,0.6001,0.0344,0.441,0.5968,0.1185,0.5571,0.3084,0.1737,0.4143,0.3452,0.1404,0.1114,0.4016,0.506,0.8728,0.0646,0.1082,0.2011,0.3924,0.4558,0.1836,0.4923,clean,N/A,HIGH,secondary_school_enrolment,True
GRC,GRC,2010,4.398,3.666,0.732,0.732,0.196,0.141,0.354,0.395,0.207,,0.446,Moderate Potential,0.45,0.401,0.5,SR,Structural Risk,Diversified Emerging Market,structural,0.0066,0.36,0.3407,0.1937,0.8835,0.5501,0.003,0.2636,0.0363,0.5898,0.7764,0.5508,0.7966,0.0094,0.1044,0.6815,0.7036,,,,,,clean,N/A,HIGH,external_debt_pct_gni,False
GRC,GRC,2011,4.216,3.484,0.732,0.732,0.167,0.157,0.333,0.42,0.147,,0.439,Moderate Potential,0.45,0.384,0.5,SR,Structural Risk,Diversified Emerging Market,structural,0.0147,0.4057,0.3294,0.0981,0.8621,0.7107,0.0008,0.295,0.0521,0.5861,0.7772,0.5235,0.8058,0.0214,0.024,0.666,0.6421,,,,,,clean,N/A,HIGH,external_debt_pct_gni,False
GRC,GRC,2012,2.998,2.266,0.732,0.732,0.167,0.154,0.345,0.458,0.157,0.414,0.24,Low Takeoff Signal,0.45,0.433,0.058,SR,Structural Risk,Diversified Emerging Market,structural,0.0807,0.4399,0.3889,0.0707,0.8555,0.821,0.002,0.4694,0.1396,0.5456,0.7255,0.5599,0.7972,0.1172,0.0073,0.647,0.5868,0.5072,0.6069,0.0577,0.1461,0.97,clean,N/A,HIGH,external_debt_pct_gni,True
GRC,GRC,2013,3.773,3.041,0.732,0.732,0.213,0.165,0.37,0.481,0.203,0.501,0.386,Low Takeoff Signal,0.45,0.522,0.226,SR,Structural Risk,Diversified Emerging Market,structural,0.1313,0.4357,0.3565,0.0706,0.8424,0.8469,0.0014,0.4692,0.1779,0.5619,0.7532,0.6199,0.7995,0.2319,0.0056,0.633,0.647,0.8609,0.8727,0.2264,0.0286,0.9728,clean,N/A,HIGH,external_debt_pct_gni,True
GRC,GRC,2014,4.197,3.465,0.732,0.732,0.273,0.15,0.409,0.481,0.264,0.497,0.414,Moderate Potential,0.613,0.531,0.197,SR,Structural Risk,Diversified Emerging Market,structural,0.2261,0.5022,0.4032,0.0619,0.7975,0.8434,0.0011,0.4679,0.2092,0.5595,0.7317,0.5862,0.801,0.4555,0.0103,0.64,0.6046,0.8947,0.8992,0.1965,0.0367,0.97,clean,N/A,HIGH,external_debt_pct_gni,True
GRC,GRC,2015,4.238,3.506,0.732,0.732,0.284,0.149,0.386,0.463,0.279,0.523,0.41,Moderate Potential,0.579,0.513,0.21,SR,Structural Risk,Diversified Emerging Market,structural,0.209,0.4971,0.3506,0.0745,0.7881,0.6448,0.0019,0.5894,0.2584,0.5448,0.718,0.5892,0.7643,0.3929,0.0131,0.6612,0.6272,0.9137,0.6946,0.2103,0.6472,0.3143,clean,N/A,HIGH,external_debt_pct_gni,True
GRC,GRC,2016,4.266,3.534,0.732,0.732,0.279,0.141,0.375,0.455,0.294,0.474,0.425,Moderate Potential,0.644,0.486,0.223,SR,Structural Risk,Diversified Emerging Market,structural,0.1992,0.4401,0.3481,0.0821,0.7907,0.5961,0.002,0.5581,0.3637,0.5481,0.687,0.6081,0.7989,0.3749,0.0153,0.6796,0.582,0.9346,0.6167,0.223,0.433,0.3474,clean,N/A,HIGH,external_debt_pct_gni,True
GRC,GRC,2017,3.903,3.171,0.732,0.732,0.32,0.123,0.424,0.462,0.338,0.438,0.262,Low Takeoff Signal,0.586,0.47,0.052,SR,Structural Risk,Diversified Emerging Market,structural,0.2918,0.4685,0.4303,0.0536,0.7944,0.5662,0.0026,0.4758,0.3647,0.6223,0.6943,0.6341,0.7997,0.4458,0.0212,0.6767,0.5815,0.8839,0.6012,0.0519,0.8146,0.0344,clean,N/A,HIGH,external_debt_pct_gni,True
GRC,GRC,2018,4.594,3.862,0.732,0.732,0.373,0.119,0.442,0.46,0.382,0.49,0.374,Low Takeoff Signal,0.648,0.493,0.142,SL,Stable / Low Opportunity,Diversified Emerging Market,structural,0.3367,0.5131,0.4548,0.0669,0.7897,0.5356,0.002,0.4103,0.2092,0.7542,0.6972,0.6705,0.7681,0.5402,0.0298,0.6884,0.6486,0.8095,0.8383,0.1423,0.6185,0.1911,clean,N/A,HIGH,external_debt_pct_gni,True
GRC,GRC,2019,5.54,4.808,0.732,0.732,0.457,0.129,0.434,0.477,0.445,0.596,0.511,Moderate Potential,0.45,0.574,0.518,SR,Structural Risk,Advanced Economy,structural,0.4414,0.4588,0.4339,0.0592,0.8169,0.5392,0.0032,0.488,0.2814,0.7265,0.7318,0.6871,0.77,0.5921,0.0579,0.7069,0.6993,0.9751,0.9423,0.5184,0.5623,0.3984,clean,N/A,HIGH,external_debt_pct_gni,True
GRC,GRC,2020,5.251,4.519,0.732,0.732,0.36,0.165,0.303,0.436,0.269,0.615,0.577,Pre-Breakout Signal,0.45,0.48,0.956,SR,Structural Risk,Knowledge / Service Economy,structural,0.1997,0.3664,0.4989,0.1062,0.7877,0.5579,0.0048,0.1982,0.0752,0.7381,0.7635,0.6685,0.794,0.2497,0.1093,0.7142,0.7251,0.6274,0.7381,0.9559,0.2918,0.6676,clean,N/A,HIGH,external_debt_pct_gni,True
GRC,GRC,2021,6.712,5.98,0.732,0.732,0.583,0.101,0.602,0.476,0.491,0.675,0.648,Pre-Breakout Signal,0.45,0.669,0.955,RO,Robust Opportunity,High-Growth Emerging Market,structural,0.7412,0.7669,0.4549,0.1985,0.8,0.582,0.0064,0.2305,0.4242,0.717,0.7561,0.7182,0.7918,0.85,0.0769,0.7119,0.6986,0.7218,0.7338,0.9548,0.422,0.7858,clean,N/A,HIGH,external_debt_pct_gni,True
GRC,GRC,2022,6.779,6.047,0.732,0.732,0.6,0.111,0.54,0.442,0.533,0.725,0.642,Pre-Breakout Signal,0.45,0.661,0.938,RO,Robust Opportunity,Advanced Economy,structural,0.5968,0.3994,0.5323,0.238,0.8121,0.6274,0.0067,0.1903,0.2522,0.7171,0.7775,0.6966,0.7923,0.7604,0.0953,0.7275,0.7168,0.7971,0.8762,0.9378,0.8224,0.6254,clean,N/A,HIGH,external_debt_pct_gni,True
GRC,GRC,2023,5.88,5.148,0.732,0.732,0.593,0.102,0.45,0.484,0.546,0.542,0.402,Moderate Potential,0.2,0.523,0.666,RO,Robust Opportunity,Diversified Emerging Market,structural,0.4349,0.4711,0.4787,0.1538,0.8042,0.5844,0.0124,0.2521,0.3987,0.767,0.7475,0.703,0.7922,0.5829,0.1559,0.7089,0.7488,0.4742,0.4436,0.6661,0.9658,0.3744,clean,N/A,HIGH,external_debt_pct_gni,True
GRC,GRC,2024,5.259,4.527,0.732,0.732,0.57,0.056,0.462,0.421,0.584,0.381,0.264,Low Takeoff Signal,0.2,0.451,0.195,SL,Stable / Low Opportunity,Diversified Emerging Market,structural,0.3957,0.413,0.4732,0.2373,0.802,0.5782,0.0207,0.2326,0.0675,0.6996,0.7134,0.6942,0.7923,0.5295,0.2589,0.7122,0.7369,0.3418,0.3937,0.1945,0.9726,0.2264,clean,N/A,HIGH,external_debt_pct_gni,True
GTM,Guatemala,2010,4.701,4.067,0.634,0.634,0.3,0.131,0.261,0.433,0.471,,0.403,Moderate Potential,0.45,0.299,0.5,SR,Structural Risk,Diversified Emerging Market,structural,0.2704,0.3856,0.4073,0.0884,0.1663,0.5169,0.7457,0.4556,0.6545,0.2428,0.2134,0.2941,0.7299,0.2105,0.8439,0.5263,0.3444,,,,,,clean,N/A,HIGH,,False
GTM,Guatemala,2011,5.29,4.656,0.634,0.634,0.394,0.114,0.308,0.434,0.55,,0.425,Moderate Potential,0.45,0.35,0.5,SL,Stable / Low Opportunity,Diversified Emerging Market,structural,0.5248,0.4281,0.3683,0.1261,0.1673,0.5412,0.7465,0.434,0.6539,0.2865,0.1739,0.3167,0.7459,0.4751,0.8463,0.5766,0.342,,,,,,clean,N/A,HIGH,,False
GTM,Guatemala,2012,4.79,4.156,0.634,0.634,0.398,0.132,0.303,0.458,0.52,0.561,0.419,Moderate Potential,0.45,0.452,0.352,SR,Structural Risk,Diversified Emerging Market,structural,0.46,0.4374,0.4276,0.1199,0.1578,0.6478,0.7468,0.4458,0.7346,0.3042,0.1933,0.2511,0.7462,0.4325,0.8492,0.5095,0.3153,0.704,0.4349,0.3522,0.6264,0.6872,clean,N/A,HIGH,,True
GTM,Guatemala,2013,4.837,4.203,0.634,0.634,0.414,0.118,0.332,0.441,0.529,0.536,0.407,Moderate Potential,0.45,0.457,0.318,SL,Stable / Low Opportunity,Diversified Emerging Market,structural,0.5291,0.4822,0.4185,0.1382,0.1535,0.4928,0.7528,0.4261,0.72,0.3076,0.1841,0.267,0.7406,0.4937,0.8338,0.5087,0.3042,0.7121,0.5854,0.3177,0.6624,0.4019,clean,N/A,HIGH,,True
GTM,Guatemala,2014,5.158,4.524,0.634,0.634,0.446,0.13,0.342,0.451,0.546,0.625,0.448,Moderate Potential,0.379,0.508,0.471,SR,Structural Risk,Diversified Emerging Market,structural,0.621,0.489,0.4331,0.11,0.146,0.5728,0.7737,0.4362,0.7231,0.273,0.199,0.2318,0.703,0.5812,0.8296,0.5073,0.3191,0.8128,0.6057,0.4715,0.7363,0.5631,clean,N/A,HIGH,,True
GTM,Guatemala,2015,5.378,4.744,0.634,0.634,0.444,0.132,0.328,0.46,0.56,0.628,0.513,Moderate Potential,0.488,0.516,0.538,SR,Structural Risk,Diversified Emerging Market,structural,0.6122,0.4738,0.3878,0.1229,0.1607,0.5803,0.8016,0.6017,0.7448,0.2863,0.2002,0.2175,0.6974,0.5772,0.834,0.5179,0.3349,0.6637,0.6676,0.5382,0.8173,0.523,clean,N/A,HIGH,,True
GTM,Guatemala,2016,4.747,4.113,0.634,0.634,0.376,0.12,0.297,0.468,0.545,0.46,0.44,Moderate Potential,0.475,0.436,0.408,SL,Stable / Low Opportunity,Diversified Emerging Market,structural,0.4744,0.4667,0.342,0.1054,0.1473,0.5508,0.8235,0.7215,0.7565,0.3218,0.1942,0.223,0.7134,0.4236,0.8368,0.5549,0.3522,0.5746,0.208,0.4079,0.868,0.3605,clean,N/A,HIGH,,True
GTM,Guatemala,2017,4.664,4.03,0.634,0.634,0.347,0.116,0.299,0.463,0.533,0.429,0.46,Moderate Potential,0.499,0.394,0.502,SL,Stable / Low Opportunity,Diversified Emerging Market,structural,0.4501,0.4042,0.4252,0.0774,0.1447,0.5356,0.8206,0.6929,0.7525,0.2972,0.1959,0.2205,0.7474,0.3987,0.8463,0.4996,0.3087,0.4042,0.0705,0.5018,0.8292,0.4179,clean,N/A,HIGH,,True
GTM,Guatemala,2018,4.582,3.948,0.634,0.634,0.36,0.115,0.3,0.457,0.552,0.461,0.417,Moderate Potential,0.468,0.396,0.387,SL,Stable / Low Opportunity,Diversified Emerging Market,structural,0.5158,0.4198,0.4484,0.0795,0.1401,0.5355,0.8118,0.656,0.7522,0.2869,0.1878,0.198,0.7323,0.4585,0.8438,0.4931,0.3439,0.3087,0.2633,0.3869,0.7167,0.6281,clean,N/A,HIGH,,True
GTM,Guatemala,2019,4.596,3.962,0.634,0.634,0.411,0.114,0.321,0.464,0.578,0.479,0.344,Low Takeoff Signal,0.35,0.422,0.267,SL,Stable / Low Opportunity,Diversified Emerging Market,structural,0.6233,0.4368,0.4244,0.0932,0.1252,0.5378,0.8155,0.7053,0.7696,0.2822,0.1833,0.1827,0.7287,0.599,0.8463,0.5614,0.33,0.46,0.5685,0.2667,0.5797,0.5216,clean,N/A,HIGH,,True
GTM,Guatemala,2020,5.058,4.424,0.634,0.634,0.453,0.162,0.234,0.481,0.461,0.595,0.411,Moderate Potential,0.35,0.426,0.475,SR,Structural Risk,Diversified Emerging Market,structural,0.6092,0.4855,0.4923,0.1053,0.1149,0.5442,0.8152,0.8338,0.794,0.3433,0.1901,0.1464,0.7305,0.5952,0.8614,0.4887,0.3634,0.8338,0.6934,0.4754,0.6788,0.3747,clean,N/A,HIGH,,True
GTM,Guatemala,2021,5.654,5.02,0.634,0.634,0.516,0.118,0.426,0.472,0.599,0.699,0.481,Moderate Potential,0.35,0.593,0.547,SL,Stable / Low Opportunity,Diversified Emerging Market,structural,0.6979,0.4459,0.4704,0.1744,0.0928,0.5912,0.8127,0.6562,0.7819,0.3501,0.192,0.1261,0.7361,0.6482,0.8738,0.4162,0.3536,0.7592,0.8949,0.547,0.6969,0.8284,clean,N/A,HIGH,,True
GTM,Guatemala,2022,4.93,4.296,0.634,0.634,0.453,0.128,0.36,0.494,0.566,0.594,0.376,Low Takeoff Signal,0.2,0.477,0.594,SR,Structural Risk,Diversified Emerging Market,structural,0.5074,0.4374,0.5021,0.1629,0.0809,0.6037,0.8286,0.6141,0.7961,0.4676,0.1829,0.128,0.7368,0.4971,0.807,0.4599,0.3647,0.4795,0.4921,0.594,0.755,0.6526,clean,N/A,HIGH,,True
GTM,Guatemala,2023,4.99,4.356,0.634,0.634,0.465,0.135,0.324,0.525,0.563,0.53,0.374,Low Takeoff Signal,0.2,0.443,0.637,SR,Structural Risk,Diversified Emerging Market,structural,0.5639,0.3186,0.4646,0.1635,0.0923,0.5812,0.8377,0.6977,0.8116,0.5116,0.1926,0.1565,0.7367,0.5407,0.8436,0.4991,0.3502,0.2358,0.4342,0.6371,0.5931,0.811,clean,N/A,HIGH,,True
GTM,Guatemala,2024,5.113,4.479,0.634,0.634,0.486,0.128,0.342,0.533,0.577,0.492,0.376,Low Takeoff Signal,0.2,0.431,0.668,SR,Structural Risk,High-Growth Emerging Market,structural,0.5515,0.4461,0.4507,0.1756,0.0968,0.5876,0.8419,0.6946,0.8069,0.5401,0.2096,0.2015,0.7368,0.5253,0.8392,0.5016,0.3885,0.194,0.3709,0.668,0.5512,0.6747,clean,N/A,HIGH,,True
GUY,GUY,2010,5.841,5.436,0.405,0.405,0.494,0.097,0.526,0.433,0.398,,0.491,Moderate Potential,0.45,0.528,0.5,SL,Stable / Low Opportunity,High-Growth Emerging Market,structural,0.4003,0.5874,0.4923,0.4582,0.7457,0.6225,0.376,0.3409,0.6062,0.4281,0.3978,0.3518,0.2945,0.6242,0.3318,0.6341,0.2669,,,,,,clean,N/A,MEDIUM,export_growth; gross_capital_formation,False
GUY,GUY,2011,5.847,5.442,0.405,0.405,0.488,0.081,0.56,0.385,0.397,,0.501,Moderate Potential,0.45,0.559,0.5,SL,Stable / Low Opportunity,High-Growth Emerging Market,structural,0.6025,0.4392,0.504,0.4955,0.8207,0.6666,0.4014,0.3085,0.3216,0.4092,0.3225,0.3105,0.3073,0.7325,0.3327,0.6329,0.2472,,,,,,clean,N/A,MEDIUM,export_growth; gross_capital_formation,False
GUY,GUY,2012,4.617,4.212,0.405,0.405,0.514,0.1,0.551,0.414,0.39,0.568,0.261,Low Takeoff Signal,0.45,0.585,0.054,SL,Stable / Low Opportunity,High-Growth Emerging Market,structural,0.5749,0.449,0.5026,0.4277,0.8235,0.6464,0.5129,0.3687,0.4693,0.4034,0.3276,0.2834,0.2567,0.6426,0.3411,0.6331,0.2554,0.8336,0.7298,0.0536,0.9383,0.5588,clean,N/A,MEDIUM,export_growth; gross_capital_formation,True
GUY,GUY,2013,4.881,4.476,0.405,0.405,0.505,0.104,0.539,0.423,0.397,0.57,0.347,Low Takeoff Signal,0.45,0.586,0.139,SL,Stable / Low Opportunity,Diversified Emerging Market,structural,0.5257,0.4627,0.4959,0.5003,0.7984,0.7215,0.5805,0.2859,0.4096,0.401,0.3351,0.3227,0.2918,0.6218,0.34,0.6342,0.2771,0.6999,0.51,0.1392,0.9248,0.8886,clean,N/A,MEDIUM,export_growth; gross_capital_formation,True
GUY,GUY,2014,4.578,4.173,0.405,0.405,0.462,0.105,0.518,0.45,0.392,0.507,0.328,Low Takeoff Signal,0.337,0.533,0.18,SL,Stable / Low Opportunity,Diversified Emerging Market,structural,0.3082,0.4763,0.5127,0.4926,0.7889,0.678,0.6312,0.3095,0.4188,0.4913,0.3205,0.3274,0.3566,0.4132,0.3158,0.6337,0.2773,0.2949,0.5613,0.1799,0.9188,0.8206,clean,N/A,MEDIUM,export_growth; gross_capital_formation,True
GUY,GUY,2015,4.753,4.348,0.405,0.405,0.437,0.118,0.486,0.516,0.39,0.401,0.413,Moderate Potential,0.323,0.496,0.443,SL,Stable / Low Opportunity,High-Growth Emerging Market,structural,0.2785,0.4944,0.4263,0.4701,0.7803,0.6945,0.6356,0.4883,0.6973,0.5305,0.3408,0.3593,0.3739,0.3586,0.2911,0.6347,0.2823,0.0212,0.0419,0.443,0.9036,0.9147,clean,N/A,MEDIUM,export_growth; gross_capital_formation,True
GUY,GUY,2016,5.132,4.727,0.405,0.405,0.462,0.129,0.503,0.532,0.376,0.482,0.481,Moderate Potential,0.352,0.549,0.592,SR,Structural Risk,Diversified Emerging Market,structural,0.6071,0.4415,0.3427,0.4572,0.7767,0.5829,0.6491,0.7421,0.7195,0.6172,0.3597,0.3928,0.0758,0.6979,0.2663,0.6377,0.3387,0.4483,0.0195,0.5916,0.8691,0.599,clean,N/A,MEDIUM,export_growth; gross_capital_formation,True
GUY,GUY,2017,5.745,5.34,0.405,0.405,0.483,0.133,0.511,0.511,0.398,0.6,0.619,Pre-Breakout Signal,0.459,0.584,0.942,SR,Structural Risk,Diversified Emerging Market,structural,0.5198,0.4464,0.4742,0.3094,0.7775,0.5627,0.6627,0.3413,0.7466,0.6168,0.3922,0.3657,0.1947,0.5936,0.2358,0.6418,0.3418,0.576,0.345,0.9415,0.7752,0.581,clean,N/A,MEDIUM,export_growth; gross_capital_formation,True
GUY,GUY,2018,6.297,5.892,0.405,0.405,0.583,0.104,0.624,0.448,0.416,0.65,0.623,Pre-Breakout Signal,0.419,0.636,0.967,RO,Robust Opportunity,Diversified Emerging Market,structural,0.6535,0.4752,0.6886,0.4606,0.7761,0.5356,0.6204,0.0022,0.748,0.5868,0.3955,0.4138,0.5127,0.416,0.2103,0.6472,0.3136,0.9403,0.9122,0.9667,0.4718,0.5277,clean,N/A,MEDIUM,export_growth; gross_capital_formation,True
GUY,GUY,2019,6.669,6.264,0.405,0.405,0.698,0.076,0.734,0.462,0.427,0.591,0.554,Pre-Breakout Signal,0.35,0.595,0.87,RO,Robust Opportunity,High-Growth Emerging Market,structural,0.7447,0.461,0.8682,0.8271,0.7767,0.5386,0.668,0.0,0.7876,0.5776,0.3828,0.4587,0.5006,0.682,0.1771,0.6482,0.283,0.9757,0.9423,0.8697,0.6191,0.0858,clean,N/A,MEDIUM,export_growth; gross_capital_formation,True
GUY,GUY,2020,6.09,6.285,-0.195,0.405,0.78,0.125,0.682,0.486,0.348,0.667,0.437,Moderate Potential,0.2,0.616,0.728,FO,Fragile Opportunity,High-Growth Emerging Market,recovery_bounce,1.0,0.4351,0.7894,0.8842,0.5578,0.5516,0.6757,0.0204,0.8166,0.6077,0.4025,0.4982,0.0857,1.0,0.1517,0.6359,0.278,0.9129,0.8943,0.7275,0.7345,0.3741,clean,N/A,MEDIUM,export_growth; gross_capital_formation,True
GUY,GUY,2021,3.568,3.757,-0.189,0.405,0.319,0.167,0.74,0.493,0.177,0.66,0.426,Moderate Potential,0.2,0.656,0.624,SR,Structural Risk,High-Growth Emerging Market,recovery_bounce,0.9937,0.5157,0.7548,0.8307,0.5538,0.5726,0.7421,0.0081,0.7938,0.6074,0.4116,0.5129,0.0132,0.9906,0.1669,0.6193,0.2791,0.7652,0.9647,0.6239,0.8833,0.4255,clean,N/A,MEDIUM,export_growth; gross_capital_formation,True
GUY,GUY,2022,4.354,3.949,0.405,0.405,0.33,0.214,0.539,0.668,0.183,0.573,0.463,Moderate Potential,0.2,0.67,0.801,SR,Structural Risk,High-Growth Emerging Market,structural,1.0,0.2494,0.2307,0.6221,0.5467,0.6321,0.8532,0.988,0.8195,0.7065,0.4308,0.4614,0.0134,1.0,0.2208,0.6445,0.2599,0.9664,0.0752,0.8015,0.8874,0.5377,clean,N/A,MEDIUM,export_growth; gross_capital_formation,True
GUY,GUY,2023,4.6,4.195,0.405,0.405,0.364,0.212,0.58,0.652,0.174,0.611,0.48,Moderate Potential,0.2,0.729,0.821,SR,Structural Risk,High-Growth Emerging Market,structural,1.0,0.4908,0.1924,0.7295,0.5221,0.5956,0.841,0.8976,0.8313,0.6969,0.4281,0.4286,0.0133,1.0,0.1962,0.6637,0.2507,0.9806,0.0528,0.8212,0.9658,0.8149,clean,N/A,MEDIUM,export_growth; gross_capital_formation,True
GUY,GUY,2024,4.767,4.362,0.405,0.405,0.415,0.198,0.736,0.668,0.18,0.53,0.451,Moderate Potential,0.25,0.496,0.8,SR,Structural Risk,High-Growth Emerging Market,structural,1.0,0.5041,0.9447,0.8353,0.6225,0.5784,0.8545,0.9956,0.8171,0.7303,0.4473,0.4211,0.0133,1.0,0.1959,0.6761,0.3289,0.1788,0.3804,0.7999,0.9726,0.5933,clean,N/A,MEDIUM,export_growth; gross_capital_formation,True
HND,Honduras,2010,5.527,5.065,0.462,0.462,0.452,0.1,0.396,0.421,0.491,,0.451,Moderate Potential,0.45,0.414,0.5,SL,Stable / Low Opportunity,Diversified Emerging Market,structural,0.3554,0.5508,0.4382,0.3531,0.3322,0.4149,0.768,0.3739,0.8096,0.3103,0.1858,0.1717,0.7385,0.2727,0.7992,0.5191,0.3471,,,,,,clean,N/A,HIGH,,False
HND,Honduras,2011,6.202,5.74,0.462,0.462,0.567,0.084,0.45,0.435,0.54,,0.466,Moderate Potential,0.45,0.455,0.5,SL,Stable / Low Opportunity,Diversified Emerging Market,structural,0.4996,0.478,0.4809,0.5427,0.3196,0.5677,0.7361,0.3359,0.7902,0.3806,0.1764,0.1785,0.775,0.4442,0.7841,0.5213,0.391,,,,,,clean,N/A,HIGH,,False
HND,Honduras,2012,4.846,4.384,0.462,0.462,0.56,0.079,0.447,0.418,0.536,0.481,0.239,Low Takeoff Signal,0.45,0.48,0.051,SL,Stable / Low Opportunity,High-Growth Emerging Market,structural,0.5178,0.5083,0.4837,0.4666,0.2823,0.5113,0.7211,0.3458,0.7623,0.3883,0.1352,0.1576,0.7615,0.4868,0.8057,0.4582,0.35,0.7628,0.851,0.0505,0.1824,0.6711,clean,N/A,HIGH,,True
HND,Honduras,2013,3.791,3.329,0.462,0.462,0.382,0.08,0.371,0.376,0.509,0.422,0.213,Low Takeoff Signal,0.45,0.4,0.043,SL,Stable / Low Opportunity,Diversified Emerging Market,structural,0.4534,0.4075,0.5347,0.3438,0.237,0.4554,0.6245,0.2936,0.6366,0.3892,0.1353,0.1536,0.7533,0.4124,0.7427,0.4971,0.329,0.6376,0.8655,0.0427,0.0626,0.6178,clean,N/A,HIGH,,True
HND,Honduras,2014,3.678,3.216,0.462,0.462,0.369,0.073,0.386,0.374,0.498,0.38,0.2,Low Takeoff Signal,0.323,0.36,0.058,SL,Stable / Low Opportunity,Diversified Emerging Market,structural,0.4599,0.4544,0.5809,0.3619,0.121,0.3934,0.6665,0.2986,0.6473,0.2882,0.1441,0.2032,0.73,0.4086,0.6846,0.5562,0.2751,0.5741,0.9483,0.0578,0.0767,0.2076,clean,N/A,HIGH,,True
HND,Honduras,2015,4.951,4.489,0.462,0.462,0.464,0.086,0.419,0.417,0.518,0.468,0.413,Moderate Potential,0.475,0.44,0.326,SL,Stable / Low Opportunity,Diversified Emerging Market,structural,0.5872,0.4745,0.5211,0.5142,0.1267,0.5978,0.6725,0.4228,0.6857,0.2984,0.147,0.2476,0.7065,0.544,0.7069,0.5046,0.2845,0.64,0.7703,0.3255,0.2362,0.3905,clean,N/A,HIGH,,True
HND,Honduras,2016,5.043,4.581,0.462,0.462,0.45,0.106,0.395,0.41,0.516,0.58,0.458,Moderate Potential,0.452,0.468,0.454,SL,Stable / Low Opportunity,Diversified Emerging Market,structural,0.6168,0.4525,0.5687,0.4355,0.1228,0.5615,0.6946,0.5157,0.7134,0.2965,0.1408,0.208,0.7135,0.5633,0.6593,0.5771,0.2587,0.5757,0.6028,0.4543,0.5311,0.7351,clean,N/A,HIGH,,True
HND,Honduras,2017,5.725,5.263,0.462,0.462,0.491,0.095,0.431,0.4,0.549,0.595,0.587,Pre-Breakout Signal,0.517,0.539,0.75,SL,Stable / Low Opportunity,Diversified Emerging Market,structural,0.6348,0.4353,0.4683,0.5248,0.1229,0.5418,0.6774,0.555,0.6918,0.2216,0.159,0.2021,0.7381,0.5783,0.7048,0.5154,0.3093,0.9227,0.1447,0.7496,0.7002,0.6317,clean,N/A,HIGH,,True
HND,Honduras,2018,5.459,4.997,0.462,0.462,0.458,0.08,0.428,0.374,0.533,0.53,0.563,Pre-Breakout Signal,0.51,0.481,0.76,SL,Stable / Low Opportunity,Diversified Emerging Market,structural,0.5757,0.4365,0.4966,0.5933,0.1184,0.5354,0.6679,0.2579,0.6812,0.2201,0.1584,0.1987,0.7365,0.496,0.6978,0.5179,0.3077,0.6946,0.1221,0.7596,0.4489,0.6328,clean,N/A,HIGH,,True
HND,Honduras,2019,5.101,4.639,0.462,0.462,0.383,0.082,0.386,0.389,0.505,0.424,0.575,Pre-Breakout Signal,0.545,0.43,0.857,SL,Stable / Low Opportunity,Diversified Emerging Market,structural,0.4712,0.4403,0.4492,0.4081,0.2328,0.5374,0.6687,0.4663,0.6832,0.2326,0.165,0.1689,0.7379,0.4068,0.6833,0.5422,0.2922,0.3628,0.3626,0.8566,0.3975,0.2492,clean,N/A,HIGH,,True
HND,Honduras,2020,3.66,3.198,0.462,0.462,0.24,0.134,0.215,0.404,0.264,0.38,0.39,Low Takeoff Signal,0.35,0.289,0.626,SR,Structural Risk,Commodity Exporter,structural,0.209,0.3704,0.488,0.3141,0.1663,0.5457,0.6533,0.7464,0.6529,0.2998,0.1527,0.1771,0.7367,0.1828,0.5478,0.5376,0.2901,0.0514,0.1785,0.626,0.4194,0.3651,clean,N/A,HIGH,,True
HND,Honduras,2021,5.132,4.67,0.462,0.462,0.537,0.045,0.548,0.362,0.571,0.497,0.352,Low Takeoff Signal,0.2,0.541,0.413,SL,Stable / Low Opportunity,Diversified Emerging Market,structural,0.9187,0.7448,0.4527,0.5261,0.1337,0.5752,0.6622,0.2879,0.6496,0.2559,0.1496,0.1465,0.7585,0.8776,0.6152,0.5372,0.2667,0.7198,0.1192,0.4126,0.4859,0.8002,clean,N/A,HIGH,,True
HND,Honduras,2022,4.761,4.299,0.462,0.462,0.451,0.078,0.455,0.392,0.518,0.509,0.379,Low Takeoff Signal,0.2,0.478,0.609,SL,Stable / Low Opportunity,Diversified Emerging Market,structural,0.5046,0.4109,0.5146,0.6044,0.1279,0.5955,0.6705,0.3065,0.6675,0.3823,0.1687,0.1697,0.7591,0.4746,0.5883,0.539,0.27,0.5378,0.0752,0.6087,0.6559,0.6655,clean,N/A,HIGH,,True
HND,Honduras,2023,4.588,4.126,0.462,0.462,0.43,0.108,0.37,0.423,0.514,0.549,0.362,Low Takeoff Signal,0.2,0.453,0.556,SL,Stable / Low Opportunity,Diversified Emerging Market,structural,0.5678,0.1975,0.5261,0.4286,0.1383,0.5746,0.7043,0.3688,0.6889,0.4394,0.1553,0.1536,0.759,0.5284,0.6794,0.5377,0.2451,0.4394,0.4341,0.5563,0.5933,0.7212,clean,N/A,HIGH,,True
HND,Honduras,2024,4.678,4.216,0.462,0.462,0.439,0.105,0.378,0.403,0.529,0.586,0.373,Low Takeoff Signal,0.2,0.505,0.542,SL,Stable / Low Opportunity,Diversified Emerging Market,structural,0.5417,0.2721,0.4936,0.4556,0.1101,0.5712,0.7222,0.3289,0.6686,0.3683,0.1533,0.1303,0.7591,0.5008,0.7488,0.5403,0.2587,0.2919,0.9145,0.5424,0.8058,0.5934,clean,N/A,HIGH,,True
HRV,HRV,2010,5.267,4.646,0.621,0.621,0.375,0.161,0.385,0.554,0.338,,0.451,Moderate Potential,0.45,0.413,0.5,SR,Structural Risk,Diversified Emerging Market,structural,0.0487,0.4138,0.4048,0.28,0.8089,0.8332,0.3221,0.4477,0.146,0.8447,0.6802,0.6155,0.7798,0.0904,0.1131,0.8428,0.6536,,,,,,clean,N/A,HIGH,external_debt_pct_gni,False
HRV,HRV,2011,5.402,4.781,0.621,0.621,0.396,0.15,0.39,0.538,0.376,,0.456,Moderate Potential,0.45,0.427,0.5,SR,Structural Risk,Diversified Emerging Market,structural,0.2293,0.4214,0.3714,0.226,0.8023,0.7123,0.2603,0.4695,0.1627,0.8541,0.6913,0.6054,0.7848,0.3345,0.0701,0.8413,0.6424,,,,,,clean,N/A,HIGH,external_debt_pct_gni,False
HRV,HRV,2012,4.544,3.923,0.621,0.621,0.297,0.142,0.38,0.509,0.315,0.39,0.505,Reform Story,0.45,0.408,0.743,SR,Structural Risk,Advanced Economy,structural,0.2301,0.4094,0.4225,0.1928,0.7904,0.5827,0.2262,0.4872,0.1485,0.8449,0.696,0.6108,0.7705,0.3074,0.039,0.8479,0.6141,0.6758,0.4342,0.7431,0.0391,0.057,clean,N/A,HIGH,external_debt_pct_gni,True
HRV,HRV,2013,4.639,4.018,0.621,0.621,0.297,0.151,0.412,0.527,0.285,0.419,0.532,Moderate Potential,0.45,0.455,0.776,SR,Structural Risk,Advanced Economy,structural,0.2368,0.4437,0.3694,0.222,0.79,0.7452,0.1726,0.5113,0.1344,0.8581,0.7055,0.6215,0.7734,0.3875,0.0154,0.856,0.6265,0.7094,0.4159,0.7761,0.0286,0.1895,clean,N/A,HIGH,external_debt_pct_gni,True
HRV,HRV,2014,4.974,4.353,0.621,0.621,0.359,0.153,0.436,0.536,0.316,0.504,0.532,Moderate Potential,0.391,0.485,0.848,SR,Structural Risk,Diversified Emerging Market,structural,0.1338,0.4924,0.5028,0.1899,0.7879,0.7441,0.149,0.5805,0.1552,0.823,0.7311,0.6339,0.7781,0.3091,0.0252,0.8583,0.5889,0.7274,0.8108,0.8482,0.0367,0.2541,clean,N/A,HIGH,external_debt_pct_gni,True
HRV,HRV,2015,5.585,4.964,0.621,0.621,0.474,0.146,0.473,0.541,0.388,0.566,0.528,Moderate Potential,0.356,0.569,0.768,SR,Structural Risk,Diversified Emerging Market,structural,0.4313,0.5455,0.3593,0.259,0.784,0.6609,0.1878,0.7696,0.1693,0.8293,0.7158,0.6516,0.7411,0.7066,0.0348,0.8566,0.5868,0.8355,0.6684,0.7676,0.0505,0.6127,clean,N/A,HIGH,external_debt_pct_gni,True
HRV,HRV,2016,6.396,5.775,0.621,0.621,0.642,0.123,0.498,0.527,0.528,0.654,0.502,Moderate Potential,0.44,0.611,0.467,FO,Fragile Opportunity,Advanced Economy,structural,0.5678,0.5124,0.4362,0.2795,0.7883,0.5914,0.2465,0.7676,0.2224,0.8464,0.7023,0.6164,0.782,0.8229,0.1304,0.8635,0.5955,0.9346,0.6032,0.4667,0.7066,0.746,clean,N/A,HIGH,external_debt_pct_gni,True
HRV,HRV,2017,6.388,5.767,0.621,0.621,0.664,0.104,0.504,0.544,0.581,0.576,0.467,Moderate Potential,0.458,0.583,0.369,RO,Robust Opportunity,Advanced Economy,structural,0.4717,0.4548,0.4545,0.3068,0.7942,0.5643,0.2886,0.7921,0.3573,0.8439,0.7189,0.5919,0.7801,0.7662,0.1778,0.8672,0.6429,0.9484,0.5528,0.3687,0.8658,0.4561,clean,N/A,HIGH,external_debt_pct_gni,True
HRV,HRV,2018,6.361,5.74,0.621,0.621,0.705,0.082,0.501,0.524,0.626,0.521,0.398,Low Takeoff Signal,0.533,0.558,0.191,RO,Robust Opportunity,Diversified Emerging Market,structural,0.4475,0.4581,0.4627,0.3716,0.8007,0.5356,0.3265,0.6677,0.254,0.8744,0.6877,0.583,0.7466,0.7862,0.2558,0.8705,0.6932,0.9403,0.5767,0.1914,0.933,0.3364,clean,N/A,HIGH,external_debt_pct_gni,True
HRV,HRV,2019,6.778,6.157,0.621,0.621,0.803,0.07,0.523,0.542,0.695,0.533,0.367,Low Takeoff Signal,0.2,0.573,0.443,RO,Robust Opportunity,Advanced Economy,structural,0.5286,0.4684,0.4776,0.3561,0.8033,0.5391,0.3649,0.7092,0.3215,0.8695,0.7049,0.5742,0.7495,0.761,0.472,0.8738,0.686,0.4774,0.9423,0.4431,0.9479,0.244,clean,N/A,HIGH,external_debt_pct_gni,True
HRV,HRV,2020,5.464,4.843,0.621,0.621,0.57,0.148,0.38,0.527,0.392,0.511,0.352,Low Takeoff Signal,0.2,0.451,0.51,SR,Structural Risk,Knowledge / Service Economy,structural,0.237,0.3529,0.5113,0.5183,0.8082,0.5539,0.3498,0.5126,0.4534,0.8476,0.7203,0.6087,0.7759,0.3294,0.4247,0.8767,0.6274,0.1539,0.705,0.5104,0.8366,0.4342,clean,N/A,HIGH,external_debt_pct_gni,True
HRV,HRV,2021,7.325,6.704,0.621,0.621,0.843,0.06,0.688,0.542,0.691,0.718,0.459,Moderate Potential,0.2,0.709,0.729,RO,Robust Opportunity,Advanced Economy,structural,0.9204,0.884,0.5129,0.3923,0.8112,0.5761,0.4052,0.5789,0.3121,0.8482,0.7456,0.6006,0.7748,0.9497,0.3663,0.8749,0.673,0.7543,0.8854,0.7285,0.8423,0.6128,clean,N/A,HIGH,external_debt_pct_gni,True
HRV,HRV,2022,7.697,7.076,0.621,0.621,0.892,0.034,0.689,0.537,0.717,0.629,0.488,Moderate Potential,0.2,0.682,0.938,RO,Robust Opportunity,Advanced Economy,structural,0.7053,0.8851,0.5573,0.5994,0.8019,0.5532,0.4594,0.4275,0.2247,0.8706,0.7599,0.6096,0.7754,0.8116,0.436,0.8802,0.6689,0.9663,0.6909,0.9378,0.821,0.2052,clean,N/A,HIGH,external_debt_pct_gni,True
HRV,HRV,2023,7.339,6.718,0.621,0.621,0.849,0.08,0.547,0.584,0.673,0.529,0.453,Moderate Potential,0.2,0.552,0.936,RO,Robust Opportunity,Advanced Economy,structural,0.5847,0.3491,0.5548,0.5735,0.8025,0.5735,0.5327,0.576,0.2611,0.8548,0.7573,0.6163,0.7753,0.6855,0.3706,0.8832,0.7234,0.549,0.4196,0.9356,0.862,0.1771,clean,N/A,HIGH,external_debt_pct_gni,True
HRV,HRV,2024,7.218,6.597,0.621,0.621,0.856,0.077,0.558,0.599,0.682,0.494,0.409,Moderate Potential,0.2,0.542,0.681,RO,Robust Opportunity,Advanced Economy,structural,0.5688,0.4288,0.5243,0.568,0.8002,0.5664,0.5713,0.5001,0.4234,0.847,0.7413,0.6351,0.7754,0.6776,0.4617,0.8867,0.6605,0.2737,0.393,0.6808,0.9726,0.3741,clean,N/A,HIGH,external_debt_pct_gni,True
HTI,HTI,2010,2.995,2.641,0.354,0.354,0.137,0.175,0.22,0.44,0.078,,0.39,Low Takeoff Signal,0.45,0.273,0.5,SR,Structural Risk,Diversified Emerging Market,structural,0.0067,0.103,0.3748,0.5227,0.1012,0.6394,0.7361,0.4811,0.9372,0.1121,0.1093,0.1137,0.7864,0.0059,0.0635,0.0874,0.1124,,,,,,clean,N/A,HIGH,secondary_school_enrolment,True
HTI,HTI,2011,4.359,4.005,0.354,0.354,0.232,0.136,0.47,0.411,0.201,,0.487,Moderate Potential,0.45,0.514,0.5,SR,Structural Risk,Diversified Emerging Market,structural,0.5953,0.9889,0.3431,0.3034,0.1412,0.4833,0.7613,0.4521,0.942,0.1347,0.0951,0.1071,0.8021,0.6149,0.0826,0.0865,0.103,,,,,,clean,N/A,HIGH,secondary_school_enrolment,False
HTI,HTI,2012,3.158,2.804,0.354,0.354,0.159,0.161,0.26,0.431,0.176,0.5,0.401,Moderate Potential,0.45,0.425,0.328,SR,Structural Risk,Diversified Emerging Market,structural,0.3413,0.4121,0.3969,0.1774,0.1031,0.5595,0.7517,0.4548,0.9279,0.1727,0.1005,0.1055,0.7909,0.3391,0.1058,0.0845,0.1016,0.9051,0.3891,0.3284,0.6581,0.3758,clean,N/A,HIGH,secondary_school_enrolment,True
HTI,HTI,2013,3.741,3.387,0.354,0.354,0.199,0.159,0.347,0.438,0.208,0.55,0.504,Moderate Potential,0.45,0.509,0.569,SR,Structural Risk,Diversified Emerging Market,structural,0.5814,0.4724,0.3506,0.1942,0.1834,0.4982,0.7521,0.4384,0.9122,0.2418,0.1122,0.1179,0.7881,0.59,0.1184,0.0821,0.1084,0.93,0.521,0.5685,0.7146,0.196,clean,N/A,HIGH,secondary_school_enrolment,True
HTI,HTI,2014,3.594,3.24,0.354,0.354,0.183,0.161,0.318,0.427,0.191,0.553,0.487,Moderate Potential,0.404,0.483,0.61,SR,Structural Risk,Diversified Emerging Market,structural,0.4401,0.4775,0.3917,0.1453,0.1699,0.508,0.8016,0.29,0.8998,0.2086,0.1285,0.1006,0.7834,0.4465,0.1058,0.0811,0.0873,0.8947,0.4471,0.6099,0.7825,0.2074,clean,N/A,HIGH,secondary_school_enrolment,True
HTI,HTI,2015,3.698,3.344,0.354,0.354,0.18,0.164,0.272,0.4,0.178,0.574,0.52,Moderate Potential,0.326,0.493,0.952,SR,Structural Risk,Diversified Emerging Market,structural,0.3414,0.4479,0.3523,0.1059,0.1799,0.4443,0.8087,0.4023,0.8864,0.2037,0.1321,0.0968,0.7458,0.3462,0.0971,0.0794,0.0805,0.5706,0.6103,0.9521,0.8325,0.1898,clean,N/A,HIGH,secondary_school_enrolment,True
HTI,HTI,2016,3.589,3.235,0.354,0.354,0.181,0.16,0.26,0.416,0.179,0.525,0.488,Moderate Potential,0.289,0.476,0.928,SR,Structural Risk,Diversified Emerging Market,structural,0.3742,0.3909,0.3146,0.1005,0.1777,0.4753,0.8274,0.5935,0.8647,0.2265,0.1347,0.0912,0.7702,0.3764,0.0834,0.0774,0.0814,0.5746,0.5134,0.9281,0.8691,0.0385,clean,N/A,HIGH,secondary_school_enrolment,True
HTI,HTI,2017,3.587,3.233,0.354,0.354,0.193,0.158,0.314,0.43,0.183,0.514,0.47,Reform Story,0.318,0.443,0.797,SR,Structural Risk,Commodity Exporter,structural,0.3909,0.3955,0.4424,0.1512,0.1835,0.5018,0.8378,0.5004,0.8652,0.2465,0.133,0.0989,0.7801,0.3887,0.07,0.0756,0.084,0.3214,0.7211,0.7969,0.8309,0.0257,clean,N/A,HIGH,secondary_school_enrolment,True
HTI,HTI,2018,3.573,3.219,0.354,0.354,0.18,0.167,0.288,0.441,0.178,0.538,0.486,Reform Story,0.37,0.432,0.768,SR,Structural Risk,Commodity Exporter,structural,0.2896,0.4222,0.4422,0.1246,0.1892,0.535,0.8278,0.4478,0.8785,0.2547,0.1404,0.099,0.7575,0.2789,0.061,0.0749,0.0973,0.5045,0.6555,0.7677,0.7424,0.0387,clean,N/A,HIGH,secondary_school_enrolment,True
HTI,HTI,2019,3.25,2.896,0.354,0.354,0.147,0.157,0.251,0.435,0.144,0.436,0.445,Reform Story,0.35,0.37,0.731,SR,Structural Risk,Commodity Exporter,structural,0.1263,0.4256,0.4136,0.2062,0.1198,0.5281,0.8147,0.5418,0.8704,0.192,0.1407,0.0912,0.7562,0.1145,0.054,0.0731,0.0934,0.171,0.6002,0.7312,0.6277,0.0498,clean,N/A,HIGH,secondary_school_enrolment,True
HTI,HTI,2020,3.498,3.144,0.354,0.354,0.208,0.163,0.215,0.444,0.124,0.42,0.422,Moderate Potential,0.45,0.34,0.504,SR,Structural Risk,Commodity Exporter,structural,0.517,0.3432,0.4752,0.2291,0.1722,0.5052,0.8623,0.6227,0.8665,0.1714,0.1306,0.0845,0.7694,0.5143,0.0525,0.0653,0.0912,0.2009,0.5859,0.504,0.8426,0.0608,clean,N/A,HIGH,secondary_school_enrolment,True
HTI,HTI,2021,2.532,2.178,0.354,0.354,0.158,0.15,0.282,0.432,0.135,0.38,0.229,Low Takeoff Signal,0.2,0.327,0.176,SR,Structural Risk,Commodity Exporter,structural,0.0681,0.2469,0.4191,0.2192,0.1787,0.5189,0.8229,0.5726,0.8726,0.1355,0.1006,0.0821,0.785,0.0758,0.0561,0.0644,0.0755,0.0121,0.1099,0.1759,0.8378,0.4215,clean,N/A,HIGH,secondary_school_enrolment,True
HTI,HTI,2022,2.142,1.788,0.354,0.354,0.146,0.148,0.26,0.422,0.137,0.38,0.139,Low Takeoff Signal,0.2,0.272,0.041,SR,Structural Risk,Diversified Emerging Market,structural,0.1735,0.298,0.4838,0.1436,0.1266,0.205,0.8255,0.4666,0.8648,0.1971,0.0799,0.0801,0.7856,0.1724,0.0478,0.0636,0.0781,0.0339,0.2274,0.0412,0.7083,0.1807,clean,N/A,HIGH,secondary_school_enrolment,True
HTI,HTI,2023,2.024,1.67,0.354,0.354,0.122,0.148,0.221,0.414,0.127,0.38,0.142,Low Takeoff Signal,0.2,0.268,0.045,SR,Structural Risk,Diversified Emerging Market,structural,0.1484,0.1448,0.4086,0.0954,0.1606,0.3968,0.8301,0.3878,0.8639,0.1894,0.0716,0.081,0.7855,0.1644,0.0401,0.0622,0.0616,0.2186,0.3369,0.0455,0.4833,0.0439,clean,N/A,HIGH,secondary_school_enrolment,True
HTI,HTI,2024,1.939,1.585,0.354,0.354,0.118,0.16,0.171,0.447,0.111,0.38,0.123,Low Takeoff Signal,0.2,0.234,0.033,SR,Structural Risk,Diversified Emerging Market,structural,0.0501,0.0191,0.416,0.0417,0.2553,0.3874,0.8989,0.536,0.9072,0.144,0.0782,0.0818,0.7856,0.0538,0.0376,0.0612,0.0677,0.1604,0.3615,0.0334,0.3347,0.0513,clean,N/A,HIGH,secondary_school_enrolment,True
HUN,HUN,2010,6.202,5.444,0.758,0.758,0.499,0.139,0.363,0.551,0.507,,0.486,Moderate Potential,0.45,0.511,0.5,SR,Structural Risk,Diversified Emerging Market,structural,0.1366,0.4709,0.078,0.3186,0.8383,0.5987,0.115,0.4965,0.355,0.8629,0.8077,0.6712,0.7907,0.2485,0.2255,0.8821,0.8582,,,,,,clean,N/A,HIGH,external_debt_pct_gni,False
HUN,HUN,2011,7.195,6.437,0.758,0.758,0.692,0.105,0.478,0.552,0.571,,0.472,Moderate Potential,0.45,0.471,0.5,RO,Robust Opportunity,Advanced Economy,structural,0.3566,0.4597,0.5261,0.305,0.8385,0.6347,0.1213,0.5149,0.244,0.8616,0.8225,0.6838,0.7988,0.4828,0.2433,0.8812,0.8507,,,,,,clean,N/A,HIGH,external_debt_pct_gni,False
HUN,HUN,2012,6.111,5.353,0.758,0.758,0.592,0.13,0.434,0.543,0.497,0.551,0.461,Moderate Potential,0.45,0.506,0.424,FO,Fragile Opportunity,Advanced Economy,structural,0.2636,0.4078,0.5301,0.2723,0.81,0.5413,0.151,0.5493,0.2115,0.8558,0.7984,0.7245,0.7878,0.3488,0.2077,0.8823,0.8177,0.4669,0.9669,0.4244,0.7469,0.3688,clean,N/A,HIGH,external_debt_pct_gni,True
HUN,HUN,2013,6.813,6.055,0.758,0.758,0.728,0.131,0.458,0.572,0.581,0.649,0.451,Moderate Potential,0.45,0.662,0.288,FO,Fragile Opportunity,Advanced Economy,structural,0.3912,0.4576,0.2255,0.3499,0.8407,0.7475,0.1891,0.6205,0.1272,0.8817,0.7867,0.7171,0.7902,0.5686,0.2526,0.8845,0.8,0.7053,0.9599,0.2881,0.8482,0.7643,clean,N/A,HIGH,external_debt_pct_gni,True
HUN,HUN,2014,6.915,6.157,0.758,0.758,0.88,0.071,0.589,0.562,0.674,0.609,0.251,Low Takeoff Signal,0.442,0.638,0.044,RO,Robust Opportunity,Advanced Economy,structural,0.6087,0.5112,0.5925,0.479,0.822,0.782,0.1977,0.6034,0.2019,0.8647,0.7282,0.6571,0.7926,0.8113,0.4159,0.8835,0.7223,0.8727,0.9483,0.0439,0.9055,0.9564,clean,N/A,HIGH,external_debt_pct_gni,True
HUN,HUN,2015,6.387,5.629,0.758,0.758,0.783,0.078,0.503,0.575,0.702,0.464,0.25,Low Takeoff Signal,0.434,0.597,0.048,FO,Fragile Opportunity,Advanced Economy,structural,0.569,0.5177,0.2241,0.4524,0.8006,0.6335,0.2467,0.755,0.4102,0.8834,0.7237,0.6516,0.7566,0.747,0.5107,0.8846,0.7417,0.8952,0.0215,0.0475,0.9036,0.7663,clean,N/A,HIGH,external_debt_pct_gni,True
HUN,HUN,2016,6.953,6.195,0.758,0.758,0.877,0.051,0.603,0.56,0.715,0.563,0.266,Low Takeoff Signal,0.49,0.379,0.087,RO,Robust Opportunity,Advanced Economy,structural,0.4462,0.4808,1.0,0.3717,0.7909,0.5793,0.2908,0.8436,0.3661,0.8445,0.7403,0.6362,0.7935,0.6639,0.6485,0.8849,0.7257,0.8351,0.9254,0.0869,0.9118,0.4793,clean,N/A,HIGH,external_debt_pct_gni,True
HUN,HUN,2017,7.085,6.327,0.758,0.758,0.782,0.069,0.49,0.562,0.76,0.502,0.445,Moderate Potential,0.49,0.574,0.296,RO,Robust Opportunity,Advanced Economy,structural,0.5611,0.4504,0.2797,0.4363,0.7936,0.5586,0.3308,0.7223,0.4168,0.8691,0.7396,0.6398,0.7936,0.7274,0.7062,0.8871,0.7306,0.5924,0.7698,0.2963,0.8781,0.121,clean,N/A,HIGH,external_debt_pct_gni,True
HUN,HUN,2018,7.425,6.667,0.758,0.758,0.795,0.059,0.513,0.542,0.776,0.38,0.52,Moderate Potential,0.568,0.578,0.415,RO,Robust Opportunity,Advanced Economy,structural,0.7821,0.4716,0.1302,0.6207,0.7868,0.5355,0.3696,0.6223,0.3311,0.8494,0.7197,0.6303,0.7605,0.8992,0.7092,0.8865,0.7113,0.6131,0.0169,0.4154,0.9269,0.0387,clean,N/A,HIGH,external_debt_pct_gni,True
HUN,HUN,2019,7.484,6.726,0.758,0.758,0.936,0.01,0.709,0.515,0.762,0.514,0.325,Low Takeoff Signal,0.2,0.507,0.342,RO,Robust Opportunity,Advanced Economy,structural,0.7218,0.4618,0.9015,0.7091,0.7747,0.5375,0.4295,0.5667,0.065,0.8661,0.7042,0.5995,0.7615,0.8381,0.6605,0.8856,0.715,0.8699,0.6793,0.3419,0.9449,0.0498,clean,N/A,HIGH,external_debt_pct_gni,True
HUN,HUN,2020,6.748,5.99,0.758,0.758,0.878,0.079,0.57,0.513,0.545,0.502,0.208,Low Takeoff Signal,0.2,0.336,0.124,FO,Fragile Opportunity,Knowledge / Service Economy,structural,0.4533,0.4976,0.9982,0.7184,0.769,0.5482,0.4201,0.536,0.1832,0.8809,0.713,0.6113,0.7866,0.54,0.6827,0.8791,0.7236,0.8006,0.8943,0.1243,0.8426,0.1382,clean,N/A,HIGH,external_debt_pct_gni,True
HUN,HUN,2021,7.107,6.349,0.758,0.758,0.874,0.01,0.705,0.554,0.763,0.512,0.313,Low Takeoff Signal,0.2,0.594,0.251,RO,Robust Opportunity,Advanced Economy,structural,0.6341,0.3947,0.6506,0.8314,0.7416,0.5604,0.4239,0.3491,0.5856,0.8709,0.7039,0.6159,0.7829,0.7257,0.6387,0.8755,0.7002,0.7054,0.9647,0.2505,0.8263,0.1049,clean,N/A,HIGH,external_debt_pct_gni,True
HUN,HUN,2022,6.695,5.937,0.758,0.758,0.79,0.026,0.64,0.484,0.744,0.38,0.325,Low Takeoff Signal,0.2,0.514,0.336,RO,Robust Opportunity,Advanced Economy,structural,0.5052,0.5303,0.4661,0.8929,0.7726,0.3766,0.4021,0.2503,0.2247,0.8562,0.6914,0.581,0.7835,0.6152,0.6906,0.8761,0.6644,0.348,0.4659,0.3355,0.6678,0.0305,clean,N/A,HIGH,external_debt_pct_gni,True
HUN,HUN,2023,5.966,5.208,0.758,0.758,0.669,0.098,0.465,0.56,0.614,0.38,0.305,Low Takeoff Signal,0.2,0.613,0.221,RO,Robust Opportunity,Advanced Economy,stable,0.2045,0.8844,0.0038,0.6497,0.8065,0.5725,0.4123,0.5714,0.3583,0.8291,0.6715,0.6032,0.7833,0.3121,0.599,0.8759,0.6408,0.1982,0.0528,0.2211,0.558,0.5117,clean,N/A,HIGH,external_debt_pct_gni,True
HUN,HUN,2024,5.479,4.721,0.758,0.758,0.629,0.106,0.418,0.565,0.644,0.38,0.229,Low Takeoff Signal,0.2,0.517,0.104,FO,Fragile Opportunity,Advanced Economy,stable,0.2616,0.3651,0.0528,0.5125,0.8234,0.5657,0.3977,0.6742,0.3388,0.8065,0.6735,0.5895,0.7835,0.4062,0.5146,0.8773,0.6809,0.1607,0.0483,0.1041,0.5122,0.5929,clean,N/A,HIGH,external_debt_pct_gni,True
IDN,Indonesia,2010,7.21,6.18,1.03,1.03,0.617,0.083,0.57,0.451,0.451,,0.513,Moderate Potential,0.45,0.6,0.5,RO,Robust Opportunity,High-Growth Emerging Market,structural,0.6397,0.5435,0.3888,0.8651,0.4806,0.3691,0.7201,0.5214,0.8046,0.2543,0.3003,0.2782,0.5725,0.6654,0.4927,0.2316,0.4421,,,,,,clean,N/A,HIGH,,False
IDN,Indonesia,2011,7.451,6.421,1.03,1.03,0.66,0.1,0.577,0.523,0.457,,0.516,Moderate Potential,0.45,0.609,0.5,RO,Robust Opportunity,High-Growth Emerging Market,structural,0.6714,0.5381,0.38,0.8278,0.5087,0.6468,0.7532,0.512,0.8029,0.2873,0.4577,0.2813,0.5717,0.6798,0.4726,0.2669,0.4486,,,,,,clean,N/A,HIGH,,False
IDN,Indonesia,2012,7.85,6.82,1.03,1.03,0.735,0.116,0.562,0.506,0.494,0.686,0.653,Pre-Breakout Signal,0.45,0.686,0.95,RO,Robust Opportunity,High-Growth Emerging Market,structural,0.6114,0.4362,0.4181,0.8756,0.5193,0.6349,0.7623,0.468,0.7764,0.3511,0.4084,0.25,0.6264,0.6156,0.5719,0.301,0.4385,0.672,0.509,0.9502,0.8455,0.9377,clean,N/A,HIGH,,True
IDN,Indonesia,2013,7.451,6.421,1.03,1.03,0.704,0.086,0.566,0.458,0.509,0.586,0.589,Pre-Breakout Signal,0.45,0.604,0.784,RO,Robust Opportunity,High-Growth Emerging Market,structural,0.6776,0.4585,0.406,0.8543,0.5199,0.2557,0.7542,0.4536,0.7673,0.3542,0.4095,0.2643,0.6277,0.7111,0.5673,0.3027,0.503,0.5477,0.723,0.7842,0.7276,0.1807,clean,N/A,HIGH,,True
IDN,Indonesia,2014,6.552,5.522,1.03,1.03,0.674,0.081,0.563,0.468,0.515,0.542,0.384,Low Takeoff Signal,0.146,0.578,0.734,RO,Robust Opportunity,High-Growth Emerging Market,structural,0.6812,0.4325,0.4423,0.8901,0.5334,0.2542,0.7737,0.4447,0.7308,0.4153,0.4342,0.2845,0.6284,0.7257,0.5589,0.304,0.5349,0.3521,0.8356,0.7344,0.7699,0.1216,clean,N/A,HIGH,,True
IDN,Indonesia,2015,6.293,5.263,1.03,1.03,0.645,0.08,0.562,0.504,0.511,0.451,0.355,Low Takeoff Signal,0.226,0.535,0.374,RO,Robust Opportunity,High-Growth Emerging Market,structural,0.6859,0.4263,0.3986,0.86,0.5898,0.5731,0.7837,0.5614,0.7088,0.3492,0.4104,0.3538,0.6404,0.7201,0.5123,0.3334,0.4534,0.3272,0.6765,0.3743,0.6993,0.1784,clean,N/A,HIGH,,True
IDN,Indonesia,2016,6.794,5.764,1.03,1.03,0.679,0.083,0.556,0.518,0.541,0.491,0.443,Moderate Potential,0.296,0.58,0.518,RO,Robust Opportunity,High-Growth Emerging Market,structural,0.7346,0.428,0.3017,0.8594,0.5804,0.5648,0.801,0.5873,0.7342,0.4011,0.4333,0.3631,0.6801,0.7689,0.546,0.3285,0.5289,0.4079,0.3965,0.5183,0.6891,0.441,clean,N/A,HIGH,,True
IDN,Indonesia,2017,7.472,6.442,1.03,1.03,0.726,0.079,0.61,0.514,0.552,0.578,0.562,Pre-Breakout Signal,0.466,0.629,0.613,RO,Robust Opportunity,High-Growth Emerging Market,structural,0.6569,0.4731,0.4351,0.8948,0.628,0.5491,0.7884,0.5345,0.7296,0.3471,0.4354,0.4084,0.6783,0.6852,0.5798,0.3228,0.5556,0.5213,0.3417,0.6127,0.6638,0.9504,clean,N/A,HIGH,,True
IDN,Indonesia,2018,7.741,6.711,1.03,1.03,0.738,0.091,0.616,0.512,0.529,0.632,0.618,Pre-Breakout Signal,0.456,0.658,0.819,RO,Robust Opportunity,High-Growth Emerging Market,structural,0.7388,0.4865,0.454,0.8954,0.6514,0.5355,0.7813,0.4446,0.7183,0.3466,0.4808,0.4264,0.616,0.7754,0.4942,0.311,0.5539,0.5813,0.5601,0.8189,0.5175,0.9503,clean,N/A,HIGH,,True
IDN,Indonesia,2019,7.281,6.251,1.03,1.03,0.749,0.08,0.599,0.509,0.554,0.579,0.474,Moderate Potential,0.2,0.624,0.94,RO,Robust Opportunity,High-Growth Emerging Market,structural,0.7168,0.4335,0.432,0.8819,0.6808,0.5383,0.7851,0.4632,0.732,0.3297,0.4921,0.3794,0.6366,0.7537,0.5873,0.3078,0.5687,0.4829,0.6131,0.9401,0.4727,0.5744,clean,N/A,HIGH,,True
IDN,Indonesia,2020,7.302,6.272,1.03,1.03,0.755,0.14,0.493,0.518,0.439,0.661,0.47,Moderate Potential,0.2,0.602,0.956,FO,Fragile Opportunity,High-Growth Emerging Market,structural,0.5926,0.4777,0.5002,0.882,0.7066,0.5502,0.7628,0.5679,0.7365,0.3539,0.5102,0.3972,0.6695,0.6152,0.624,0.2957,0.6374,0.5207,0.8075,0.9559,0.5331,0.7526,clean,N/A,HIGH,,True
IDN,Indonesia,2021,6.765,5.735,1.03,1.03,0.653,0.07,0.633,0.52,0.538,0.518,0.475,Moderate Potential,0.2,0.621,0.955,RO,Robust Opportunity,High-Growth Emerging Market,structural,0.3351,0.6343,0.439,0.8468,0.7186,0.5997,0.7423,0.5666,0.7478,0.3177,0.517,0.3763,0.6185,0.3624,0.6306,0.2928,0.6772,0.1686,0.5405,0.9548,0.3791,0.8562,clean,N/A,HIGH,,True
IDN,Indonesia,2022,7.058,6.028,1.03,1.03,0.717,0.07,0.64,0.535,0.546,0.502,0.46,Moderate Potential,0.2,0.597,0.9,RO,Robust Opportunity,High-Growth Emerging Market,structural,0.5827,0.6842,0.5071,0.7587,0.711,0.6574,0.7477,0.6046,0.7701,0.2611,0.5344,0.3998,0.6195,0.6213,0.571,0.2843,0.6614,0.3471,0.3782,0.8999,0.2873,0.8882,clean,N/A,HIGH,,True
IDN,Indonesia,2023,7.326,6.296,1.03,1.03,0.769,0.08,0.596,0.54,0.546,0.497,0.457,Moderate Potential,0.2,0.578,0.908,RO,Robust Opportunity,High-Growth Emerging Market,structural,0.6943,0.4426,0.4642,0.8366,0.6953,0.5902,0.7504,0.549,0.7779,0.3195,0.5572,0.3712,0.6193,0.7242,0.5904,0.2742,0.6836,0.3631,0.2584,0.908,0.364,0.8131,clean,N/A,HIGH,,True
IDN,Indonesia,2024,7.225,6.195,1.03,1.03,0.772,0.079,0.627,0.524,0.528,0.536,0.424,Moderate Potential,0.2,0.611,0.665,RO,Robust Opportunity,High-Growth Emerging Market,structural,0.6817,0.563,0.4531,0.8722,0.7278,0.5886,0.7433,0.5318,0.7597,0.3494,0.5038,0.3393,0.6194,0.7223,0.5903,0.2776,0.5897,0.9299,0.3763,0.6651,0.2957,0.5926,clean,N/A,HIGH,,True
IND,India,2010,6.54,5.352,1.188,1.188,0.455,0.098,0.611,0.415,0.323,,0.526,Moderate Potential,0.45,0.641,0.5,SL,Stable / Low Opportunity,High-Growth Emerging Market,structural,0.8376,0.6153,0.3784,0.9679,0.3148,0.2321,0.2061,0.4299,0.8895,0.2005,0.6167,0.401,0.6692,0.846,0.3088,0.0538,0.3819,,,,,,clean,N/A,HIGH,,False
IND,India,2011,6.03,4.842,1.188,1.188,0.372,0.111,0.551,0.416,0.298,,0.509,Moderate Potential,0.45,0.586,0.5,SL,Stable / Low Opportunity,High-Growth Emerging Market,structural,0.6058,0.5449,0.3718,0.9475,0.337,0.4691,0.2072,0.4132,0.8704,0.1568,0.5831,0.3412,0.6768,0.6033,0.3056,0.0572,0.3643,,,,,,clean,N/A,HIGH,,False
IND,India,2012,4.327,3.139,1.188,1.188,0.332,0.085,0.541,0.382,0.304,0.38,0.235,Low Takeoff Signal,0.45,0.456,0.051,SL,Stable / Low Opportunity,High-Growth Emerging Market,structural,0.5837,0.4815,0.4,0.9309,0.3565,0.1917,0.2342,0.4225,0.845,0.1633,0.5241,0.3504,0.6907,0.5842,0.3075,0.0607,0.3527,0.2962,0.4109,0.0505,0.6481,0.1631,clean,N/A,HIGH,,True
IND,India,2013,4.451,3.263,1.188,1.188,0.357,0.095,0.545,0.413,0.314,0.406,0.232,Low Takeoff Signal,0.45,0.513,0.043,SL,Stable / Low Opportunity,Diversified Emerging Market,structural,0.7353,0.493,0.3665,0.8591,0.3325,0.279,0.2714,0.4927,0.8314,0.1668,0.5466,0.3637,0.691,0.7616,0.306,0.0611,0.3584,0.5523,0.5291,0.0427,0.7174,0.188,clean,N/A,HIGH,,True
IND,India,2014,4.737,3.549,1.188,1.188,0.41,0.111,0.563,0.452,0.324,0.487,0.232,Low Takeoff Signal,0.439,0.551,0.04,SL,Stable / Low Opportunity,High-Growth Emerging Market,structural,0.8693,0.4392,0.4158,0.8829,0.4002,0.427,0.284,0.5162,0.8411,0.2423,0.5121,0.404,0.7095,0.8918,0.2878,0.0615,0.3579,0.7131,0.6003,0.04,0.7836,0.3297,clean,N/A,HIGH,,True
IND,India,2015,5.519,4.331,1.188,1.188,0.434,0.132,0.539,0.463,0.334,0.6,0.413,Moderate Potential,0.559,0.622,0.18,SR,Structural Risk,High-Growth Emerging Market,structural,0.8881,0.3932,0.3924,0.8073,0.3903,0.5251,0.3128,0.6113,0.8363,0.2594,0.5191,0.4285,0.6978,0.9014,0.2708,0.0627,0.3667,0.9137,0.674,0.1801,0.8325,0.6481,clean,N/A,HIGH,,True
IND,India,2016,6.329,5.141,1.188,1.188,0.487,0.144,0.568,0.487,0.341,0.682,0.559,Pre-Breakout Signal,0.584,0.698,0.409,SR,Structural Risk,High-Growth Emerging Market,structural,0.9277,0.4923,0.3772,0.747,0.3976,0.5585,0.3515,0.6479,0.844,0.2841,0.5405,0.4461,0.7266,0.9365,0.2495,0.0643,0.3968,0.9286,0.762,0.4094,0.8545,0.9574,clean,N/A,HIGH,,True
IND,India,2017,6.379,5.191,1.188,1.188,0.446,0.144,0.551,0.495,0.335,0.646,0.634,Pre-Breakout Signal,0.661,0.638,0.599,SR,Structural Risk,High-Growth Emerging Market,structural,0.8001,0.4325,0.427,0.8197,0.3797,0.5427,0.3557,0.5201,0.8448,0.3512,0.5604,0.4743,0.7274,0.8093,0.2197,0.0658,0.4094,0.581,0.5523,0.5987,0.7763,0.9504,clean,N/A,HIGH,,True
IND,India,2018,6.828,5.64,1.188,1.188,0.473,0.133,0.592,0.491,0.336,0.613,0.718,Strong Pre-Breakout Signal,0.614,0.651,0.967,SR,Structural Risk,Diversified Emerging Market,structural,0.8515,0.5394,0.4514,0.8394,0.3933,0.5355,0.3524,0.4911,0.8546,0.289,0.5892,0.4825,0.694,0.8683,0.1927,0.0677,0.4479,0.3255,0.5836,0.9667,0.657,0.9296,clean,N/A,HIGH,,True
IND,India,2019,5.351,4.163,1.188,1.188,0.384,0.125,0.489,0.493,0.341,0.467,0.442,Moderate Potential,0.2,0.516,0.932,SR,Structural Risk,High-Growth Emerging Market,structural,0.6086,0.4197,0.4272,0.7683,0.3874,0.5359,0.3219,0.5555,0.8518,0.3253,0.5689,0.4685,0.6923,0.636,0.2616,0.0689,0.4728,0.0678,0.5377,0.932,0.4662,0.5121,clean,N/A,HIGH,,True
IND,India,2020,5.166,3.978,1.188,1.188,0.335,0.145,0.39,0.475,0.217,0.38,0.464,Moderate Potential,0.545,0.369,0.503,SR,Structural Risk,Diversified Emerging Market,structural,0.3675,0.4905,0.5093,0.7786,0.4085,0.5441,0.3329,0.6447,0.8511,0.278,0.5307,0.4367,0.707,0.3761,0.299,0.072,0.4666,0.0514,0.7278,0.503,0.2254,0.2263,clean,N/A,HIGH,,True
IND,India,2021,5.525,4.337,1.188,1.188,0.479,0.083,0.671,0.474,0.379,0.438,0.348,Low Takeoff Signal,0.545,0.572,0.115,SL,Stable / Low Opportunity,High-Growth Emerging Market,structural,0.8047,0.8475,0.4341,0.8651,0.4557,0.5678,0.3567,0.4902,0.8482,0.3381,0.4988,0.4258,0.694,0.793,0.3899,0.0706,0.4491,0.6792,0.56,0.1149,0.2324,0.6009,clean,N/A,HIGH,,True
IND,India,2022,5.669,4.481,1.188,1.188,0.499,0.085,0.621,0.471,0.399,0.442,0.357,Low Takeoff Signal,0.545,0.539,0.135,SL,Stable / Low Opportunity,High-Growth Emerging Market,structural,0.7228,0.5194,0.5018,0.8769,0.4583,0.6465,0.3181,0.4858,0.8449,0.2645,0.5427,0.4335,0.6949,0.7553,0.4365,0.0718,0.4971,0.4851,0.3793,0.1353,0.4579,0.8321,clean,N/A,HIGH,,True
IND,India,2023,6.474,5.286,1.188,1.188,0.605,0.102,0.602,0.478,0.416,0.569,0.422,Moderate Potential,0.2,0.634,0.629,RO,Robust Opportunity,High-Growth Emerging Market,structural,0.9136,0.4724,0.4334,0.9125,0.4326,0.5757,0.3285,0.5213,0.8529,0.2326,0.5545,0.4175,0.6947,0.9195,0.4934,0.076,0.4758,0.9806,0.1312,0.6288,0.5863,0.8552,clean,N/A,HIGH,,True
IND,India,2024,6.412,5.224,1.188,1.188,0.573,0.109,0.584,0.487,0.407,0.568,0.453,Moderate Potential,0.2,0.614,0.821,SL,Stable / Low Opportunity,High-Growth Emerging Market,structural,0.7943,0.5584,0.4296,0.907,0.4085,0.571,0.3179,0.5235,0.8409,0.2753,0.5775,0.4434,0.6948,0.8192,0.4896,0.0788,0.4869,0.8894,0.0523,0.8211,0.539,0.7464,clean,N/A,HIGH,,True
IRL,IRL,2010,7.12,6.225,0.895,0.895,0.669,0.148,0.486,0.648,0.489,,0.448,Moderate Potential,0.45,0.405,0.5,FO,Fragile Opportunity,Advanced Economy,structural,0.1743,0.383,0.7751,0.1634,0.9369,0.9172,0.0854,0.47,0.2693,0.9176,0.9588,0.9448,0.8007,0.2333,0.1857,0.8457,0.952,,,,,,clean,N/A,HIGH,external_debt_pct_gni,False
IRL,IRL,2011,7.015,6.12,0.895,0.895,0.64,0.129,0.47,0.59,0.511,,0.462,Moderate Potential,0.45,0.444,0.5,FO,Fragile Opportunity,Advanced Economy,structural,0.3353,0.4291,0.5936,0.1665,0.9221,0.7373,0.0281,0.4704,0.077,0.8931,0.9598,0.9389,0.8114,0.4025,0.1645,0.8467,0.9404,,,,,,clean,N/A,HIGH,external_debt_pct_gni,False
IRL,IRL,2012,6.493,5.598,0.895,0.895,0.647,0.117,0.529,0.579,0.481,0.38,0.446,Moderate Potential,0.45,0.374,0.543,RO,Robust Opportunity,Advanced Economy,stable,0.3016,0.4152,0.8056,0.257,0.9257,0.7522,0.0212,0.4532,0.0483,0.9009,0.9586,0.9421,0.8014,0.3489,0.1573,0.8447,0.9475,0.3874,0.9611,0.5434,0.0391,0.0714,clean,N/A,HIGH,external_debt_pct_gni,True
IRL,IRL,2013,7.466,6.571,0.895,0.895,0.831,0.094,0.591,0.605,0.58,0.447,0.44,Moderate Potential,0.45,0.344,0.571,RO,Robust Opportunity,Advanced Economy,stable,0.4041,0.5194,0.9823,0.2099,0.9107,0.7533,0.0311,0.6028,0.0541,0.8964,0.958,0.9562,0.8028,0.4907,0.2481,0.8428,0.9525,0.7052,0.9599,0.5711,0.0286,0.1806,clean,N/A,HIGH,external_debt_pct_gni,True
IRL,IRL,2014,8.39,7.495,0.895,0.895,0.962,0.038,0.735,0.627,0.711,0.553,0.5,Moderate Potential,0.498,0.498,0.505,RO,Robust Opportunity,Advanced Economy,structural,0.9441,0.5624,0.9638,0.3497,0.8998,0.7535,0.0655,0.6481,0.1552,0.9258,0.958,0.9595,0.8036,0.9666,0.3236,0.8433,0.963,0.8947,0.9483,0.5055,0.5858,0.1722,clean,N/A,HIGH,external_debt_pct_gni,True
IRL,IRL,2015,8.964,8.069,0.895,0.895,0.984,0.009,0.871,0.647,0.77,0.646,0.627,Pre-Breakout Signal,0.734,0.561,0.594,RO,Robust Opportunity,Advanced Economy,structural,0.9999,0.7883,0.9998,0.5614,0.8953,0.647,0.2632,0.876,0.1484,0.9031,0.9612,0.9609,0.7662,0.9999,0.412,0.8475,0.9651,0.9137,0.9163,0.5942,0.9036,0.3878,clean,N/A,HIGH,external_debt_pct_gni,True
IRL,IRL,2016,8.376,7.481,0.895,0.895,0.913,0.076,0.7,0.628,0.645,0.681,0.569,Pre-Breakout Signal,0.653,0.51,0.551,RO,Robust Opportunity,Advanced Economy,structural,0.3112,0.4954,0.9941,0.8966,0.8951,0.6017,0.3114,0.617,0.3286,0.899,0.958,0.9591,0.7999,0.3248,0.5182,0.8493,0.9615,0.8331,0.9254,0.5512,0.9118,0.6037,clean,N/A,HIGH,external_debt_pct_gni,True
IRL,IRL,2017,8.455,7.56,0.895,0.895,0.953,0.04,0.819,0.644,0.812,0.503,0.531,Moderate Potential,0.654,0.609,0.355,RO,Robust Opportunity,Advanced Economy,structural,0.9428,0.4931,0.7155,0.9016,0.9339,0.5692,0.4052,0.6901,0.3303,0.9085,0.9568,0.954,0.7995,0.9404,0.5851,0.8557,0.9534,0.5742,0.2502,0.3551,0.8781,0.5839,clean,N/A,HIGH,external_debt_pct_gni,True
IRL,IRL,2018,8.302,7.407,0.895,0.895,0.927,0.069,0.741,0.691,0.799,0.38,0.528,Moderate Potential,0.682,0.535,0.387,RO,Robust Opportunity,Advanced Economy,stable,0.919,0.4702,0.6397,0.6752,0.9889,0.5356,0.453,0.805,0.5687,0.9142,0.9573,0.9523,0.7676,0.9144,0.5888,0.8596,0.9587,0.2377,0.0169,0.3868,0.933,0.4676,clean,N/A,HIGH,external_debt_pct_gni,True
IRL,IRL,2019,7.433,6.538,0.895,0.895,0.904,0.05,0.735,0.583,0.764,0.38,0.322,Low Takeoff Signal,0.25,0.531,0.24,RO,Robust Opportunity,Advanced Economy,stable,0.7128,0.4886,0.4906,0.9983,0.969,0.5392,0.533,0.0224,0.3438,0.9069,0.9562,0.9483,0.7702,0.6885,0.627,0.8644,0.9522,0.0678,0.0263,0.2405,0.9479,0.3251,clean,N/A,HIGH,external_debt_pct_gni,True
IRL,IRL,2020,8.165,7.27,0.895,0.895,0.99,0.044,0.778,0.652,0.783,0.459,0.395,Low Takeoff Signal,0.25,0.618,0.4,RO,Robust Opportunity,Knowledge / Service Economy,structural,0.9343,0.6637,0.5949,0.9862,0.9625,0.5553,0.6242,0.2048,0.6176,0.8972,0.9562,0.9547,0.7941,0.9374,0.6081,0.8618,0.947,0.9129,0.0171,0.3996,0.871,0.3771,clean,N/A,HIGH,external_debt_pct_gni,True
IRL,IRL,2021,7.906,7.011,0.895,0.895,0.917,0.063,0.723,0.729,0.813,0.519,0.433,Moderate Potential,0.25,0.606,0.556,RO,Robust Opportunity,Advanced Economy,structural,0.9764,0.5161,0.6063,0.4596,0.9612,0.5729,0.6488,0.9352,0.484,0.8714,0.9579,0.9575,0.7914,0.9632,0.5699,0.8614,0.957,0.7652,0.0356,0.5563,0.8958,0.5046,clean,N/A,HIGH,external_debt_pct_gni,True
IRL,IRL,2022,7.994,7.099,0.895,0.895,0.921,0.096,0.622,0.761,0.825,0.525,0.451,Moderate Potential,0.25,0.628,0.612,RO,Robust Opportunity,Advanced Economy,structural,0.7174,0.5692,0.3929,0.4248,0.9527,0.6193,0.7219,0.8414,0.5522,0.886,0.956,0.9607,0.7919,0.6776,0.7256,0.8633,0.9682,0.8845,0.0752,0.6117,0.8874,0.439,clean,N/A,HIGH,external_debt_pct_gni,True
IRL,IRL,2023,6.887,5.992,0.895,0.895,0.698,0.187,0.445,0.77,0.562,0.445,0.478,Moderate Potential,0.25,0.666,0.694,FO,Fragile Opportunity,Advanced Economy,stable,0.1195,0.2742,0.0143,0.6825,0.9543,0.5876,0.7191,0.8595,0.5473,0.8956,0.9622,0.9577,0.7918,0.1075,0.6898,0.8595,0.9698,0.1982,0.0528,0.6936,0.9658,0.5292,clean,N/A,HIGH,external_debt_pct_gni,True
IRL,IRL,2024,7.849,6.954,0.895,0.895,0.885,0.15,0.525,0.788,0.731,0.46,0.465,Moderate Potential,0.25,0.532,0.821,FO,Fragile Opportunity,Advanced Economy,structural,0.446,0.6171,0.4318,0.2354,0.9551,0.5928,0.7353,0.9793,0.561,0.8769,0.9612,0.9552,0.7919,0.418,0.6828,0.8639,0.9707,0.1604,0.0483,0.8212,0.8857,0.5919,clean,N/A,HIGH,external_debt_pct_gni,True
IRN,IRN,2010,2.395,4.262,-1.867,0.86,0.262,0.126,0.562,0.394,0.201,,0.514,Moderate Potential,0.45,0.601,0.5,SR,Structural Risk,Diversified Emerging Market,structural,0.5924,0.4084,0.3552,0.971,0.5357,0.003,0.8305,0.6371,0.9543,0.0776,0.1572,0.1351,0.0999,0.6183,0.1746,0.4715,0.0665,,,,,,sanctions_compliance_risk,HIGH,HIGH,,False
IRN,IRN,2011,3.022,4.141,-1.119,0.86,0.251,0.138,0.498,0.425,0.204,,0.496,Moderate Potential,0.45,0.544,0.5,SR,Structural Risk,Commodity Exporter,structural,0.4094,0.3959,0.337,0.8982,0.5595,0.0435,0.8457,0.7034,0.9554,0.1153,0.1793,0.186,0.116,0.4191,0.2266,0.4795,0.104,,,,,,sanctions_compliance_risk,HIGH,HIGH,,False
IRN,IRN,2012,1.86,3.47,-1.61,0.86,0.177,0.131,0.42,0.414,0.175,0.388,0.559,Pre-Breakout Signal,0.45,0.453,0.92,SR,Structural Risk,High-Growth Emerging Market,structural,0.1808,0.2588,0.3894,0.9007,0.5614,0.0001,0.8396,0.6401,0.9571,0.1386,0.1869,0.1863,0.1483,0.191,0.2367,0.4663,0.0978,0.0263,0.4333,0.9202,0.675,0.057,sanctions_compliance_risk,HIGH,HIGH,,True
IRN,IRN,2013,1.884,3.189,-1.305,0.86,0.181,0.131,0.456,0.42,0.174,0.394,0.476,Moderate Potential,0.45,0.475,0.509,SR,Structural Risk,Diversified Emerging Market,structural,0.1628,0.3968,0.3333,0.8799,0.5151,0.0135,0.8541,0.6882,0.9506,0.1643,0.1424,0.2041,0.063,0.1618,0.3226,0.4487,0.0814,0.0254,0.5281,0.5087,0.7832,0.1557,sanctions_compliance_risk,HIGH,HIGH,,True
IRN,IRN,2014,1.86,2.466,-0.606,0.86,0.292,0.13,0.588,0.446,0.219,0.477,0.108,Low Takeoff Signal,0.013,0.569,0.176,SR,Structural Risk,Diversified Emerging Market,structural,0.679,0.5327,0.3871,0.9304,0.5184,0.0822,0.8631,0.68,0.9497,0.2744,0.1271,0.2492,0.039,0.7059,0.2808,0.4539,0.0892,0.6806,0.516,0.1765,0.8054,0.2637,sanctions_compliance_risk,HIGH,HIGH,,True
IRN,IRN,2015,1.86,2.995,-1.135,0.86,0.284,0.147,0.479,0.452,0.227,0.548,0.267,Low Takeoff Signal,0.086,0.577,0.406,SR,Structural Risk,Diversified Emerging Market,structural,0.1387,0.5439,0.3463,0.8032,0.5126,0.4453,0.6885,0.6761,0.941,0.2493,0.1933,0.265,0.1366,0.1444,0.245,0.4507,0.1216,0.6481,0.5955,0.4062,0.3381,0.9553,sanctions_compliance_risk,HIGH,HIGH,,True
IRN,IRN,2016,2.019,4.336,-2.317,0.86,0.475,0.11,0.679,0.468,0.304,0.514,0.353,Low Takeoff Signal,0.157,0.681,0.425,SL,Stable / Low Opportunity,High-Growth Emerging Market,structural,0.9436,0.6995,0.3125,0.8599,0.5112,0.5009,0.6027,0.7968,0.9251,0.321,0.1915,0.2959,0.1438,0.9445,0.1627,0.4323,0.1292,0.9346,0.6025,0.425,0.0441,0.9574,sanctions_compliance_risk,HIGH,HIGH,,True
IRN,IRN,2017,2.591,4.703,-2.112,0.86,0.323,0.153,0.534,0.481,0.237,0.587,0.683,Pre-Breakout Signal,0.552,0.63,0.962,SR,Structural Risk,Commodity Exporter,structural,0.4445,0.4248,0.4188,0.9252,0.5033,0.526,0.6396,0.7799,0.9217,0.2977,0.2025,0.2807,0.0875,0.4333,0.1619,0.4267,0.1209,0.8301,0.6507,0.9615,0.0347,0.9504,sanctions_compliance_risk,HIGH,HIGH,,True
IRN,IRN,2018,2.012,3.318,-1.306,0.86,0.158,0.163,0.458,0.48,0.09,0.38,0.545,Reform Story,0.42,0.442,0.944,SR,Structural Risk,Commodity Exporter,structural,0.0201,0.447,0.4415,0.9247,0.498,0.5335,0.6646,0.9032,0.9312,0.187,0.1911,0.2064,0.008,0.0185,0.1608,0.4262,0.0892,0.21,0.6564,0.9435,0.1177,0.0387,sanctions_compliance_risk,HIGH,HIGH,,True
IRN,IRN,2019,1.86,2.856,-0.996,0.86,0.158,0.141,0.441,0.426,0.122,0.38,0.418,Moderate Potential,0.45,0.42,0.381,SR,Structural Risk,Commodity Exporter,structural,0.0993,0.3747,0.4129,0.9685,0.4952,0.5268,0.6369,0.5645,0.9279,0.1156,0.1707,0.1858,0.0113,0.0966,0.185,0.432,0.0805,0.1353,0.5995,0.381,0.5807,0.0498,sanctions_compliance_risk,HIGH,HIGH,,True
IRN,IRN,2020,2.989,4.113,-1.124,0.86,0.407,0.128,0.571,0.418,0.203,0.485,0.393,Low Takeoff Signal,0.45,0.549,0.228,SR,Structural Risk,High-Growth Emerging Market,structural,0.8791,0.4638,0.4799,0.9957,0.5297,0.4599,0.6983,0.4796,0.9219,0.1266,0.1736,0.1454,0.0076,0.8956,0.3272,0.4491,0.0788,0.819,0.635,0.2275,0.8418,0.0608,sanctions_compliance_risk,HIGH,HIGH,,True
IRN,IRN,2021,2.675,2.815,-0.14,0.86,0.22,0.139,0.594,0.46,0.149,0.401,0.314,Low Takeoff Signal,0.45,0.535,0.11,SR,Structural Risk,High-Growth Emerging Market,structural,0.3694,0.3328,0.4204,0.981,0.5295,0.3669,0.7328,0.7286,0.9139,0.1485,0.1671,0.1451,0.0225,0.385,0.2979,0.4559,0.0785,0.7652,0.3755,0.1102,0.8833,0.0212,sanctions_compliance_risk,HIGH,HIGH,,True
IRN,IRN,2022,2.057,3.126,-1.069,0.86,0.239,0.162,0.602,0.471,0.145,0.543,0.371,Low Takeoff Signal,0.45,0.619,0.163,SR,Structural Risk,High-Growth Emerging Market,structural,0.5188,0.443,0.486,0.9697,0.5292,0.0923,0.7734,0.7046,0.9124,0.1425,0.1603,0.1459,0.0228,0.5237,0.272,0.4561,0.0807,0.9664,0.3036,0.1634,0.8874,0.846,sanctions_compliance_risk,HIGH,HIGH,,True
IRN,IRN,2023,1.86,3.183,-1.323,0.86,0.245,0.16,0.633,0.467,0.142,0.548,0.377,Low Takeoff Signal,0.45,0.653,0.162,SR,Structural Risk,High-Growth Emerging Market,structural,0.7162,0.8074,0.4158,0.9918,0.5326,0.3944,0.7967,0.684,0.9182,0.1156,0.1453,0.1376,0.0227,0.7172,0.2916,0.4408,0.0702,0.9806,0.3758,0.1617,0.9658,0.7011,sanctions_compliance_risk,HIGH,HIGH,,True
IRN,IRN,2024,2.206,2.346,-0.14,0.86,0.196,0.144,0.587,0.458,0.131,0.406,0.22,Low Takeoff Signal,0.45,0.538,0.033,SR,Structural Risk,High-Growth Emerging Market,structural,0.5526,0.5492,0.421,0.9931,0.5224,0.3146,0.7706,0.6973,0.9124,0.074,0.1404,0.151,0.0227,0.5764,0.2914,0.4433,0.0622,0.1604,0.3438,0.0334,0.7448,0.9398,sanctions_compliance_risk,HIGH,HIGH,,True
IRQ,IRQ,2010,4.059,3.287,0.772,0.772,0.134,0.125,0.33,0.293,0.156,,0.434,Moderate Potential,0.45,0.372,0.5,SR,Structural Risk,Diversified Emerging Market,structural,0.6587,0.2386,0.3619,0.1243,0.2897,0.723,0.3629,0.574,0.2085,0.0237,0.0728,0.1062,0.0045,0.4384,0.5312,0.6349,0.1448,,,,,,clean,N/A,HIGH,secondary_school_enrolment; external_debt_pct_gni,False
IRQ,IRQ,2011,4.297,3.525,0.772,0.772,0.155,0.129,0.42,0.326,0.149,,0.469,Moderate Potential,0.45,0.463,0.5,SR,Structural Risk,Commodity Exporter,structural,0.7571,0.4342,0.3484,0.1571,0.4505,0.549,0.5412,0.7399,0.2173,0.0441,0.0924,0.1178,0.0037,0.6073,0.5382,0.646,0.163,,,,,,clean,N/A,HIGH,secondary_school_enrolment; external_debt_pct_gni,False
IRQ,IRQ,2012,2.452,3.869,-1.417,0.772,0.217,0.152,0.541,0.371,0.162,0.646,0.61,Pre-Breakout Signal,0.45,0.654,0.802,SR,Structural Risk,High-Growth Emerging Market,structural,0.8851,0.6024,0.4045,0.0879,0.6798,0.6371,0.6337,0.6578,0.5055,0.0419,0.0885,0.1209,0.0024,0.7872,0.5585,0.6586,0.1433,0.9051,0.602,0.8021,0.9383,0.3775,narrative_inconsistency,HIGH,HIGH,secondary_school_enrolment; external_debt_pct_gni,True
IRQ,IRQ,2013,1.949,3.535,-1.586,0.772,0.187,0.148,0.474,0.404,0.157,0.536,0.562,Pre-Breakout Signal,0.45,0.592,0.688,SR,Structural Risk,Diversified Emerging Market,structural,0.8083,0.4155,0.2786,0.2799,0.6456,0.5799,0.6838,0.7108,0.6954,0.0352,0.0925,0.12,0.0022,0.581,0.5056,0.6719,0.1466,0.8071,0.2896,0.6877,0.9248,0.2036,narrative_inconsistency,HIGH,HIGH,secondary_school_enrolment; external_debt_pct_gni,True
IRQ,IRQ,2014,3.115,2.343,0.772,0.772,0.154,0.153,0.409,0.419,0.118,0.468,0.281,Low Takeoff Signal,0.082,0.519,0.575,SR,Structural Risk,Diversified Emerging Market,structural,0.3692,0.5333,0.2826,0.1951,0.6409,0.6546,0.7467,0.7974,0.6985,0.0221,0.0918,0.113,0.0007,0.1756,0.431,0.6574,0.1316,0.6153,0.0349,0.5754,0.9188,0.3655,clean,N/A,HIGH,secondary_school_enrolment; external_debt_pct_gni,True
IRQ,IRQ,2015,2.772,2.0,0.772,0.772,0.182,0.119,0.467,0.374,0.159,0.38,0.143,Low Takeoff Signal,0.024,0.509,0.266,SL,Stable / Low Opportunity,Diversified Emerging Market,structural,0.4606,0.7544,0.2203,0.2935,0.529,0.5989,0.5585,0.4625,0.9037,0.0201,0.0867,0.1053,0.0019,0.3359,0.3751,0.6601,0.137,0.0252,0.0215,0.2659,0.8299,0.7697,clean,N/A,HIGH,secondary_school_enrolment,True
IRQ,IRQ,2016,3.07,2.298,0.772,0.772,0.227,0.101,0.504,0.355,0.216,0.38,0.159,Low Takeoff Signal,0.037,0.551,0.202,SL,Stable / Low Opportunity,High-Growth Emerging Market,structural,0.9944,0.4356,0.1388,0.2066,0.7151,0.607,0.4527,0.4704,0.8754,0.0221,0.0792,0.1021,0.0013,0.991,0.3288,0.6689,0.1483,0.5653,0.0195,0.2022,0.0972,0.9403,clean,N/A,HIGH,secondary_school_enrolment,True
IRQ,IRQ,2017,2.603,1.831,0.772,0.772,0.141,0.135,0.341,0.375,0.102,0.383,0.159,Low Takeoff Signal,0.093,0.42,0.095,SR,Structural Risk,Commodity Exporter,structural,0.0917,0.3818,0.3626,0.1823,0.7095,0.5674,0.515,0.7033,0.8677,0.0246,0.0761,0.1014,0.0009,0.0667,0.2276,0.6794,0.1236,0.5254,0.5112,0.0945,0.0347,0.937,clean,N/A,HIGH,secondary_school_enrolment,True
IRQ,IRQ,2018,3.381,2.609,0.772,0.772,0.167,0.176,0.439,0.422,0.093,0.602,0.335,Low Takeoff Signal,0.165,0.567,0.415,SR,Structural Risk,Commodity Exporter,structural,0.41,0.484,0.4143,0.1666,0.7552,0.5356,0.6495,0.9437,0.8911,0.0212,0.0922,0.0931,0.001,0.2722,0.1641,0.6788,0.1113,0.5237,0.9122,0.4146,0.5706,0.8186,clean,N/A,HIGH,secondary_school_enrolment,True
IRQ,IRQ,2019,2.343,3.735,-1.392,0.772,0.19,0.179,0.48,0.418,0.116,0.667,0.614,Pre-Breakout Signal,0.45,0.635,0.849,SR,Structural Risk,Commodity Exporter,structural,0.7575,0.4578,0.3947,0.3961,0.5137,0.5398,0.6866,0.8369,0.8913,0.0192,0.1037,0.094,0.0008,0.671,0.1143,0.669,0.1123,0.4416,0.9423,0.8488,0.8171,0.6459,narrative_inconsistency,HIGH,HIGH,secondary_school_enrolment,True
IRQ,IRQ,2020,3.905,3.133,0.772,0.772,0.158,0.134,0.368,0.316,0.064,0.447,0.494,Reform Story,0.45,0.445,0.622,SR,Structural Risk,Commodity Exporter,structural,0.11,0.463,0.4487,0.4525,0.775,0.5474,0.4791,0.2687,0.8803,0.0218,0.0798,0.0959,0.0025,0.085,0.1002,0.6705,0.1003,0.0514,0.8943,0.6217,0.8407,0.0608,clean,N/A,HIGH,secondary_school_enrolment,True
IRQ,IRQ,2021,3.964,3.192,0.772,0.772,0.158,0.172,0.376,0.409,0.071,0.555,0.51,Moderate Potential,0.45,0.518,0.582,SR,Structural Risk,Commodity Exporter,structural,0.1889,0.0597,0.3999,0.3732,0.5569,0.5754,0.6295,0.8085,0.8808,0.024,0.0934,0.0984,0.0026,0.1436,0.0744,0.6671,0.1155,0.6592,0.8905,0.5818,0.8527,0.034,clean,N/A,HIGH,secondary_school_enrolment,True
IRQ,IRQ,2022,4.297,3.525,0.772,0.772,0.195,0.181,0.593,0.464,0.085,0.598,0.548,Moderate Potential,0.45,0.615,0.601,SR,Structural Risk,High-Growth Emerging Market,structural,0.7414,0.4291,0.4711,0.4998,0.7448,0.6722,0.7573,0.9423,0.8931,0.0192,0.0954,0.0999,0.0026,0.6843,0.0891,0.6641,0.1084,0.3918,0.8157,0.6012,0.821,0.4952,clean,N/A,HIGH,secondary_school_enrolment,True
IRQ,IRQ,2023,3.441,2.669,0.772,0.772,0.145,0.172,0.481,0.447,0.063,0.498,0.385,Low Takeoff Signal,0.2,0.537,0.559,SR,Structural Risk,Diversified Emerging Market,structural,0.2967,0.7828,0.3319,0.5399,0.6869,0.5826,0.7296,0.8458,0.9005,0.0199,0.0904,0.093,0.0026,0.2377,0.0799,0.6581,0.0966,0.2594,0.4308,0.559,0.7064,0.5359,clean,N/A,HIGH,secondary_school_enrolment,True
IRQ,IRQ,2024,3.661,2.889,0.772,0.772,0.145,0.178,0.478,0.433,0.059,0.574,0.446,Moderate Potential,0.2,0.593,0.817,SR,Structural Risk,Diversified Emerging Market,structural,0.1318,0.3839,0.3554,0.7638,0.7469,0.5804,0.7195,0.6632,0.8981,0.0301,0.116,0.1384,0.0026,0.1,0.0776,0.6568,0.1407,0.5045,0.215,0.8168,0.9562,0.6509,clean,N/A,HIGH,secondary_school_enrolment,True
ISL,ISL,2010,5.426,4.976,0.45,0.45,0.447,0.163,0.336,0.592,0.455,,0.434,Moderate Potential,0.45,0.372,0.5,SR,Structural Risk,Advanced Economy,structural,0.0327,0.3008,0.384,0.0826,0.8901,0.7828,0.0068,0.3505,0.1593,0.9184,0.9669,0.9739,0.8034,0.0578,0.556,0.8646,0.8682,,,,,,clean,N/A,HIGH,external_debt_pct_gni,False
ISL,ISL,2011,7.035,6.585,0.45,0.45,0.729,0.106,0.435,0.574,0.661,,0.457,Moderate Potential,0.45,0.43,0.5,RO,Robust Opportunity,Advanced Economy,structural,0.3198,0.4273,0.5185,0.1225,0.8885,0.5842,0.0061,0.4038,0.1636,0.9421,0.9703,0.9744,0.8134,0.3952,0.6142,0.8614,0.9014,,,,,,clean,N/A,HIGH,external_debt_pct_gni,False
ISL,ISL,2012,7.372,6.922,0.45,0.45,0.812,0.112,0.455,0.579,0.679,0.618,0.566,Pre-Breakout Signal,0.45,0.572,0.731,RO,Robust Opportunity,Advanced Economy,structural,0.3721,0.4493,0.5028,0.1353,0.9044,0.5938,0.0097,0.4484,0.1359,0.9388,0.969,0.9719,0.8028,0.4173,0.6483,0.858,0.9064,0.9051,0.9669,0.7314,0.6488,0.2087,clean,N/A,HIGH,external_debt_pct_gni,True
ISL,ISL,2013,7.571,7.121,0.45,0.45,0.874,0.094,0.483,0.613,0.744,0.557,0.528,Moderate Potential,0.45,0.578,0.573,RO,Robust Opportunity,Advanced Economy,structural,0.5209,0.478,0.42,0.1195,0.9302,0.5098,0.0251,0.6972,0.1832,0.9434,0.9671,0.9747,0.8038,0.5772,0.7279,0.8572,0.901,0.93,0.5642,0.5731,0.9248,0.1486,clean,N/A,HIGH,external_debt_pct_gni,True
ISL,ISL,2014,7.215,6.765,0.45,0.45,0.82,0.114,0.47,0.641,0.708,0.562,0.51,Moderate Potential,0.489,0.554,0.487,RO,Robust Opportunity,Advanced Economy,structural,0.3316,0.4584,0.4763,0.1595,0.9196,0.6977,0.0333,0.729,0.2656,0.938,0.964,0.9736,0.8047,0.3737,0.7457,0.8555,0.9165,0.8947,0.6036,0.4868,0.9188,0.2182,clean,N/A,HIGH,external_debt_pct_gni,True
ISL,ISL,2015,7.374,6.924,0.45,0.45,0.892,0.093,0.541,0.662,0.764,0.623,0.446,Moderate Potential,0.513,0.6,0.269,RO,Robust Opportunity,Advanced Economy,structural,0.58,0.5279,0.5272,0.2483,0.9104,0.6064,0.1013,0.8641,0.4723,0.9441,0.9637,0.9787,0.7669,0.6267,0.7706,0.8542,0.9252,0.8422,0.5946,0.2688,0.9036,0.7666,clean,N/A,HIGH,external_debt_pct_gni,True
ISL,ISL,2016,7.608,7.158,0.45,0.45,0.9,0.078,0.55,0.662,0.816,0.503,0.5,Moderate Potential,0.633,0.684,0.263,RO,Robust Opportunity,Advanced Economy,structural,0.8295,0.5628,0.1063,0.3175,0.8957,0.5778,0.2185,0.9232,0.3981,0.9442,0.9617,0.9768,0.8024,0.8337,0.8224,0.8548,0.9195,0.933,0.0203,0.2625,0.9118,0.7322,clean,N/A,HIGH,external_debt_pct_gni,True
ISL,ISL,2017,6.903,6.453,0.45,0.45,0.748,0.127,0.445,0.687,0.731,0.492,0.532,Moderate Potential,0.669,0.615,0.344,FO,Fragile Opportunity,Advanced Economy,structural,0.4932,0.4349,0.1009,0.3439,0.8879,0.5604,0.3335,0.8241,0.5718,0.9473,0.9658,0.9728,0.8033,0.3848,0.791,0.8558,0.9369,0.6414,0.0413,0.3442,0.8781,0.6825,clean,N/A,HIGH,external_debt_pct_gni,True
ISL,ISL,2018,7.898,7.448,0.45,0.45,0.856,0.1,0.522,0.673,0.76,0.489,0.646,Pre-Breakout Signal,0.629,0.553,0.8,RO,Robust Opportunity,Advanced Economy,structural,0.6805,0.4445,0.4124,0.3565,0.8809,0.5355,0.4324,0.8038,0.3792,0.9514,0.9706,0.9727,0.7715,0.4865,0.8188,0.8568,0.9403,0.7406,0.0169,0.7998,0.933,0.1869,clean,N/A,HIGH,external_debt_pct_gni,True
ISL,ISL,2019,6.596,6.146,0.45,0.45,0.718,0.143,0.43,0.674,0.654,0.539,0.491,Moderate Potential,0.25,0.555,0.936,FO,Fragile Opportunity,Advanced Economy,structural,0.3276,0.4147,0.3853,0.2727,0.8637,0.5387,0.4123,0.8475,0.3409,0.9702,0.9693,0.9691,0.7726,0.2353,0.7529,0.8585,0.9462,0.1792,0.5255,0.9361,0.9479,0.4888,clean,N/A,HIGH,external_debt_pct_gni,True
ISL,ISL,2020,5.971,5.521,0.45,0.45,0.647,0.176,0.338,0.638,0.466,0.492,0.424,Moderate Potential,0.25,0.465,0.703,FO,Fragile Opportunity,Knowledge / Service Economy,structural,0.3191,0.298,0.4127,0.3829,0.8526,0.5466,0.4311,0.6558,0.3674,0.9546,0.9672,0.9703,0.7957,0.293,0.7649,0.8587,0.9471,0.0514,0.8943,0.7029,0.8585,0.2081,clean,N/A,HIGH,external_debt_pct_gni,True
ISL,ISL,2021,7.132,6.682,0.45,0.45,0.851,0.07,0.598,0.653,0.776,0.605,0.441,Moderate Potential,0.25,0.642,0.553,RO,Robust Opportunity,Advanced Economy,structural,0.4584,0.4973,0.4356,0.4479,0.8868,0.5766,0.4363,0.4103,0.5112,0.9559,0.9683,0.9722,0.7942,0.4008,0.6921,0.8455,0.9576,0.6027,0.9647,0.553,0.8084,0.3677,clean,N/A,HIGH,external_debt_pct_gni,True
ISL,ISL,2022,7.257,6.807,0.45,0.45,0.949,0.026,0.692,0.648,0.831,0.605,0.328,Low Takeoff Signal,0.25,0.661,0.199,RO,Robust Opportunity,Advanced Economy,structural,0.7836,0.8733,0.5467,0.4964,0.8639,0.5985,0.4704,0.4708,0.321,0.9508,0.9625,0.9609,0.7947,0.7202,0.753,0.8474,0.9418,0.8179,0.9807,0.1994,0.7624,0.5758,clean,N/A,HIGH,external_debt_pct_gni,True
ISL,ISL,2023,7.05,6.6,0.45,0.45,0.946,0.08,0.607,0.687,0.808,0.475,0.276,Low Takeoff Signal,0.25,0.549,0.139,RO,Robust Opportunity,Advanced Economy,structural,0.705,0.5596,0.6323,0.6012,0.839,0.5576,0.531,0.5963,0.3306,0.9422,0.9617,0.9629,0.7946,0.7256,0.7414,0.8598,0.9384,0.9806,0.9725,0.1394,0.7006,0.0341,clean,N/A,HIGH,external_debt_pct_gni,True
ISL,ISL,2024,6.863,6.413,0.45,0.45,0.836,0.115,0.514,0.667,0.671,0.532,0.388,Low Takeoff Signal,0.25,0.537,0.445,RO,Robust Opportunity,Advanced Economy,structural,0.1606,0.3294,0.6056,0.6626,0.8377,0.5646,0.5557,0.4328,0.2795,0.9495,0.9635,0.971,0.7947,0.2289,0.7349,0.8738,0.9327,0.227,0.9741,0.445,0.9565,0.4907,clean,N/A,HIGH,external_debt_pct_gni,True
ISR,ISR,2010,8.315,7.443,0.872,0.872,0.862,0.063,0.522,0.548,0.722,,0.497,Moderate Potential,0.45,0.546,0.5,RO,Robust Opportunity,Advanced Economy,structural,0.5623,0.5431,0.4128,0.3358,0.7975,0.7732,0.195,0.5896,0.3841,0.2623,0.8657,0.8177,0.7991,0.5135,0.611,0.8884,0.8844,,,,,,clean,N/A,HIGH,external_debt_pct_gni,False
ISR,ISR,2011,8.437,7.565,0.872,0.872,0.882,0.05,0.533,0.539,0.755,,0.501,Moderate Potential,0.45,0.559,0.5,RO,Robust Opportunity,Advanced Economy,structural,0.6259,0.4786,0.4054,0.4157,0.7899,0.711,0.2212,0.542,0.3448,0.2654,0.8825,0.8234,0.8075,0.5902,0.6857,0.8875,0.9093,,,,,,clean,N/A,HIGH,external_debt_pct_gni,False
ISR,ISR,2012,7.735,6.863,0.872,0.872,0.825,0.09,0.48,0.544,0.687,0.582,0.529,Moderate Potential,0.45,0.552,0.609,RO,Robust Opportunity,Advanced Economy,structural,0.4338,0.4168,0.4386,0.4347,0.7764,0.7576,0.2456,0.5331,0.3826,0.2811,0.874,0.8365,0.7964,0.4145,0.6833,0.8874,0.8934,0.2622,0.6031,0.6087,0.7965,0.6853,clean,N/A,HIGH,external_debt_pct_gni,True
ISR,ISR,2013,8.206,7.334,0.872,0.872,0.88,0.075,0.51,0.543,0.736,0.61,0.579,Pre-Breakout Signal,0.45,0.591,0.758,RO,Robust Opportunity,Advanced Economy,structural,0.5617,0.4762,0.462,0.3702,0.7568,0.6663,0.2891,0.6177,0.3642,0.252,0.8832,0.8387,0.7968,0.5362,0.7283,0.8876,0.8903,0.4156,0.8652,0.7584,0.8387,0.3859,clean,N/A,HIGH,external_debt_pct_gni,True
ISR,ISR,2014,7.996,7.124,0.872,0.872,0.835,0.09,0.488,0.559,0.729,0.631,0.587,Pre-Breakout Signal,0.459,0.597,0.766,RO,Robust Opportunity,Advanced Economy,structural,0.5444,0.4334,0.421,0.3968,0.7434,0.7486,0.3092,0.7229,0.2019,0.3263,0.8843,0.8413,0.7975,0.4973,0.7237,0.8851,0.8905,0.4733,0.5894,0.7656,0.9003,0.5948,clean,N/A,HIGH,external_debt_pct_gni,True
ISR,ISR,2015,7.624,6.752,0.872,0.872,0.775,0.118,0.46,0.595,0.696,0.674,0.574,Pre-Breakout Signal,0.405,0.603,0.813,RO,Robust Opportunity,Advanced Economy,structural,0.423,0.4324,0.4422,0.3688,0.7336,0.6766,0.3799,0.8538,0.4508,0.3184,0.8999,0.8608,0.7588,0.3731,0.7554,0.8841,0.8952,0.4592,0.6672,0.8132,0.9036,0.7441,clean,N/A,HIGH,external_debt_pct_gni,True
ISR,ISR,2016,8.251,7.379,0.872,0.872,0.86,0.086,0.522,0.573,0.763,0.69,0.622,Pre-Breakout Signal,0.449,0.642,0.875,RO,Robust Opportunity,Advanced Economy,structural,0.6782,0.471,0.4785,0.4204,0.7385,0.6017,0.4374,0.8254,0.2263,0.452,0.8926,0.9031,0.7952,0.6186,0.7732,0.8824,0.9134,0.5952,0.6034,0.8752,0.9118,0.8061,clean,N/A,HIGH,external_debt_pct_gni,True
ISR,ISR,2017,7.863,6.991,0.872,0.872,0.838,0.077,0.526,0.568,0.766,0.659,0.546,Moderate Potential,0.436,0.609,0.623,RO,Robust Opportunity,Advanced Economy,structural,0.5844,0.4271,0.478,0.4308,0.7248,0.5698,0.4704,0.8027,0.3277,0.4063,0.893,0.8474,0.7973,0.5172,0.8002,0.8828,0.9092,0.5653,0.6963,0.623,0.8781,0.6593,clean,N/A,HIGH,external_debt_pct_gni,True
ISR,ISR,2018,7.753,6.881,0.872,0.872,0.862,0.065,0.541,0.569,0.756,0.583,0.48,Moderate Potential,0.442,0.593,0.414,RO,Robust Opportunity,Advanced Economy,structural,0.597,0.4802,0.4938,0.4595,0.7257,0.5356,0.4709,0.755,0.3792,0.439,0.8838,0.829,0.7639,0.5042,0.7931,0.8828,0.904,0.6143,0.9122,0.4137,0.8897,0.3873,clean,N/A,HIGH,external_debt_pct_gni,True
ISR,ISR,2019,6.725,5.853,0.872,0.872,0.832,0.066,0.518,0.573,0.753,0.458,0.239,Low Takeoff Signal,0.25,0.506,0.095,FO,Fragile Opportunity,Advanced Economy,structural,0.5922,0.4504,0.4545,0.4566,0.7201,0.5395,0.4967,0.7393,0.4178,0.3949,0.8829,0.8396,0.7657,0.5216,0.8021,0.8833,0.9138,0.5285,0.765,0.0947,0.7909,0.1661,clean,N/A,HIGH,external_debt_pct_gni,True
ISR,ISR,2020,6.692,5.82,0.872,0.872,0.837,0.1,0.453,0.545,0.607,0.478,0.223,Low Takeoff Signal,0.25,0.452,0.085,FO,Fragile Opportunity,Knowledge / Service Economy,structural,0.5952,0.5177,0.5503,0.5807,0.7219,0.5547,0.492,0.7961,0.4168,0.3416,0.8729,0.808,0.7836,0.563,0.8154,0.881,0.9086,0.4304,0.7517,0.0853,0.7538,0.3767,clean,N/A,HIGH,external_debt_pct_gni,True
ISR,ISR,2021,7.245,6.373,0.872,0.872,0.893,0.016,0.651,0.586,0.842,0.54,0.291,Low Takeoff Signal,0.25,0.604,0.149,RO,Robust Opportunity,Advanced Economy,structural,0.7875,0.5663,0.4661,0.6159,0.7318,0.5931,0.5052,0.7049,0.6024,0.297,0.8723,0.8686,0.7818,0.7192,0.8014,0.8801,0.9071,0.7381,0.4476,0.1487,0.6158,0.7529,clean,N/A,HIGH,external_debt_pct_gni,True
ISR,ISR,2022,7.232,6.36,0.872,0.872,0.894,0.027,0.623,0.572,0.81,0.504,0.286,Low Takeoff Signal,0.25,0.567,0.15,RO,Robust Opportunity,Advanced Economy,structural,0.6441,0.4935,0.5414,0.6515,0.721,0.6594,0.5479,0.6895,0.4157,0.2106,0.8596,0.8631,0.7823,0.5991,0.7966,0.8807,0.9024,0.8469,0.1446,0.1504,0.8084,0.7232,clean,N/A,HIGH,external_debt_pct_gni,True
ISR,ISR,2023,6.191,5.319,0.872,0.872,0.775,0.08,0.513,0.561,0.675,0.38,0.176,Low Takeoff Signal,0.25,0.397,0.045,FO,Fragile Opportunity,Advanced Economy,stable,0.4069,0.3587,0.5259,0.6539,0.7381,0.5892,0.5351,0.7231,0.3306,0.1691,0.827,0.8624,0.7822,0.2743,0.8101,0.8785,0.8902,0.2181,0.171,0.0455,0.5973,0.4265,clean,N/A,HIGH,external_debt_pct_gni,True
ISR,ISR,2024,5.789,4.917,0.872,0.872,0.719,0.08,0.457,0.54,0.7,0.38,0.148,Low Takeoff Signal,0.25,0.315,0.033,FO,Fragile Opportunity,Advanced Economy,structural,0.2865,0.2705,0.4756,0.5106,0.7241,0.576,0.4582,0.7146,0.257,0.1883,0.8096,0.8574,0.7824,0.2901,0.805,0.8788,0.9022,0.1604,0.0483,0.0334,0.3385,0.1246,clean,N/A,HIGH,external_debt_pct_gni,True
ITA,ITA,2010,6.248,5.44,0.808,0.808,0.51,0.124,0.419,0.513,0.47,,0.469,Moderate Potential,0.45,0.462,0.5,SR,Structural Risk,Diversified Emerging Market,structural,0.1641,0.4785,0.3479,0.2999,0.8329,0.8133,0.0151,0.4206,0.1245,0.8071,0.7681,0.6523,0.8007,0.2289,0.1909,0.8096,0.8104,,,,,,clean,N/A,HIGH,external_debt_pct_gni,False
ITA,ITA,2011,6.157,5.349,0.808,0.808,0.493,0.121,0.42,0.505,0.465,,0.468,Moderate Potential,0.45,0.46,0.5,SR,Structural Risk,Advanced Economy,structural,0.2759,0.4459,0.3583,0.2901,0.8251,0.6492,0.0169,0.447,0.1937,0.7898,0.7905,0.6643,0.8101,0.3424,0.1727,0.8087,0.7269,,,,,,clean,N/A,HIGH,external_debt_pct_gni,False
ITA,ITA,2012,4.995,4.187,0.808,0.808,0.329,0.136,0.373,0.509,0.363,0.38,0.531,Reform Story,0.45,0.411,0.868,SR,Structural Risk,Advanced Economy,structural,0.2,0.4381,0.3766,0.1912,0.802,0.7043,0.0147,0.5207,0.1396,0.7929,0.7925,0.6377,0.7988,0.2434,0.0941,0.8077,0.7259,0.0775,0.4203,0.868,0.1605,0.3658,clean,N/A,HIGH,external_debt_pct_gni,True
ITA,ITA,2013,4.851,4.043,0.808,0.808,0.307,0.14,0.375,0.515,0.346,0.38,0.524,Reform Story,0.45,0.415,0.82,SR,Structural Risk,Advanced Economy,structural,0.1497,0.4216,0.3441,0.1683,0.7813,0.7374,0.0156,0.5671,0.1779,0.7729,0.797,0.5906,0.7997,0.2041,0.0566,0.8069,0.7306,0.0592,0.5576,0.8196,0.067,0.3219,clean,N/A,HIGH,external_debt_pct_gni,True
ITA,ITA,2014,4.991,4.183,0.808,0.808,0.352,0.149,0.396,0.526,0.348,0.495,0.495,Moderate Potential,0.366,0.475,0.737,SR,Structural Risk,Diversified Emerging Market,structural,0.1672,0.4465,0.3947,0.1596,0.773,0.7391,0.0127,0.6367,0.2039,0.781,0.7948,0.591,0.8006,0.2858,0.0371,0.8055,0.7003,0.5578,0.6035,0.7366,0.0367,0.5423,clean,N/A,HIGH,external_debt_pct_gni,True
ITA,ITA,2015,5.019,4.211,0.808,0.808,0.41,0.14,0.413,0.515,0.394,0.522,0.416,Moderate Potential,0.36,0.518,0.38,SR,Structural Risk,Diversified Emerging Market,structural,0.2953,0.485,0.3525,0.1849,0.7653,0.6516,0.0175,0.7176,0.2584,0.7623,0.7603,0.6086,0.764,0.4553,0.045,0.806,0.7649,0.6787,0.662,0.3804,0.1403,0.8367,clean,N/A,HIGH,external_debt_pct_gni,True
ITA,ITA,2016,5.054,4.246,0.808,0.808,0.457,0.144,0.416,0.523,0.427,0.585,0.356,Low Takeoff Signal,0.433,0.565,0.165,SR,Structural Risk,Advanced Economy,structural,0.3125,0.4665,0.3461,0.2013,0.7557,0.5938,0.0218,0.7814,0.4058,0.7618,0.7575,0.6233,0.8006,0.499,0.0549,0.808,0.7735,0.9346,0.7744,0.165,0.6477,0.6141,clean,N/A,HIGH,external_debt_pct_gni,True
ITA,ITA,2017,4.786,3.978,0.808,0.808,0.461,0.126,0.43,0.507,0.464,0.533,0.275,Low Takeoff Signal,0.427,0.534,0.076,SR,Structural Risk,Advanced Economy,structural,0.3035,0.44,0.4104,0.1934,0.7597,0.566,0.0258,0.7528,0.3315,0.726,0.7526,0.6535,0.8012,0.4586,0.0703,0.8128,0.7725,0.9484,0.5498,0.0758,0.8235,0.5408,clean,N/A,HIGH,external_debt_pct_gni,True
ITA,ITA,2018,4.699,3.891,0.808,0.808,0.447,0.12,0.419,0.5,0.462,0.502,0.272,Low Takeoff Signal,0.483,0.476,0.072,SR,Structural Risk,Diversified Emerging Market,structural,0.2039,0.4438,0.457,0.2023,0.7639,0.5356,0.0264,0.7334,0.2313,0.7618,0.7479,0.6731,0.7684,0.3091,0.0881,0.8141,0.7542,0.6765,0.7334,0.0723,0.7792,0.2779,clean,N/A,HIGH,external_debt_pct_gni,True
ITA,ITA,2019,5.538,4.73,0.808,0.808,0.516,0.13,0.412,0.526,0.512,0.566,0.4,Moderate Potential,0.25,0.511,0.521,SR,Structural Risk,Advanced Economy,structural,0.265,0.4416,0.4271,0.2,0.7669,0.5396,0.031,0.7375,0.4077,0.7431,0.78,0.6791,0.7696,0.4526,0.1244,0.8152,0.7965,0.4158,0.7647,0.5208,0.6755,0.4689,clean,N/A,HIGH,external_debt_pct_gni,True
ITA,ITA,2020,5.342,4.534,0.808,0.808,0.458,0.17,0.327,0.548,0.316,0.503,0.433,Reform Story,0.25,0.434,0.822,SR,Structural Risk,Knowledge / Service Economy,structural,0.2129,0.4318,0.459,0.2368,0.7678,0.5539,0.0386,0.7854,0.4895,0.7503,0.7893,0.7587,0.7933,0.2786,0.1775,0.8162,0.736,0.1647,0.6313,0.8224,0.4802,0.4866,clean,N/A,HIGH,external_debt_pct_gni,True
ITA,ITA,2021,6.986,6.178,0.808,0.808,0.703,0.089,0.604,0.554,0.589,0.633,0.523,Moderate Potential,0.25,0.653,0.955,RO,Robust Opportunity,Advanced Economy,structural,0.7594,0.5397,0.4314,0.4034,0.7678,0.5835,0.0469,0.6532,0.4496,0.7924,0.8011,0.7686,0.7911,0.8283,0.1566,0.8199,0.7628,0.7331,0.5426,0.9548,0.4337,0.7047,clean,N/A,HIGH,external_debt_pct_gni,True
ITA,ITA,2022,7.254,6.446,0.808,0.808,0.761,0.07,0.58,0.533,0.642,0.583,0.51,Moderate Potential,0.25,0.616,0.938,RO,Robust Opportunity,Advanced Economy,structural,0.5504,0.5062,0.5219,0.5147,0.7553,0.5581,0.038,0.4969,0.3753,0.7818,0.8027,0.7825,0.7916,0.6545,0.2433,0.8225,0.7792,0.9657,0.3866,0.9378,0.7752,0.2761,clean,N/A,HIGH,external_debt_pct_gni,True
ITA,ITA,2023,6.925,6.117,0.808,0.808,0.711,0.12,0.47,0.546,0.59,0.647,0.494,Moderate Potential,0.25,0.581,0.906,FO,Fragile Opportunity,Advanced Economy,structural,0.3334,0.3897,0.4736,0.4806,0.7548,0.6052,0.0456,0.5628,0.2773,0.7964,0.8235,0.7853,0.7915,0.4572,0.248,0.8204,0.8066,0.5115,0.6031,0.9065,0.6201,0.7515,clean,N/A,HIGH,external_debt_pct_gni,True
ITA,ITA,2024,6.782,5.974,0.808,0.808,0.694,0.111,0.46,0.546,0.605,0.584,0.479,Moderate Potential,0.25,0.566,0.842,RO,Robust Opportunity,Advanced Economy,structural,0.272,0.3888,0.4394,0.4606,0.751,0.5899,0.0406,0.6218,0.2895,0.7644,0.8149,0.78,0.7916,0.3935,0.3258,0.8204,0.7911,0.2134,0.6128,0.8421,0.9315,0.5933,clean,N/A,HIGH,external_debt_pct_gni,True
JAM,JAM,2010,4.12,3.718,0.402,0.402,0.21,0.093,0.346,0.241,0.361,,0.44,Moderate Potential,0.45,0.385,0.5,SL,Stable / Low Opportunity,Diversified Emerging Market,structural,0.0462,0.4031,0.3723,0.255,0.6959,0.0756,0.0043,0.3275,0.0103,0.4039,0.4065,0.4644,0.7589,0.0637,0.3986,0.5055,0.6277,,,,,,clean,N/A,MEDIUM,export_growth; gross_capital_formation,False
JAM,JAM,2011,5.21,4.808,0.402,0.402,0.399,0.079,0.392,0.33,0.508,,0.459,Moderate Potential,0.45,0.435,0.5,SL,Stable / Low Opportunity,Diversified Emerging Market,structural,0.3436,0.4334,0.3504,0.23,0.7112,0.5495,0.0057,0.2347,0.0135,0.5666,0.4558,0.5353,0.7614,0.4119,0.4069,0.5323,0.6078,,,,,,clean,N/A,MEDIUM,export_growth; gross_capital_formation,False
JAM,JAM,2012,3.993,4.056,-0.063,0.402,0.336,0.12,0.371,0.318,0.442,0.646,0.484,Moderate Potential,0.45,0.534,0.47,SR,Structural Risk,Diversified Emerging Market,cyclical,0.2929,0.414,0.427,0.1724,0.6943,0.3285,0.0058,0.3236,0.0295,0.6382,0.4214,0.463,0.756,0.3392,0.3282,0.5196,0.5199,0.7132,0.7213,0.4697,0.5749,0.8057,clean,N/A,MEDIUM,export_growth; gross_capital_formation,True
JAM,JAM,2013,4.748,4.346,0.402,0.402,0.334,0.115,0.391,0.316,0.435,0.633,0.567,Pre-Breakout Signal,0.45,0.547,0.773,SL,Stable / Low Opportunity,Diversified Emerging Market,structural,0.2786,0.4571,0.456,0.2298,0.5743,0.1889,0.0112,0.2947,0.0626,0.6811,0.4738,0.4582,0.7534,0.3556,0.2365,0.5151,0.5444,0.7361,0.9599,0.7731,0.7195,0.2094,clean,N/A,MEDIUM,export_growth; gross_capital_formation,True
JAM,JAM,2014,4.542,4.14,0.402,0.402,0.354,0.122,0.39,0.339,0.448,0.659,0.48,Moderate Potential,0.234,0.574,0.902,SR,Structural Risk,Diversified Emerging Market,structural,0.2177,0.4364,0.4749,0.2261,0.5766,0.3615,0.0108,0.2645,0.0423,0.6065,0.5046,0.4581,0.7474,0.3219,0.2459,0.5113,0.5594,0.7674,0.9483,0.9017,0.8056,0.296,clean,N/A,MEDIUM,export_growth; gross_capital_formation,True
JAM,JAM,2015,5.294,4.892,0.402,0.402,0.421,0.117,0.41,0.389,0.467,0.634,0.588,Pre-Breakout Signal,0.424,0.564,0.904,SL,Stable / Low Opportunity,Diversified Emerging Market,structural,0.2984,0.4861,0.5181,0.248,0.5525,0.5654,0.0325,0.5092,0.0709,0.6285,0.5182,0.4748,0.7188,0.4105,0.2496,0.5165,0.5781,0.648,0.9163,0.9043,0.9036,0.2748,clean,N/A,MEDIUM,export_growth; gross_capital_formation,True
JAM,JAM,2016,5.93,5.528,0.402,0.402,0.52,0.135,0.441,0.416,0.512,0.75,0.616,Pre-Breakout Signal,0.402,0.648,0.957,SR,Structural Risk,Diversified Emerging Market,structural,0.4842,0.4766,0.6217,0.2338,0.5822,0.5798,0.0572,0.6633,0.1195,0.662,0.5267,0.4978,0.7481,0.6253,0.2646,0.5216,0.5793,0.9113,0.9254,0.9566,0.9118,0.9574,market_depth_limited,MEDIUM,MEDIUM,export_growth; gross_capital_formation,True
JAM,JAM,2017,6.231,5.829,0.402,0.402,0.524,0.126,0.459,0.406,0.531,0.75,0.695,Pre-Breakout Signal,0.55,0.683,0.928,SR,Structural Risk,Diversified Emerging Market,structural,0.369,0.4368,0.4928,0.4307,0.5263,0.5385,0.11,0.4682,0.1426,0.6757,0.5379,0.5012,0.7463,0.4891,0.3307,0.5309,0.5668,0.9095,0.9435,0.9282,0.8781,0.9504,market_depth_limited,MEDIUM,MEDIUM,export_growth; gross_capital_formation,True
JAM,JAM,2018,6.517,6.115,0.402,0.402,0.652,0.093,0.537,0.409,0.568,0.68,0.582,Pre-Breakout Signal,0.568,0.648,0.528,RO,Robust Opportunity,Diversified Emerging Market,structural,0.3944,0.4498,0.4824,0.8869,0.5138,0.5355,0.1496,0.5259,0.0642,0.6822,0.5167,0.4969,0.7133,0.5525,0.4326,0.5366,0.5876,0.9162,0.6241,0.5279,0.933,0.7925,market_depth_limited,MEDIUM,MEDIUM,export_growth; gross_capital_formation,True
JAM,JAM,2019,5.101,4.699,0.402,0.402,0.549,0.061,0.458,0.424,0.579,0.413,0.342,Low Takeoff Signal,0.2,0.469,0.442,SL,Stable / Low Opportunity,High-Growth Emerging Market,structural,0.3932,0.4499,0.4499,0.5152,0.5429,0.5362,0.1643,0.503,0.1869,0.6858,0.5018,0.536,0.7592,0.5155,0.4998,0.555,0.5798,0.483,0.0376,0.4422,0.9479,0.3521,clean,N/A,MEDIUM,export_growth; gross_capital_formation,True
JAM,JAM,2020,3.664,3.262,0.402,0.402,0.311,0.127,0.259,0.42,0.334,0.38,0.301,Low Takeoff Signal,0.2,0.299,0.489,SR,Structural Risk,Diversified Emerging Market,structural,0.2372,0.361,0.4996,0.2338,0.4707,0.5435,0.1812,0.5247,0.1791,0.679,0.5302,0.5142,0.7813,0.2723,0.4445,0.5493,0.5813,0.1514,0.0171,0.4889,0.8549,0.0625,clean,N/A,MEDIUM,export_growth; gross_capital_formation,True
JAM,JAM,2021,5.742,5.34,0.402,0.402,0.584,0.06,0.497,0.445,0.637,0.513,0.468,Moderate Potential,0.35,0.534,0.562,RO,Robust Opportunity,High-Growth Emerging Market,structural,0.5043,0.4695,0.4418,0.284,0.5395,0.5607,0.2676,0.602,0.1391,0.6826,0.5483,0.5214,0.7813,0.5611,0.5275,0.5487,0.6094,0.7069,0.0356,0.5625,0.8833,0.5079,clean,N/A,MEDIUM,export_growth; gross_capital_formation,True
JAM,JAM,2022,6.568,6.166,0.402,0.402,0.748,0.053,0.556,0.488,0.676,0.553,0.453,Moderate Potential,0.2,0.58,0.878,RO,Robust Opportunity,High-Growth Emerging Market,structural,0.655,0.7249,0.5046,0.4891,0.4852,0.6018,0.3689,0.5339,0.2101,0.795,0.5613,0.5285,0.7819,0.735,0.6044,0.565,0.6144,0.7634,0.0752,0.8783,0.8874,0.4382,market_depth_limited,MEDIUM,MEDIUM,export_growth; gross_capital_formation,True
JAM,JAM,2023,6.52,6.118,0.402,0.402,0.74,0.11,0.455,0.533,0.651,0.645,0.451,Moderate Potential,0.2,0.586,0.86,RO,Robust Opportunity,Diversified Emerging Market,structural,0.4912,0.3616,0.4925,0.5117,0.5372,0.5635,0.4082,0.6906,0.2919,0.7972,0.5593,0.5061,0.7817,0.6088,0.6952,0.5827,0.6021,0.7593,0.2248,0.8604,0.9658,0.7606,market_depth_limited,MEDIUM,MEDIUM,export_growth; gross_capital_formation,True
JAM,JAM,2024,5.481,5.079,0.402,0.402,0.579,0.12,0.404,0.539,0.571,0.538,0.403,Moderate Potential,0.2,0.509,0.698,FO,Fragile Opportunity,Diversified Emerging Market,structural,0.1856,0.4184,0.4451,0.5141,0.5112,0.5628,0.4439,0.6153,0.328,0.8185,0.5607,0.5307,0.7819,0.2804,0.6847,0.5822,0.5742,0.2603,0.3874,0.6979,0.9726,0.5944,clean,N/A,MEDIUM,export_growth; gross_capital_formation,True
JOR,JOR,2010,5.986,5.513,0.473,0.473,0.502,0.091,0.559,0.418,0.387,,0.5,Moderate Potential,0.45,0.557,0.5,SL,Stable / Low Opportunity,Diversified Emerging Market,structural,0.2211,0.5542,0.5051,0.9123,0.6656,0.4962,0.2911,0.3307,0.2463,0.4059,0.614,0.5768,0.759,0.1564,0.1491,0.8731,0.5612,,,,,,clean,N/A,HIGH,export_growth,False
JOR,JOR,2011,6.139,5.666,0.473,0.473,0.533,0.091,0.534,0.44,0.426,,0.497,Moderate Potential,0.45,0.546,0.5,SL,Stable / Low Opportunity,Diversified Emerging Market,structural,0.4162,0.45,0.4564,0.7896,0.6561,0.6823,0.2715,0.2971,0.2438,0.3341,0.6547,0.6234,0.7338,0.3334,0.1432,0.8729,0.6059,,,,,,clean,N/A,HIGH,export_growth,False
JOR,JOR,2012,6.118,5.645,0.473,0.473,0.569,0.058,0.527,0.397,0.483,0.404,0.576,Pre-Breakout Signal,0.45,0.492,0.923,SL,Stable / Low Opportunity,Diversified Emerging Market,structural,0.4329,0.4387,0.4661,0.7594,0.632,0.4669,0.2113,0.2353,0.3047,0.3518,0.6602,0.6109,0.7251,0.4347,0.1937,0.873,0.6034,0.7052,0.1456,0.9228,0.0391,0.3776,clean,N/A,HIGH,export_growth,True
JOR,JOR,2013,5.287,4.814,0.473,0.473,0.451,0.084,0.499,0.408,0.415,0.442,0.522,Moderate Potential,0.45,0.462,0.715,SL,Stable / Low Opportunity,Diversified Emerging Market,structural,0.4383,0.4449,0.5296,0.5798,0.603,0.5819,0.2018,0.2809,0.2411,0.3263,0.6534,0.6144,0.7684,0.1726,0.1872,0.8736,0.5706,0.7125,0.5216,0.7147,0.0286,0.2316,clean,N/A,HIGH,export_growth,True
JOR,JOR,2014,4.771,4.298,0.473,0.473,0.402,0.104,0.517,0.434,0.356,0.472,0.452,Moderate Potential,0.369,0.498,0.512,SL,Stable / Low Opportunity,Diversified Emerging Market,structural,0.4983,0.4735,0.5163,0.552,0.614,0.6501,0.2098,0.2956,0.2868,0.3194,0.6346,0.6252,0.7674,0.0198,0.2165,0.8729,0.5822,0.8298,0.6035,0.5116,0.0383,0.457,clean,N/A,HIGH,export_growth,True
JOR,JOR,2015,4.403,3.93,0.473,0.473,0.379,0.121,0.483,0.446,0.338,0.526,0.384,Low Takeoff Signal,0.292,0.522,0.368,SR,Structural Risk,Diversified Emerging Market,structural,0.4493,0.4843,0.4549,0.5003,0.6049,0.6893,0.2227,0.2299,0.33,0.3065,0.639,0.6876,0.7134,0.0487,0.1429,0.8713,0.5968,0.6496,0.6645,0.3684,0.1964,0.7984,clean,N/A,HIGH,export_growth,True
JOR,JOR,2016,4.407,3.934,0.473,0.473,0.37,0.126,0.454,0.431,0.35,0.562,0.399,Low Takeoff Signal,0.305,0.532,0.39,SR,Structural Risk,Diversified Emerging Market,structural,0.3947,0.4602,0.4884,0.4368,0.5963,0.5898,0.2635,0.2086,0.3917,0.3672,0.6489,0.6539,0.7555,0.1175,0.0726,0.8699,0.5672,0.5671,0.4409,0.3896,0.6635,0.9574,clean,N/A,HIGH,export_growth,True
JOR,JOR,2017,4.992,4.519,0.473,0.473,0.421,0.106,0.488,0.423,0.405,0.553,0.485,Moderate Potential,0.356,0.533,0.621,SL,Stable / Low Opportunity,Diversified Emerging Market,structural,0.3872,0.4355,0.4807,0.5188,0.5974,0.5515,0.2936,0.1162,0.3618,0.409,0.6607,0.6466,0.7722,0.2991,0.0639,0.871,0.5709,0.504,0.3005,0.6206,0.8274,0.5877,clean,N/A,HIGH,export_growth,True
JOR,JOR,2018,4.35,3.877,0.473,0.473,0.335,0.099,0.469,0.433,0.356,0.38,0.436,Moderate Potential,0.374,0.429,0.53,SL,Stable / Low Opportunity,Diversified Emerging Market,structural,0.3189,0.4777,0.458,0.4722,0.6071,0.5354,0.3117,0.2487,0.322,0.4498,0.6433,0.6037,0.7484,0.2126,0.0347,0.8745,0.5593,0.2452,0.1033,0.53,0.7674,0.1757,clean,N/A,HIGH,export_growth,True
JOR,JOR,2019,4.368,3.895,0.473,0.473,0.329,0.11,0.42,0.455,0.376,0.38,0.449,Moderate Potential,0.45,0.416,0.49,SL,Stable / Low Opportunity,Diversified Emerging Market,structural,0.3873,0.4384,0.4257,0.3286,0.6014,0.5394,0.2929,0.5119,0.3418,0.4677,0.6362,0.6015,0.771,0.3074,0.0409,0.8733,0.5906,0.3408,0.1006,0.4896,0.666,0.2501,clean,N/A,HIGH,export_growth,True
JOR,JOR,2020,4.359,3.886,0.473,0.473,0.395,0.127,0.365,0.421,0.309,0.459,0.348,Low Takeoff Signal,0.45,0.413,0.211,SR,Structural Risk,Diversified Emerging Market,structural,0.6486,0.4007,0.4991,0.4046,0.609,0.5542,0.337,0.2633,0.3256,0.454,0.6242,0.611,0.7935,0.6172,0.0357,0.8797,0.6236,0.7436,0.1464,0.2106,0.6685,0.5255,clean,N/A,HIGH,export_growth,True
JOR,JOR,2021,3.791,3.318,0.473,0.473,0.338,0.076,0.547,0.387,0.355,0.38,0.275,Low Takeoff Signal,0.45,0.469,0.084,SL,Stable / Low Opportunity,High-Growth Emerging Market,structural,0.3314,0.5919,0.4332,0.5782,0.6068,0.596,0.2381,0.1951,0.2717,0.4342,0.6004,0.5669,0.792,0.277,0.0249,0.8774,0.6138,0.7178,0.0356,0.0836,0.0729,0.8562,clean,N/A,HIGH,export_growth,True
JOR,JOR,2022,4.342,3.869,0.473,0.473,0.354,0.08,0.538,0.4,0.358,0.38,0.404,Moderate Potential,0.45,0.472,0.298,SL,Stable / Low Opportunity,High-Growth Emerging Market,structural,0.4044,0.7338,0.5085,0.5452,0.6136,0.6716,0.1895,0.2612,0.2767,0.4623,0.6243,0.5733,0.7926,0.3719,0.0212,0.8773,0.6321,0.4598,0.3633,0.2976,0.03,0.8976,clean,N/A,HIGH,export_growth,True
JOR,JOR,2023,4.878,4.405,0.473,0.473,0.457,0.106,0.51,0.434,0.393,0.53,0.399,Low Takeoff Signal,0.2,0.519,0.659,SL,Stable / Low Opportunity,Diversified Emerging Market,structural,0.504,0.4795,0.5558,0.6027,0.6381,0.5978,0.1976,0.3834,0.2314,0.4636,0.6449,0.613,0.7924,0.4763,0.0277,0.8764,0.6728,0.4638,0.8902,0.6589,0.0506,0.7291,clean,N/A,HIGH,export_growth,True
JOR,JOR,2024,4.849,4.376,0.473,0.473,0.432,0.106,0.504,0.429,0.386,0.526,0.429,Moderate Potential,0.2,0.535,0.805,SL,Stable / Low Opportunity,Diversified Emerging Market,structural,0.435,0.4808,0.4831,0.6118,0.6274,0.601,0.1958,0.2794,0.2142,0.4715,0.6641,0.6838,0.7926,0.4661,0.0268,0.8772,0.6563,0.3077,0.8543,0.8055,0.2275,0.5933,clean,N/A,HIGH,export_growth,True
JPN,JPN,2010,8.67,7.472,1.198,1.198,0.872,0.091,0.48,0.625,0.771,,0.49,Moderate Potential,0.45,0.526,0.5,RO,Robust Opportunity,Advanced Economy,structural,0.3958,0.7,0.3394,0.3902,0.6402,0.9187,0.0001,0.601,0.0585,0.9048,0.9445,0.9428,0.8029,0.5699,0.7523,0.8776,0.9093,,,,,,clean,N/A,HIGH,secondary_school_enrolment; external_debt_pct_gni,False
JPN,JPN,2011,7.761,6.563,1.198,1.198,0.718,0.121,0.41,0.608,0.669,,0.469,Moderate Potential,0.45,0.462,0.5,FO,Fragile Opportunity,Advanced Economy,structural,0.2367,0.3996,0.3194,0.4203,0.7727,0.7945,0.0001,0.5539,0.0521,0.912,0.9497,0.9536,0.813,0.3327,0.778,0.8776,0.928,,,,,,clean,N/A,HIGH,secondary_school_enrolment; external_debt_pct_gni,False
JPN,JPN,2012,7.624,6.426,1.198,1.198,0.804,0.1,0.455,0.604,0.736,0.38,0.44,Moderate Potential,0.45,0.436,0.432,RO,Robust Opportunity,Advanced Economy,stable,0.3818,0.4235,0.3767,0.4391,0.7841,0.8438,0.0001,0.5454,0.0712,0.9041,0.9434,0.95,0.8024,0.4617,0.7786,0.877,0.9383,0.4772,0.4097,0.4316,0.0391,0.3783,clean,N/A,HIGH,secondary_school_enrolment; external_debt_pct_gni,True
JPN,JPN,2013,8.011,6.813,1.198,1.198,0.836,0.092,0.474,0.605,0.759,0.394,0.5,Moderate Potential,0.45,0.486,0.586,RO,Robust Opportunity,Advanced Economy,stable,0.389,0.4269,0.319,0.4714,0.7821,0.692,0.0001,0.5631,0.1779,0.9196,0.9477,0.9524,0.8032,0.5354,0.8095,0.8781,0.9307,0.6472,0.5606,0.5855,0.0286,0.1486,clean,N/A,HIGH,external_debt_pct_gni,True
JPN,JPN,2014,7.127,5.929,1.198,1.198,0.79,0.091,0.485,0.594,0.717,0.403,0.324,Low Takeoff Signal,0.114,0.476,0.699,RO,Robust Opportunity,Advanced Economy,stable,0.1877,0.5125,0.386,0.5109,0.772,0.5977,0.0001,0.5984,0.1475,0.931,0.9521,0.9557,0.8038,0.3331,0.8181,0.8774,0.9301,0.4909,0.6667,0.6989,0.0367,0.1216,clean,N/A,HIGH,external_debt_pct_gni,True
JPN,JPN,2015,7.687,6.489,1.198,1.198,0.826,0.092,0.485,0.621,0.757,0.535,0.424,Moderate Potential,0.235,0.556,0.615,RO,Robust Opportunity,Advanced Economy,structural,0.3565,0.4775,0.3356,0.5166,0.7707,0.6494,0.0002,0.7883,0.2584,0.94,0.9482,0.947,0.7659,0.5216,0.8361,0.8784,0.9388,0.6717,0.7034,0.6152,0.5405,0.1454,clean,N/A,HIGH,external_debt_pct_gni,True
JPN,JPN,2016,7.831,6.633,1.198,1.198,0.798,0.103,0.467,0.608,0.738,0.602,0.506,Moderate Potential,0.351,0.592,0.646,RO,Robust Opportunity,Advanced Economy,structural,0.2655,0.4595,0.3182,0.5071,0.7621,0.5965,0.0002,0.8313,0.2541,0.9331,0.9473,0.9437,0.8014,0.4239,0.8454,0.8805,0.9473,0.5533,0.6999,0.6463,0.8132,0.3606,clean,N/A,HIGH,external_debt_pct_gni,True
JPN,JPN,2017,8.254,7.056,1.198,1.198,0.82,0.093,0.496,0.602,0.764,0.643,0.591,Pre-Breakout Signal,0.587,0.605,0.579,RO,Robust Opportunity,Advanced Economy,structural,0.31,0.4517,0.4094,0.5473,0.751,0.5689,0.0003,0.8209,0.2147,0.9389,0.9535,0.9472,0.802,0.4548,0.8524,0.8808,0.9338,0.5588,0.5797,0.579,0.8281,0.7854,clean,N/A,HIGH,external_debt_pct_gni,True
JPN,JPN,2018,8.105,6.907,1.198,1.198,0.806,0.1,0.479,0.592,0.735,0.632,0.57,Pre-Breakout Signal,0.599,0.572,0.536,RO,Robust Opportunity,Advanced Economy,structural,0.188,0.4596,0.4408,0.5428,0.7519,0.5356,0.0003,0.7764,0.2147,0.9349,0.9541,0.9376,0.7704,0.3327,0.8623,0.8812,0.9319,0.5357,0.6299,0.5362,0.7583,0.7091,clean,N/A,HIGH,external_debt_pct_gni,True
JPN,JPN,2019,7.387,6.189,1.198,1.198,0.746,0.1,0.458,0.601,0.699,0.483,0.462,Moderate Potential,0.25,0.504,0.853,RO,Robust Opportunity,Advanced Economy,structural,0.2021,0.4288,0.4166,0.5622,0.7543,0.5396,0.0003,0.7486,0.3047,0.9321,0.954,0.9405,0.7692,0.306,0.8561,0.882,0.9329,0.1759,0.6471,0.8527,0.4022,0.4382,clean,N/A,HIGH,external_debt_pct_gni,True
JPN,JPN,2020,7.798,6.6,1.198,1.198,0.832,0.122,0.42,0.583,0.616,0.522,0.447,Moderate Potential,0.25,0.479,0.81,FO,Fragile Opportunity,Knowledge / Service Economy,structural,0.4638,0.4497,0.4915,0.609,0.762,0.5551,0.0007,0.7508,0.1595,0.9347,0.9556,0.94,0.7915,0.5534,0.8691,0.882,0.9369,0.438,0.7364,0.8097,0.1909,0.4924,clean,N/A,HIGH,external_debt_pct_gni,True
JPN,JPN,2021,7.878,6.68,1.198,1.198,0.832,0.064,0.56,0.625,0.808,0.578,0.469,Moderate Potential,0.25,0.597,0.738,RO,Robust Opportunity,Advanced Economy,structural,0.2615,0.4851,0.4248,0.6128,0.7668,0.6093,0.0007,0.7303,0.4242,0.9389,0.9569,0.9446,0.7929,0.3773,0.8589,0.8761,0.9361,0.7029,0.6492,0.7383,0.0493,0.8341,clean,N/A,HIGH,external_debt_pct_gni,True
JPN,JPN,2022,7.636,6.438,1.198,1.198,0.808,0.07,0.522,0.596,0.769,0.516,0.438,Moderate Potential,0.25,0.531,0.67,RO,Robust Opportunity,Advanced Economy,structural,0.2995,0.3813,0.4968,0.6268,0.7556,0.6781,0.0003,0.6461,0.1536,0.9516,0.9563,0.9444,0.7934,0.4038,0.8457,0.8809,0.9403,0.4187,0.4727,0.6699,0.2672,0.8647,clean,N/A,HIGH,external_debt_pct_gni,True
JPN,JPN,2023,8.157,6.959,1.198,1.198,0.901,0.084,0.518,0.639,0.784,0.546,0.443,Moderate Potential,0.25,0.553,0.664,RO,Robust Opportunity,Advanced Economy,structural,0.3758,0.4995,0.422,0.6578,0.7648,0.5895,0.0005,0.7237,0.3841,0.9484,0.9559,0.9355,0.7933,0.5425,0.8478,0.8786,0.9388,0.6343,0.4132,0.6639,0.5932,0.4239,clean,N/A,HIGH,external_debt_pct_gni,True
JPN,JPN,2024,7.571,6.373,1.198,1.198,0.807,0.092,0.494,0.606,0.744,0.381,0.42,Moderate Potential,0.25,0.481,0.659,RO,Robust Opportunity,Advanced Economy,stable,0.2277,0.4171,0.4231,0.6661,0.7613,0.5784,0.0005,0.7799,0.0844,0.9424,0.9555,0.9359,0.7934,0.3739,0.853,0.88,0.9326,0.2638,0.2202,0.6586,0.9726,0.0145,clean,N/A,HIGH,external_debt_pct_gni,True
KAZ,Kazakhstan,2010,6.786,6.006,0.78,0.78,0.589,0.078,0.573,0.422,0.439,,0.508,Moderate Potential,0.45,0.58,0.5,RO,Robust Opportunity,Diversified Emerging Market,structural,0.7462,0.3365,0.4717,0.5442,0.8051,0.3104,0.8599,0.5498,0.038,0.7677,0.2546,0.1751,0.1201,0.7682,0.8454,0.6336,0.3463,,,,,,clean,N/A,HIGH,,False
KAZ,Kazakhstan,2011,6.56,5.78,0.78,0.78,0.551,0.086,0.564,0.43,0.421,,0.501,Moderate Potential,0.45,0.559,0.5,SL,Stable / Low Opportunity,High-Growth Emerging Market,structural,0.7487,0.4043,0.5171,0.3941,0.7978,0.4834,0.8599,0.664,0.0923,0.423,0.3254,0.2009,0.1101,0.752,0.8535,0.6393,0.3767,,,,,,clean,N/A,HIGH,,False
KAZ,Kazakhstan,2012,6.556,5.776,0.78,0.78,0.588,0.101,0.554,0.419,0.432,0.623,0.584,Pre-Breakout Signal,0.45,0.591,0.779,RO,Robust Opportunity,High-Growth Emerging Market,structural,0.5514,0.4639,0.4974,0.4995,0.7869,0.4668,0.8495,0.552,0.1208,0.4412,0.3006,0.2059,0.1328,0.5514,0.8602,0.6535,0.3692,0.3534,0.6821,0.7791,0.5811,0.7512,clean,N/A,HIGH,,True
KAZ,Kazakhstan,2013,6.698,5.918,0.78,0.78,0.639,0.088,0.548,0.431,0.485,0.588,0.547,Moderate Potential,0.45,0.592,0.625,RO,Robust Opportunity,High-Growth Emerging Market,structural,0.7092,0.4446,0.4725,0.4789,0.7437,0.4774,0.8488,0.5903,0.1948,0.4264,0.3018,0.2,0.1693,0.728,0.8602,0.6608,0.3733,0.4278,0.5263,0.6246,0.6089,0.9291,clean,N/A,HIGH,,True
KAZ,Kazakhstan,2014,5.341,4.561,0.78,0.78,0.543,0.062,0.52,0.424,0.494,0.38,0.313,Low Takeoff Signal,0.122,0.443,0.627,SL,Stable / Low Opportunity,High-Growth Emerging Market,structural,0.5935,0.3987,0.4537,0.5511,0.7434,0.3006,0.8512,0.5172,0.1462,0.6042,0.3241,0.2408,0.1432,0.6049,0.8612,0.6796,0.4637,0.1091,0.2056,0.6275,0.5622,0.1971,clean,N/A,HIGH,,True
KAZ,Kazakhstan,2015,4.854,4.074,0.78,0.78,0.52,0.046,0.492,0.378,0.53,0.38,0.212,Low Takeoff Signal,0.054,0.374,0.54,SL,Stable / Low Opportunity,High-Growth Emerging Market,structural,0.323,0.4076,0.437,0.6469,0.7306,0.3186,0.8235,0.3871,0.1252,0.6166,0.3632,0.2403,0.339,0.3224,0.8652,0.6982,0.4852,0.0347,0.0215,0.54,0.4021,0.0741,clean,N/A,HIGH,,True
KAZ,Kazakhstan,2016,4.996,4.216,0.78,0.78,0.548,0.057,0.533,0.405,0.498,0.422,0.21,Low Takeoff Signal,0.034,0.377,0.882,SL,Stable / Low Opportunity,Diversified Emerging Market,structural,0.2988,0.4011,0.8773,0.6501,0.7108,0.5014,0.8578,0.414,0.0336,0.5798,0.3524,0.2506,0.2185,0.2867,0.8679,0.6966,0.4503,0.059,0.8306,0.8818,0.5119,0.0418,clean,N/A,HIGH,,True
KAZ,Kazakhstan,2017,5.771,4.991,0.78,0.78,0.614,0.078,0.555,0.439,0.526,0.578,0.326,Low Takeoff Signal,0.071,0.6,0.951,RO,Robust Opportunity,High-Growth Emerging Market,structural,0.5586,0.4646,0.4483,0.6108,0.7048,0.5268,0.8541,0.5069,0.1045,0.5933,0.3722,0.2661,0.1428,0.5329,0.8667,0.6953,0.5478,0.3435,0.6246,0.9512,0.6483,0.5233,clean,N/A,HIGH,,True
KAZ,Kazakhstan,2018,5.631,4.851,0.78,0.78,0.552,0.118,0.541,0.465,0.44,0.668,0.38,Low Takeoff Signal,0.1,0.652,0.967,SL,Stable / Low Opportunity,High-Growth Emerging Market,structural,0.6097,0.5166,0.4377,0.5217,0.6971,0.5354,0.8522,0.555,0.1128,0.5543,0.4129,0.3575,0.0794,0.5802,0.8604,0.6947,0.5456,0.5598,0.5637,0.9667,0.716,0.887,clean,N/A,HIGH,,True
KAZ,Kazakhstan,2019,6.8,6.02,0.78,0.78,0.616,0.095,0.556,0.458,0.488,0.607,0.61,Pre-Breakout Signal,0.45,0.647,0.811,RO,Robust Opportunity,High-Growth Emerging Market,structural,0.67,0.4452,0.4301,0.6581,0.7024,0.5366,0.856,0.4057,0.1138,0.4989,0.3867,0.4734,0.0797,0.6563,0.8593,0.6943,0.5695,0.9757,0.1058,0.8108,0.6771,0.9686,clean,N/A,HIGH,,True
KAZ,Kazakhstan,2020,6.656,5.876,0.78,0.78,0.633,0.113,0.45,0.434,0.425,0.563,0.543,Moderate Potential,0.45,0.51,0.727,RO,Robust Opportunity,Diversified Emerging Market,structural,0.5665,0.4526,0.5368,0.7742,0.6356,0.5393,0.843,0.2301,0.1665,0.4743,0.3902,0.422,0.1107,0.5548,0.8825,0.6993,0.5609,0.89,0.1112,0.7274,0.7368,0.4877,clean,N/A,HIGH,,True
KAZ,Kazakhstan,2021,5.271,4.491,0.78,0.78,0.388,0.134,0.549,0.472,0.335,0.616,0.527,Moderate Potential,0.45,0.597,0.547,SR,Structural Risk,High-Growth Emerging Market,structural,0.3833,0.2644,0.4458,0.6495,0.6701,0.5529,0.8432,0.4832,0.2055,0.5104,0.3742,0.4393,0.0406,0.3582,0.867,0.6965,0.5334,0.5732,0.6036,0.5468,0.726,0.6313,clean,N/A,HIGH,,True
KAZ,Kazakhstan,2022,4.812,4.032,0.78,0.78,0.354,0.126,0.533,0.499,0.308,0.438,0.45,Moderate Potential,0.45,0.482,0.416,SR,Structural Risk,High-Growth Emerging Market,structural,0.4409,0.4982,0.5123,0.5346,0.6588,0.4372,0.8602,0.6729,0.2808,0.3363,0.3958,0.478,0.0409,0.425,0.8571,0.6946,0.508,0.3402,0.6026,0.416,0.7329,0.0995,clean,N/A,HIGH,,True
KAZ,Kazakhstan,2023,5.12,4.34,0.78,0.78,0.441,0.121,0.579,0.503,0.319,0.46,0.405,Moderate Potential,0.2,0.523,0.685,SR,Structural Risk,High-Growth Emerging Market,structural,0.6983,0.4585,0.4881,0.7537,0.6849,0.5444,0.8612,0.382,0.3621,0.5116,0.4255,0.4675,0.0409,0.6791,0.8536,0.6902,0.5372,0.3278,0.4013,0.6851,0.5891,0.297,clean,N/A,HIGH,,True
KAZ,Kazakhstan,2024,5.252,4.472,0.78,0.78,0.447,0.136,0.567,0.537,0.316,0.493,0.433,Moderate Potential,0.2,0.57,0.774,SR,Structural Risk,High-Growth Emerging Market,structural,0.679,0.3954,0.4293,0.7179,0.7061,0.535,0.8515,0.4969,0.4603,0.5045,0.4266,0.5435,0.0408,0.6784,0.8551,0.6902,0.5539,0.9339,0.0483,0.7739,0.3303,0.5845,clean,N/A,HIGH,,True
KEN,Kenya,2010,6.147,5.495,0.652,0.652,0.511,0.088,0.458,0.412,0.484,,0.482,Moderate Potential,0.45,0.501,0.5,SL,Stable / Low Opportunity,Diversified Emerging Market,structural,0.8076,0.5276,0.3461,0.3223,0.332,0.6149,0.5918,0.3713,0.8516,0.099,0.2206,0.2136,0.7291,0.6736,0.8092,0.1963,0.3491,,,,,,clean,N/A,HIGH,secondary_school_enrolment,False
KEN,Kenya,2011,5.171,4.519,0.652,0.652,0.344,0.085,0.415,0.319,0.426,,0.462,Moderate Potential,0.45,0.443,0.5,SL,Stable / Low Opportunity,Diversified Emerging Market,structural,0.597,0.478,0.4017,0.3423,0.3128,0.1031,0.6075,0.3321,0.8183,0.0912,0.2228,0.1916,0.7438,0.4878,0.8091,0.1933,0.2895,,,,,,clean,N/A,HIGH,secondary_school_enrolment,False
KEN,Kenya,2012,5.339,4.687,0.652,0.652,0.401,0.111,0.402,0.411,0.429,0.536,0.562,Pre-Breakout Signal,0.45,0.502,0.833,SL,Stable / Low Opportunity,Diversified Emerging Market,structural,0.5399,0.4418,0.4207,0.3533,0.3163,0.6645,0.5987,0.3678,0.8278,0.0956,0.2483,0.1884,0.7251,0.4785,0.8062,0.1898,0.2969,0.168,0.7739,0.8328,0.6308,0.3806,clean,N/A,HIGH,secondary_school_enrolment,True
KEN,Kenya,2013,4.909,4.257,0.652,0.652,0.319,0.095,0.375,0.381,0.423,0.435,0.565,Pre-Breakout Signal,0.45,0.459,0.938,SL,Stable / Low Opportunity,Diversified Emerging Market,structural,0.5378,0.4151,0.3777,0.3735,0.2498,0.309,0.596,0.3343,0.8135,0.1679,0.279,0.1983,0.7252,0.4554,0.802,0.1863,0.304,0.0293,0.6299,0.9382,0.5703,0.1981,clean,N/A,HIGH,secondary_school_enrolment,True
KEN,Kenya,2014,6.026,5.374,0.652,0.652,0.45,0.076,0.471,0.388,0.463,0.452,0.679,Pre-Breakout Signal,0.678,0.508,0.951,SL,Stable / Low Opportunity,Diversified Emerging Market,structural,0.6826,0.4399,0.4043,0.5063,0.474,0.3815,0.5952,0.226,0.7954,0.1232,0.343,0.2435,0.716,0.5944,0.7988,0.1822,0.382,0.2167,0.6036,0.9513,0.4959,0.1945,clean,N/A,HIGH,secondary_school_enrolment,True
KEN,Kenya,2015,5.311,4.659,0.652,0.652,0.387,0.084,0.409,0.367,0.467,0.473,0.575,Pre-Breakout Signal,0.428,0.502,0.952,SL,Stable / Low Opportunity,Diversified Emerging Market,structural,0.694,0.4257,0.3572,0.3692,0.3611,0.4552,0.5887,0.3449,0.767,0.1249,0.3032,0.1988,0.6572,0.623,0.7995,0.1795,0.3847,0.6481,0.0465,0.9521,0.357,0.5656,clean,N/A,HIGH,,True
KEN,Kenya,2016,4.843,4.191,0.652,0.652,0.34,0.086,0.366,0.391,0.463,0.38,0.515,Reform Story,0.434,0.429,0.78,SL,Stable / Low Opportunity,Diversified Emerging Market,structural,0.6521,0.3818,0.3087,0.2582,0.3759,0.526,0.5731,0.3972,0.7886,0.1451,0.312,0.2148,0.6806,0.5606,0.8008,0.1769,0.4086,0.5753,0.1543,0.7801,0.2591,0.1379,clean,N/A,HIGH,,True
KEN,Kenya,2017,4.924,4.272,0.652,0.652,0.363,0.104,0.391,0.384,0.455,0.533,0.504,Moderate Potential,0.443,0.487,0.609,SL,Stable / Low Opportunity,Diversified Emerging Market,structural,0.5308,0.3816,0.4291,0.2983,0.3767,0.5433,0.5387,0.237,0.7499,0.1558,0.3378,0.2161,0.7131,0.4385,0.7517,0.1741,0.4173,0.5556,0.5371,0.6092,0.2124,0.8026,clean,N/A,HIGH,,True
KEN,Kenya,2018,5.215,4.563,0.652,0.652,0.417,0.09,0.438,0.388,0.471,0.512,0.502,Moderate Potential,0.492,0.491,0.53,SL,Stable / Low Opportunity,Diversified Emerging Market,structural,0.786,0.489,0.4441,0.229,0.3705,0.5354,0.512,0.3136,0.7451,0.146,0.3526,0.2388,0.7264,0.7061,0.6876,0.1724,0.3831,0.5297,0.624,0.53,0.1349,0.7437,clean,N/A,HIGH,,True
KEN,Kenya,2019,4.65,3.998,0.652,0.652,0.368,0.096,0.401,0.385,0.453,0.499,0.42,Moderate Potential,0.2,0.484,0.845,SL,Stable / Low Opportunity,Diversified Emerging Market,structural,0.7249,0.4208,0.4133,0.2367,0.3664,0.5356,0.4968,0.3412,0.7461,0.157,0.3338,0.2389,0.7255,0.664,0.6238,0.1697,0.3632,0.494,0.5964,0.8454,0.1171,0.5393,clean,N/A,HIGH,,True
KEN,Kenya,2020,5.194,4.542,0.652,0.652,0.418,0.111,0.368,0.378,0.355,0.474,0.495,Moderate Potential,0.545,0.439,0.51,SL,Stable / Low Opportunity,Diversified Emerging Market,structural,0.6938,0.6315,0.4725,0.3134,0.3602,0.5427,0.522,0.3127,0.7539,0.1683,0.3223,0.2424,0.7349,0.6559,0.6604,0.1496,0.3283,0.8456,0.5785,0.5097,0.1655,0.3647,clean,N/A,HIGH,,True
KEN,Kenya,2021,5.233,4.581,0.652,0.652,0.411,0.077,0.516,0.387,0.447,0.489,0.516,Moderate Potential,0.45,0.527,0.592,SL,Stable / Low Opportunity,Diversified Emerging Market,structural,0.6635,0.6015,0.4208,0.321,0.4518,0.5723,0.501,0.2994,0.7338,0.1605,0.3827,0.2629,0.7584,0.5707,0.68,0.1287,0.3374,0.7205,0.1847,0.5923,0.1987,0.7727,clean,N/A,HIGH,,True
KEN,Kenya,2022,5.446,4.794,0.652,0.652,0.392,0.09,0.493,0.397,0.413,0.495,0.605,Pre-Breakout Signal,0.545,0.515,0.822,SL,Stable / Low Opportunity,Diversified Emerging Market,structural,0.553,0.7867,0.4907,0.2475,0.4999,0.6061,0.4675,0.3678,0.7249,0.1924,0.4027,0.2521,0.759,0.5065,0.5187,0.1291,0.3607,0.3489,0.3809,0.8222,0.2463,0.8666,clean,N/A,HIGH,,True
KEN,Kenya,2023,5.335,4.683,0.652,0.652,0.414,0.089,0.467,0.392,0.421,0.48,0.542,Moderate Potential,0.35,0.523,0.938,SL,Stable / Low Opportunity,Diversified Emerging Market,structural,0.7445,0.7744,0.422,0.1666,0.5193,0.565,0.4115,0.3654,0.692,0.1894,0.4039,0.2506,0.7589,0.6848,0.5098,0.1288,0.3543,0.3102,0.4644,0.9378,0.124,0.8454,clean,N/A,HIGH,,True
KEN,Kenya,2024,5.024,4.372,0.652,0.652,0.38,0.097,0.441,0.397,0.414,0.487,0.506,Moderate Potential,0.35,0.491,0.808,SL,Stable / Low Opportunity,Diversified Emerging Market,structural,0.6544,0.5893,0.4227,0.1788,0.5088,0.5779,0.4836,0.3734,0.728,0.1106,0.391,0.2462,0.759,0.5879,0.4998,0.1301,0.3778,0.2767,0.4349,0.8078,0.2953,0.6762,clean,N/A,HIGH,,True
KGZ,KGZ,2010,4.083,3.73,0.353,0.353,0.201,0.093,0.458,0.166,0.333,,0.457,Moderate Potential,0.45,0.428,0.5,SL,Stable / Low Opportunity,Diversified Emerging Market,structural,0.0713,0.34,0.6059,0.6528,0.6715,0.0038,0.2881,0.3383,0.0403,0.2029,0.1419,0.1381,0.4686,0.0634,0.8158,0.5717,0.2996,,,,,,clean,N/A,HIGH,export_growth,False
KGZ,KGZ,2011,5.995,5.642,0.353,0.353,0.526,0.054,0.592,0.259,0.535,,0.5,Moderate Potential,0.45,0.556,0.5,SL,Stable / Low Opportunity,High-Growth Emerging Market,structural,0.6568,0.547,0.6273,0.5164,0.6551,0.5631,0.4161,0.3414,0.0173,0.2031,0.1842,0.1231,0.5155,0.6529,0.8057,0.5508,0.3323,,,,,,clean,N/A,HIGH,,False
KGZ,KGZ,2012,5.102,4.749,0.353,0.353,0.369,0.101,0.474,0.235,0.459,0.6,0.626,Pre-Breakout Signal,0.45,0.61,0.95,SL,Stable / Low Opportunity,Diversified Emerging Market,structural,0.3152,0.271,0.4484,0.8731,0.6328,0.3618,0.4327,0.2267,0.0378,0.246,0.2011,0.1429,0.7047,0.2998,0.7937,0.5617,0.302,0.7041,0.0434,0.9502,0.9383,0.97,clean,N/A,HIGH,,True
KGZ,KGZ,2013,6.747,6.394,0.353,0.353,0.656,0.084,0.69,0.276,0.582,0.648,0.654,Pre-Breakout Signal,0.45,0.697,0.938,RO,Robust Opportunity,High-Growth Emerging Market,structural,0.9272,0.5363,0.6346,0.856,0.6093,0.5217,0.5065,0.2079,0.0438,0.2765,0.2101,0.1382,0.6149,0.9196,0.7922,0.4838,0.3315,0.93,0.2394,0.9382,0.9248,0.9728,clean,N/A,HIGH,,True
KGZ,KGZ,2014,4.509,4.156,0.353,0.353,0.388,0.083,0.563,0.213,0.505,0.58,0.434,Moderate Potential,0.156,0.617,0.951,SL,Stable / Low Opportunity,High-Growth Emerging Market,structural,0.5733,0.3645,0.4846,0.9278,0.622,0.1663,0.4404,0.0778,0.0467,0.2818,0.2429,0.1504,0.6591,0.4917,0.7797,0.4713,0.2916,0.8947,0.0349,0.9513,0.8342,0.6145,clean,N/A,HIGH,,True
KGZ,KGZ,2015,4.686,4.333,0.353,0.353,0.467,0.069,0.613,0.243,0.506,0.548,0.364,Low Takeoff Signal,0.118,0.514,0.905,SL,Stable / Low Opportunity,High-Growth Emerging Market,structural,0.5908,0.3933,0.808,0.8738,0.6062,0.5731,0.334,0.0664,0.0284,0.2715,0.2343,0.1404,0.585,0.511,0.7722,0.5183,0.2733,0.648,0.8695,0.9049,0.4027,0.1912,clean,N/A,HIGH,,True
KGZ,KGZ,2016,5.318,4.965,0.353,0.353,0.561,0.093,0.593,0.291,0.533,0.658,0.399,Low Takeoff Signal,0.144,0.589,0.833,SL,Stable / Low Opportunity,High-Growth Emerging Market,structural,0.6652,0.4073,0.7618,0.8613,0.6203,0.6051,0.4676,0.1471,0.0541,0.3605,0.2442,0.1415,0.51,0.574,0.763,0.5456,0.3377,0.5753,0.9254,0.8325,0.4637,0.916,clean,N/A,HIGH,,True
KGZ,KGZ,2017,5.567,5.214,0.353,0.353,0.552,0.051,0.572,0.32,0.529,0.504,0.481,Moderate Potential,0.219,0.599,0.932,SL,Stable / Low Opportunity,High-Growth Emerging Market,structural,0.6245,0.447,0.3821,0.876,0.6129,0.5488,0.4805,0.274,0.0998,0.4785,0.2728,0.1487,0.3839,0.5401,0.7462,0.5751,0.3748,0.1084,0.2419,0.9318,0.6721,0.8613,clean,N/A,HIGH,,True
KGZ,KGZ,2018,5.661,5.308,0.353,0.353,0.551,0.07,0.558,0.309,0.535,0.56,0.508,Moderate Potential,0.252,0.611,0.933,SL,Stable / Low Opportunity,High-Growth Emerging Market,structural,0.5639,0.3976,0.4533,0.9218,0.6272,0.5356,0.5312,0.0919,0.116,0.4492,0.2812,0.1787,0.5969,0.437,0.7257,0.5763,0.3611,0.5307,0.0171,0.9335,0.7611,0.9621,clean,N/A,HIGH,,True
KGZ,KGZ,2019,6.236,5.883,0.353,0.353,0.624,0.047,0.634,0.333,0.51,0.503,0.56,Pre-Breakout Signal,0.35,0.612,0.874,RO,Robust Opportunity,High-Growth Emerging Market,structural,0.6794,0.5137,0.4542,0.8964,0.6338,0.538,0.6122,0.1292,0.1595,0.5059,0.2662,0.1883,0.4354,0.5808,0.6142,0.6012,0.3308,0.471,0.0263,0.8741,0.9479,0.5179,clean,N/A,HIGH,,True
KGZ,KGZ,2020,3.725,3.372,0.353,0.353,0.307,0.106,0.332,0.359,0.297,0.38,0.337,Low Takeoff Signal,0.2,0.366,0.563,SL,Stable / Low Opportunity,Diversified Emerging Market,structural,0.2927,0.3218,0.3999,0.5988,0.6388,0.5348,0.563,0.8149,0.1803,0.3688,0.2653,0.1582,0.4035,0.2483,0.7122,0.5891,0.3183,0.2024,0.0185,0.5627,0.8427,0.0608,clean,N/A,HIGH,,True
KGZ,KGZ,2021,4.257,3.904,0.353,0.353,0.456,0.031,0.599,0.315,0.474,0.407,0.262,Low Takeoff Signal,0.2,0.531,0.157,SL,Stable / Low Opportunity,High-Growth Emerging Market,structural,0.487,0.5954,0.4475,0.6474,0.6438,0.5325,0.6159,0.1966,0.1775,0.4358,0.2205,0.1382,0.3579,0.41,0.6975,0.6064,0.3023,0.5546,0.5527,0.1573,0.8829,0.0212,clean,N/A,HIGH,,True
KGZ,KGZ,2022,4.517,4.164,0.353,0.353,0.558,0.026,0.75,0.307,0.495,0.38,0.18,Low Takeoff Signal,0.2,0.573,0.041,SL,Stable / Low Opportunity,High-Growth Emerging Market,structural,0.7903,0.9971,0.4874,0.9161,0.6363,0.5232,0.6884,0.0016,0.3026,0.4085,0.2146,0.1309,0.3592,0.769,0.6787,0.606,0.3054,0.7092,0.3468,0.0412,0.8266,0.0305,clean,N/A,HIGH,,True
KGZ,KGZ,2023,4.975,4.622,0.353,0.353,0.636,0.055,0.632,0.328,0.499,0.526,0.191,Low Takeoff Signal,0.2,0.621,0.045,FO,Fragile Opportunity,High-Growth Emerging Market,structural,0.9083,0.2997,0.444,0.931,0.6276,0.5607,0.7307,0.0002,0.4129,0.3651,0.2031,0.1322,0.359,0.8836,0.7425,0.6124,0.2991,0.9806,0.4332,0.0455,0.8144,0.6504,clean,N/A,HIGH,,True
KGZ,KGZ,2024,5.471,5.118,0.353,0.353,0.685,0.076,0.683,0.34,0.499,0.62,0.256,Low Takeoff Signal,0.2,0.72,0.102,RO,Robust Opportunity,High-Growth Emerging Market,structural,0.9149,0.8849,0.5052,0.8234,0.6211,0.5524,0.7721,0.0019,0.3931,0.3973,0.2174,0.1534,0.3589,0.8981,0.7454,0.6182,0.3008,0.9702,0.9741,0.1019,0.9726,0.9367,clean,N/A,HIGH,,True
KHM,KHM,2010,6.417,5.914,0.503,0.503,0.592,0.088,0.518,0.452,0.475,,0.477,Moderate Potential,0.45,0.486,0.5,RO,Robust Opportunity,Diversified Emerging Market,structural,0.509,0.6237,0.6142,0.3758,0.533,0.7367,0.752,0.3266,0.77,0.4151,0.1278,0.1273,0.7283,0.4924,0.9078,0.2346,0.3241,,,,,,clean,N/A,HIGH,secondary_school_enrolment,False
KHM,KHM,2011,6.243,5.74,0.503,0.503,0.563,0.086,0.497,0.439,0.484,,0.472,Moderate Potential,0.45,0.472,0.5,SL,Stable / Low Opportunity,Diversified Emerging Market,structural,0.7421,0.5784,0.587,0.3643,0.2211,0.5986,0.7462,0.368,0.7418,0.4723,0.1445,0.1066,0.7409,0.7347,0.9089,0.2352,0.2397,,,,,,clean,N/A,HIGH,secondary_school_enrolment,False
KHM,KHM,2012,6.866,6.363,0.503,0.503,0.676,0.087,0.541,0.44,0.506,0.594,0.615,Pre-Breakout Signal,0.45,0.579,0.95,RO,Robust Opportunity,High-Growth Emerging Market,structural,0.6855,0.5518,0.5829,0.4719,0.3433,0.7059,0.7438,0.3814,0.62,0.448,0.1614,0.1479,0.7427,0.6779,0.9039,0.2357,0.2953,0.9051,0.5653,0.9502,0.5173,0.389,clean,N/A,HIGH,secondary_school_enrolment,True
KHM,KHM,2013,7.014,6.511,0.503,0.503,0.735,0.07,0.61,0.415,0.517,0.59,0.567,Pre-Breakout Signal,0.45,0.558,0.756,RO,Robust Opportunity,High-Growth Emerging Market,structural,0.82,0.5581,0.7089,0.5921,0.5184,0.4355,0.7586,0.3672,0.6339,0.4627,0.1541,0.1464,0.7493,0.8352,0.9023,0.2365,0.3099,0.93,0.6231,0.7565,0.6689,0.1554,clean,N/A,HIGH,secondary_school_enrolment,True
KHM,KHM,2014,6.624,6.121,0.503,0.503,0.7,0.071,0.61,0.452,0.503,0.546,0.511,Moderate Potential,0.464,0.571,0.502,RO,Robust Opportunity,High-Growth Emerging Market,structural,0.8978,0.5292,0.5758,0.752,0.4248,0.6893,0.7779,0.3162,0.663,0.4708,0.1396,0.1314,0.7195,0.9074,0.8993,0.2363,0.2648,0.8947,0.5264,0.5021,0.7531,0.2027,clean,N/A,HIGH,secondary_school_enrolment,True
KHM,KHM,2015,5.67,5.167,0.503,0.503,0.641,0.049,0.611,0.44,0.5,0.394,0.336,Low Takeoff Signal,0.501,0.495,0.134,RO,Robust Opportunity,High-Growth Emerging Market,structural,0.8513,0.5299,0.5602,0.7293,0.5036,0.5879,0.8134,0.3335,0.6663,0.5265,0.1247,0.1257,0.6961,0.8539,0.9059,0.2378,0.2469,0.6482,0.1435,0.1335,0.8373,0.2964,clean,N/A,HIGH,secondary_school_enrolment,True
KHM,KHM,2016,5.689,5.186,0.503,0.503,0.702,0.036,0.661,0.444,0.516,0.395,0.248,Low Takeoff Signal,0.505,0.463,0.052,FO,Fragile Opportunity,High-Growth Emerging Market,structural,0.9157,0.5286,0.7715,0.7548,0.6089,0.556,0.8448,0.3473,0.6977,0.5838,0.1295,0.1138,0.7218,0.9157,0.905,0.2398,0.2687,0.5745,0.2379,0.0525,0.9118,0.3606,clean,N/A,HIGH,secondary_school_enrolment,True
KHM,KHM,2017,5.898,5.395,0.503,0.503,0.605,0.078,0.559,0.442,0.514,0.558,0.453,Moderate Potential,0.525,0.555,0.3,RO,Robust Opportunity,High-Growth Emerging Market,structural,0.8736,0.4541,0.5548,0.8075,0.1096,0.5584,0.837,0.2848,0.6897,0.5474,0.1368,0.1143,0.7293,0.8683,0.9139,0.2413,0.2515,0.5599,0.5481,0.2998,0.8733,0.6341,clean,N/A,HIGH,,True
KHM,KHM,2018,6.402,5.899,0.503,0.503,0.646,0.089,0.567,0.423,0.528,0.65,0.53,Moderate Potential,0.557,0.62,0.416,RO,Robust Opportunity,Diversified Emerging Market,structural,0.9539,0.4902,0.5344,0.7857,0.1131,0.5356,0.8472,0.1772,0.6692,0.5559,0.1302,0.1004,0.743,0.9572,0.9102,0.244,0.2654,0.7045,0.9122,0.4159,0.8275,0.6312,clean,N/A,HIGH,,True
KHM,KHM,2019,6.241,5.738,0.503,0.503,0.655,0.096,0.573,0.424,0.517,0.676,0.473,Moderate Potential,0.2,0.649,0.891,RO,Robust Opportunity,Diversified Emerging Market,structural,0.8973,0.4949,0.5156,0.8153,0.1068,0.5381,0.8509,0.2294,0.6706,0.5124,0.152,0.1107,0.7459,0.9057,0.9099,0.2461,0.2451,0.6054,0.9423,0.891,0.7286,0.5479,clean,N/A,HIGH,,True
KHM,KHM,2020,5.715,5.212,0.503,0.503,0.483,0.14,0.382,0.439,0.345,0.572,0.585,Pre-Breakout Signal,0.545,0.47,0.82,SR,Structural Risk,Diversified Emerging Market,structural,0.5016,0.4447,0.6285,0.8573,0.1151,0.5479,0.8486,0.4415,0.6431,0.4958,0.1446,0.1425,0.7517,0.4844,0.922,0.2492,0.2392,0.2295,0.8901,0.8202,0.8301,0.3789,clean,N/A,HIGH,,True
KHM,KHM,2021,4.891,4.388,0.503,0.503,0.402,0.07,0.497,0.377,0.462,0.465,0.477,Moderate Potential,0.35,0.477,0.684,SL,Stable / Low Opportunity,Diversified Emerging Market,structural,0.289,0.3457,0.5396,0.8133,0.132,0.5834,0.8388,0.0031,0.5751,0.5507,0.1483,0.153,0.7703,0.2645,0.9128,0.2463,0.2383,0.0121,0.5603,0.684,0.8182,0.3167,clean,N/A,HIGH,,True
KHM,KHM,2022,5.817,5.314,0.503,0.503,0.546,0.054,0.59,0.39,0.489,0.486,0.518,Moderate Potential,0.35,0.528,0.8,SL,Stable / Low Opportunity,Diversified Emerging Market,structural,0.571,0.7981,0.6036,0.8975,0.1373,0.697,0.852,0.0582,0.5272,0.5786,0.1628,0.1501,0.7709,0.568,0.9049,0.2469,0.2435,0.0339,0.2589,0.8002,0.6363,0.8867,clean,N/A,HIGH,,True
KHM,KHM,2023,6.02,5.517,0.503,0.503,0.614,0.089,0.53,0.498,0.491,0.462,0.472,Reform Story,0.35,0.435,0.738,RO,Robust Opportunity,High-Growth Emerging Market,structural,0.691,0.3842,0.7446,0.9112,0.1566,0.5908,0.8463,0.617,0.5536,0.6688,0.1691,0.1485,0.7707,0.6867,0.9034,0.2452,0.247,0.2063,0.1575,0.7382,0.4557,0.8551,clean,N/A,HIGH,,True
KHM,KHM,2024,6.709,6.206,0.503,0.503,0.69,0.083,0.582,0.488,0.506,0.534,0.551,Pre-Breakout Signal,0.35,0.561,0.914,RO,Robust Opportunity,High-Growth Emerging Market,structural,0.758,0.7537,0.6263,0.8915,0.1636,0.5774,0.841,0.4763,0.6281,0.695,0.1832,0.1327,0.7709,0.7614,0.9046,0.2471,0.2575,0.9702,0.2872,0.9142,0.2771,0.6081,clean,N/A,HIGH,,True
KOR,KOR,2010,9.2,8.119,1.081,1.081,0.962,0.083,0.636,0.711,0.794,,0.534,Moderate Potential,0.45,0.67,0.5,RO,Robust Opportunity,Advanced Economy,structural,0.7169,0.5051,0.3564,0.8625,0.7921,0.7453,0.6982,0.5635,0.6251,0.8133,0.8832,0.7386,0.8016,0.8121,0.7752,0.768,0.8262,,,,,,clean,N/A,HIGH,external_debt_pct_gni,False
KOR,KOR,2011,8.945,7.864,1.081,1.081,0.923,0.098,0.585,0.693,0.727,,0.522,Moderate Potential,0.45,0.628,0.5,RO,Robust Opportunity,Advanced Economy,structural,0.4883,0.5455,0.3387,0.8356,0.7839,0.6311,0.6574,0.536,0.6126,0.8177,0.886,0.7834,0.8115,0.5367,0.7786,0.7695,0.8591,,,,,,clean,N/A,HIGH,external_debt_pct_gni,False
KOR,KOR,2012,8.493,7.412,1.081,1.081,0.893,0.127,0.549,0.712,0.716,0.394,0.581,Pre-Breakout Signal,0.45,0.517,0.895,FO,Fragile Opportunity,Advanced Economy,stable,0.4387,0.4748,0.3892,0.766,0.7683,0.7686,0.6487,0.6021,0.6068,0.8009,0.901,0.7722,0.8004,0.4851,0.7896,0.7684,0.8579,0.0765,0.4062,0.8946,0.1909,0.5469,clean,N/A,HIGH,external_debt_pct_gni,True
KOR,KOR,2013,8.671,7.59,1.081,1.081,0.914,0.113,0.547,0.707,0.736,0.461,0.599,Pre-Breakout Signal,0.45,0.563,0.898,RO,Robust Opportunity,Advanced Economy,structural,0.4953,0.4567,0.3435,0.7275,0.7458,0.7069,0.6396,0.6771,0.5497,0.8099,0.9006,0.7935,0.8019,0.5947,0.7637,0.7718,0.8777,0.1038,0.5627,0.898,0.2375,0.6509,clean,N/A,HIGH,external_debt_pct_gni,True
KOR,KOR,2014,8.613,7.532,1.081,1.081,0.888,0.106,0.542,0.688,0.736,0.475,0.621,Pre-Breakout Signal,0.493,0.556,0.922,RO,Robust Opportunity,Advanced Economy,structural,0.4783,0.4424,0.3903,0.743,0.7441,0.6965,0.636,0.7577,0.4033,0.813,0.9081,0.7752,0.8028,0.5915,0.7691,0.7757,0.8819,0.195,0.5974,0.9219,0.2082,0.6262,clean,N/A,HIGH,external_debt_pct_gni,True
KOR,KOR,2015,8.234,7.153,1.081,1.081,0.863,0.108,0.527,0.685,0.728,0.562,0.554,Pre-Breakout Signal,0.464,0.589,0.636,RO,Robust Opportunity,Advanced Economy,structural,0.493,0.4465,0.3397,0.7071,0.7351,0.6274,0.669,0.891,0.4681,0.844,0.8949,0.7173,0.7656,0.5953,0.7377,0.7754,0.8754,0.6401,0.5797,0.6356,0.4635,0.4904,clean,N/A,HIGH,external_debt_pct_gni,True
KOR,KOR,2016,7.984,6.903,1.081,1.081,0.868,0.097,0.547,0.678,0.737,0.519,0.476,Moderate Potential,0.458,0.585,0.392,RO,Robust Opportunity,Advanced Economy,structural,0.5331,0.4676,0.3156,0.7398,0.7317,0.5842,0.6995,0.8888,0.5379,0.8141,0.8965,0.7116,0.8011,0.6558,0.7309,0.7762,0.8657,0.5893,0.5962,0.392,0.6554,0.3609,clean,N/A,HIGH,external_debt_pct_gni,True
KOR,KOR,2017,7.871,6.79,1.081,1.081,0.867,0.082,0.568,0.658,0.747,0.54,0.447,Moderate Potential,0.45,0.581,0.328,RO,Robust Opportunity,Advanced Economy,structural,0.4877,0.4133,0.4198,0.8507,0.7373,0.5633,0.7124,0.8303,0.372,0.8439,0.896,0.7396,0.802,0.6013,0.7328,0.7764,0.8613,0.5601,0.5573,0.3278,0.8005,0.5073,clean,N/A,HIGH,external_debt_pct_gni,True
KOR,KOR,2018,8.2,7.119,1.081,1.081,0.894,0.101,0.567,0.699,0.736,0.582,0.498,Moderate Potential,0.476,0.59,0.431,RO,Robust Opportunity,Advanced Economy,structural,0.4839,0.46,0.4424,0.8041,0.7379,0.5356,0.7157,0.8034,0.5896,0.8947,0.9128,0.7743,0.77,0.6041,0.7091,0.7805,0.8651,0.5399,0.6618,0.4307,0.7591,0.5265,clean,N/A,HIGH,external_debt_pct_gni,True
KOR,KOR,2019,8.112,7.031,1.081,1.081,0.877,0.112,0.541,0.696,0.717,0.595,0.498,Moderate Potential,0.25,0.604,0.889,RO,Robust Opportunity,Advanced Economy,structural,0.4453,0.4349,0.4142,0.8086,0.7264,0.5394,0.7058,0.7471,0.5911,0.8915,0.9097,0.7903,0.7682,0.5451,0.7129,0.7798,0.8524,0.4229,0.6059,0.8895,0.6564,0.5395,clean,N/A,HIGH,external_debt_pct_gni,True
KOR,KOR,2020,8.533,7.452,1.081,1.081,0.947,0.13,0.515,0.673,0.663,0.673,0.51,Moderate Potential,0.25,0.617,0.941,FO,Fragile Opportunity,Knowledge / Service Economy,structural,0.6709,0.5367,0.4803,0.8619,0.7086,0.5522,0.7175,0.8088,0.4258,0.8952,0.917,0.8248,0.7907,0.7307,0.7581,0.7766,0.8631,0.6152,0.6285,0.9409,0.7244,0.6497,clean,N/A,HIGH,external_debt_pct_gni,True
KOR,KOR,2021,8.269,7.188,1.081,1.081,0.89,0.078,0.633,0.715,0.789,0.634,0.523,Moderate Potential,0.25,0.665,0.935,RO,Robust Opportunity,Advanced Economy,structural,0.4095,0.4572,0.4305,0.8746,0.7215,0.5868,0.6882,0.7495,0.6253,0.903,0.92,0.8316,0.7928,0.5042,0.7922,0.7749,0.8736,0.7139,0.5523,0.9349,0.4388,0.713,clean,N/A,HIGH,external_debt_pct_gni,True
KOR,KOR,2022,8.036,6.955,1.081,1.081,0.876,0.09,0.586,0.698,0.769,0.524,0.479,Moderate Potential,0.25,0.564,0.846,RO,Robust Opportunity,Advanced Economy,structural,0.4096,0.3372,0.5004,0.8701,0.711,0.6627,0.6596,0.621,0.5383,0.8957,0.922,0.8485,0.7933,0.5105,0.7985,0.7795,0.8839,0.3545,0.6671,0.8455,0.1544,0.6934,clean,N/A,HIGH,external_debt_pct_gni,True
KOR,KOR,2023,8.081,7.0,1.081,1.081,0.892,0.111,0.555,0.7,0.741,0.435,0.467,Moderate Potential,0.25,0.521,0.851,RO,Robust Opportunity,Advanced Economy,stable,0.3853,0.5152,0.4424,0.8806,0.6993,0.5878,0.6495,0.64,0.4475,0.9053,0.9238,0.864,0.7932,0.5003,0.8207,0.7804,0.8799,0.2089,0.6547,0.8508,0.106,0.4541,clean,N/A,HIGH,external_debt_pct_gni,True
KOR,KOR,2024,7.835,6.754,1.081,1.081,0.876,0.125,0.558,0.721,0.747,0.38,0.423,Moderate Potential,0.25,0.489,0.663,FO,Fragile Opportunity,Advanced Economy,stable,0.3877,0.5716,0.4294,0.8299,0.6932,0.5859,0.6263,0.7975,0.5314,0.8612,0.9143,0.8566,0.7934,0.5113,0.7985,0.7835,0.8843,0.1658,0.3915,0.6628,0.105,0.5764,clean,N/A,HIGH,external_debt_pct_gni,True
KWT,KWT,2010,4.574,3.891,0.683,0.683,0.24,0.248,0.352,0.711,0.086,,0.442,Moderate Potential,0.45,0.392,0.5,SR,Structural Risk,Advanced Economy,structural,0.0306,0.3997,0.3651,0.1749,0.8141,0.5983,0.8875,0.9653,0.4449,0.8122,0.7279,0.6151,0.002,0.0046,0.7742,0.9273,0.709,,,,,,archetype_mismatch,MEDIUM,MEDIUM,export_growth; cpi_inflation; external_debt_pct_gni,False
KWT,KWT,2011,5.526,4.843,0.683,0.683,0.377,0.239,0.526,0.758,0.174,,0.502,Moderate Potential,0.45,0.561,0.5,SR,Structural Risk,High-Growth Emerging Market,structural,0.8551,0.5334,0.3749,0.0892,0.7905,0.7297,0.8921,0.9792,0.7735,0.7506,0.7172,0.5218,0.0012,0.5449,0.7285,0.9274,0.6472,,,,,,clean,N/A,MEDIUM,cpi_inflation; external_debt_pct_gni,False
KWT,KWT,2012,4.838,4.155,0.683,0.683,0.355,0.245,0.475,0.727,0.156,0.601,0.483,Moderate Potential,0.45,0.583,0.422,SR,Structural Risk,High-Growth Emerging Market,structural,0.6395,0.4893,0.4061,0.0786,0.7833,0.6326,0.898,0.9821,0.7729,0.6588,0.7187,0.5098,0.0007,0.3917,0.6832,0.9275,0.5895,0.9051,0.4837,0.422,0.838,,clean,N/A,MEDIUM,cpi_inflation; external_debt_pct_gni,True
KWT,KWT,2013,4.494,3.811,0.683,0.683,0.291,0.257,0.37,0.731,0.13,0.619,0.482,Moderate Potential,0.45,0.537,0.461,SR,Structural Risk,Diversified Emerging Market,structural,0.3232,0.3918,0.341,0.1063,0.718,0.6154,0.8997,0.9891,0.7654,0.674,0.7169,0.5167,0.0004,0.1196,0.639,0.9276,0.5795,0.7247,0.5405,0.4613,0.8533,,clean,N/A,HIGH,external_debt_pct_gni,True
KWT,KWT,2014,2.841,2.158,0.683,0.683,0.23,0.228,0.368,0.668,0.123,0.477,0.116,Low Takeoff Signal,0.05,0.462,0.063,SR,Structural Risk,Diversified Emerging Market,structural,0.2029,0.4257,0.3836,0.1383,0.6736,0.5682,0.9093,0.9966,0.5967,0.6286,0.5933,0.4658,0.0002,0.0566,0.5754,0.927,0.5029,0.7123,0.3833,0.0627,0.8591,,clean,N/A,HIGH,external_debt_pct_gni,True
KWT,KWT,2015,2.93,2.247,0.683,0.683,0.272,0.183,0.447,0.6,0.197,0.38,0.077,Low Takeoff Signal,0.024,0.377,0.048,SR,Structural Risk,High-Growth Emerging Market,structural,0.2707,0.4382,0.3392,0.5295,0.6953,0.5764,0.9163,0.803,0.6071,0.5322,0.5803,0.4736,0.0019,0.0969,0.5472,0.9266,0.5068,0.0212,0.0773,0.0475,0.8325,0.075,clean,N/A,HIGH,external_debt_pct_gni,True
KWT,KWT,2016,3.333,2.65,0.683,0.683,0.333,0.145,0.532,0.539,0.252,0.38,0.098,Low Takeoff Signal,0.034,0.514,0.049,SR,Structural Risk,Diversified Emerging Market,structural,0.5039,0.4677,0.2911,0.7389,0.6892,0.5722,0.9069,0.4375,0.4743,0.6099,0.5465,0.423,0.0016,0.1988,0.5753,0.9236,0.4903,0.4198,0.3075,0.0485,0.7392,0.3617,clean,N/A,HIGH,external_debt_pct_gni,True
KWT,KWT,2017,2.873,2.19,0.683,0.683,0.222,0.196,0.411,0.605,0.138,0.38,0.137,Low Takeoff Signal,0.105,0.409,0.052,SR,Structural Risk,Diversified Emerging Market,structural,0.0285,0.3488,0.4049,0.683,0.6901,0.5649,0.8556,0.9205,0.6322,0.62,0.5541,0.4014,0.0015,0.0118,0.555,0.9231,0.4948,0.2778,0.3584,0.0519,0.2854,0.7923,clean,N/A,HIGH,external_debt_pct_gni,True
KWT,KWT,2018,3.739,3.056,0.683,0.683,0.273,0.208,0.48,0.641,0.158,0.48,0.301,Low Takeoff Signal,0.158,0.519,0.338,SR,Structural Risk,High-Growth Emerging Market,structural,0.4247,0.4203,0.4356,0.5376,0.6874,0.5356,0.8843,0.9759,0.6171,0.7099,0.5723,0.4536,0.0012,0.1348,0.536,0.9225,0.5286,0.5295,0.5154,0.3375,0.2687,0.9621,clean,N/A,HIGH,external_debt_pct_gni,True
KWT,KWT,2019,4.476,3.793,0.683,0.683,0.319,0.216,0.436,0.646,0.196,0.607,0.436,Moderate Potential,0.25,0.557,0.627,SR,Structural Risk,Diversified Emerging Market,structural,0.44,0.3959,0.4122,0.4099,0.687,0.539,0.9016,0.9502,0.5563,0.7135,0.6065,0.5051,0.001,0.2864,0.5271,0.9216,0.5665,0.4694,0.601,0.6267,0.5896,0.8623,clean,N/A,HIGH,external_debt_pct_gni,True
KWT,KWT,2020,4.934,4.837,0.097,0.683,0.473,0.214,0.353,0.605,0.23,0.651,0.494,Moderate Potential,0.25,0.556,0.956,SR,Structural Risk,Diversified Emerging Market,recovery_bounce,0.4242,0.5261,0.465,0.268,0.6855,0.5478,0.9087,0.8093,0.4767,0.6803,0.6406,0.4808,0.0015,0.552,0.4795,0.9183,0.598,0.8883,0.6436,0.9559,0.8525,0.3611,clean,N/A,HIGH,external_debt_pct_gni,True
KWT,KWT,2021,4.802,4.119,0.683,0.683,0.344,0.21,0.39,0.677,0.293,0.567,0.489,Moderate Potential,0.25,0.539,0.955,SR,Structural Risk,High-Growth Emerging Market,structural,0.1982,0.1717,0.4136,0.1124,0.6854,0.5824,0.9152,0.9951,0.5949,0.6876,0.6328,0.5323,0.0273,0.3338,0.4954,0.9175,0.6016,0.7632,0.5055,0.9548,0.8958,0.0774,clean,N/A,HIGH,external_debt_pct_gni,True
KWT,KWT,2022,5.465,4.782,0.683,0.683,0.453,0.215,0.524,0.718,0.283,0.637,0.509,Moderate Potential,0.25,0.615,0.938,SR,Structural Risk,High-Growth Emerging Market,structural,0.6743,0.6597,0.4868,0.1624,0.678,0.6873,0.9383,0.9969,0.7228,0.6611,0.6841,0.597,0.0275,0.4069,0.5296,0.9178,0.6469,0.5718,0.3843,0.9378,0.8874,0.7299,clean,N/A,HIGH,external_debt_pct_gni,True
KWT,KWT,2023,4.725,4.042,0.683,0.683,0.332,0.249,0.378,0.731,0.176,0.627,0.486,Moderate Potential,0.25,0.55,0.916,SR,Structural Risk,Advanced Economy,structural,0.1578,0.4792,0.4529,0.2077,0.687,0.586,0.9364,0.9983,0.7056,0.7324,0.6722,0.6383,0.0275,0.0439,0.5126,0.9148,0.6762,0.211,0.6767,0.9156,0.9293,0.7551,archetype_mismatch,MEDIUM,HIGH,external_debt_pct_gni,True
KWT,KWT,2024,4.693,4.01,0.683,0.683,0.342,0.244,0.367,0.743,0.218,0.56,0.462,Moderate Potential,0.25,0.497,0.867,SR,Structural Risk,Advanced Economy,structural,0.0916,0.451,0.4227,0.2138,0.6811,0.5794,0.9378,0.9984,0.7245,0.7592,0.6883,0.663,0.0274,0.1069,0.5125,0.9136,0.7082,0.1604,0.696,0.8674,0.577,0.6173,archetype_mismatch,MEDIUM,HIGH,external_debt_pct_gni,True
LAO,LAO,2010,4.496,4.164,0.332,0.332,0.258,0.091,0.516,0.273,0.278,,0.492,Moderate Potential,0.45,0.532,0.5,SL,Stable / Low Opportunity,Diversified Emerging Market,structural,0.8394,0.5512,0.4402,0.6559,0.1269,0.4887,0.4186,0.1557,0.0322,0.4927,0.1993,0.1281,0.2875,0.8467,0.9005,0.0536,0.1483,,,,,,clean,N/A,HIGH,,False
LAO,LAO,2011,4.585,4.253,0.332,0.332,0.272,0.093,0.516,0.299,0.284,,0.495,Moderate Potential,0.45,0.541,0.5,SL,Stable / Low Opportunity,Diversified Emerging Market,structural,0.7838,0.6084,0.4112,0.6423,0.1169,0.4726,0.5105,0.2096,0.0503,0.5884,0.1949,0.1355,0.3455,0.7816,0.8917,0.0543,0.161,,,,,,clean,N/A,HIGH,,False
LAO,LAO,2012,4.654,4.322,0.332,0.332,0.348,0.12,0.527,0.35,0.305,0.625,0.539,Moderate Potential,0.45,0.585,0.607,SR,Structural Risk,High-Growth Emerging Market,structural,0.7015,0.4807,0.4879,0.8087,0.1257,0.559,0.4893,0.3705,0.1225,0.586,0.2122,0.1463,0.4002,0.697,0.8817,0.0549,0.1853,0.6345,0.8148,0.6066,0.7225,0.4137,clean,N/A,HIGH,,True
LAO,LAO,2013,4.928,4.596,0.332,0.332,0.348,0.112,0.559,0.336,0.308,0.606,0.615,Pre-Breakout Signal,0.45,0.606,0.902,SL,Stable / Low Opportunity,Diversified Emerging Market,structural,0.8282,0.6019,0.531,0.7562,0.1483,0.3396,0.4773,0.3346,0.2092,0.6069,0.2396,0.1606,0.3418,0.8477,0.8747,0.0547,0.2003,0.6254,0.9411,0.9021,0.7156,0.188,clean,N/A,HIGH,,True
LAO,LAO,2014,5.143,4.811,0.332,0.332,0.382,0.115,0.535,0.372,0.337,0.614,0.625,Pre-Breakout Signal,0.457,0.603,0.937,SL,Stable / Low Opportunity,High-Growth Emerging Market,structural,0.8797,0.4901,0.5312,0.7434,0.1896,0.6068,0.4412,0.1122,0.1996,0.7435,0.2563,0.1865,0.4763,0.8953,0.8677,0.0544,0.2187,0.5173,0.9483,0.937,0.6507,0.4005,clean,N/A,HIGH,,True
LAO,LAO,2015,5.294,4.962,0.332,0.332,0.42,0.109,0.562,0.372,0.351,0.611,0.609,Pre-Breakout Signal,0.404,0.625,0.952,SL,Stable / Low Opportunity,Diversified Emerging Market,structural,0.8546,0.5108,0.558,0.7896,0.2316,0.633,0.5006,0.0681,0.1721,0.7658,0.2565,0.1908,0.5225,0.8572,0.863,0.0548,0.2243,0.5021,0.9163,0.9521,0.3009,0.9553,clean,N/A,HIGH,,True
LAO,LAO,2016,5.235,4.903,0.332,0.332,0.425,0.108,0.555,0.376,0.358,0.607,0.586,Pre-Breakout Signal,0.422,0.576,0.877,SL,Stable / Low Opportunity,High-Growth Emerging Market,structural,0.8771,0.5456,0.6023,0.7011,0.2475,0.571,0.5238,0.2442,0.2083,0.7595,0.2609,0.2013,0.5856,0.8708,0.8505,0.0556,0.2345,0.3632,0.6192,0.8771,0.5505,0.8599,clean,N/A,HIGH,,True
LAO,LAO,2017,4.57,4.238,0.332,0.332,0.402,0.091,0.576,0.369,0.352,0.542,0.436,Moderate Potential,0.395,0.583,0.348,SL,Stable / Low Opportunity,High-Growth Emerging Market,structural,0.8066,0.4878,0.5608,0.7428,0.2633,0.5715,0.4993,0.2206,0.1905,0.7349,0.2354,0.1851,0.5841,0.7862,0.83,0.0562,0.2239,0.2507,0.9577,0.348,0.6139,0.9504,clean,N/A,HIGH,,True
LAO,LAO,2018,3.958,3.626,0.332,0.332,0.353,0.074,0.556,0.342,0.344,0.446,0.338,Low Takeoff Signal,0.387,0.498,0.184,SL,Stable / Low Opportunity,Diversified Emerging Market,structural,0.8365,0.525,0.5119,0.7143,0.2585,0.5356,0.4634,0.1653,0.1714,0.7215,0.2243,0.1626,0.63,0.8171,0.835,0.0569,0.1989,0.1409,0.7477,0.1842,0.4795,0.6786,clean,N/A,HIGH,,True
LAO,LAO,2019,3.238,2.906,0.332,0.332,0.324,0.065,0.521,0.331,0.351,0.38,0.183,Low Takeoff Signal,0.35,0.36,0.039,SL,Stable / Low Opportunity,Diversified Emerging Market,structural,0.7531,0.4858,0.4512,0.7229,0.2401,0.5361,0.3837,0.2654,0.1118,0.7563,0.2004,0.1578,0.6428,0.7383,0.8461,0.0572,0.2216,0.0754,0.4764,0.0386,0.1001,0.1326,clean,N/A,HIGH,,True
LAO,LAO,2020,3.827,3.495,0.332,0.332,0.409,0.093,0.46,0.365,0.302,0.38,0.218,Low Takeoff Signal,0.35,0.323,0.08,SL,Stable / Low Opportunity,Diversified Emerging Market,structural,0.733,0.6391,0.5502,0.7819,0.2055,0.5472,0.4456,0.4932,0.1484,0.82,0.2169,0.1553,0.6466,0.7231,0.8758,0.0603,0.2133,0.2771,0.46,0.0797,0.0494,0.1252,clean,N/A,HIGH,,True
LAO,LAO,2021,3.76,3.428,0.332,0.332,0.279,0.091,0.485,0.385,0.317,0.38,0.396,Low Takeoff Signal,0.35,0.329,0.567,SL,Stable / Low Opportunity,Diversified Emerging Market,structural,0.2502,0.4489,0.49,0.7626,0.1791,0.5755,0.278,0.6636,0.1755,0.8344,0.2607,0.1564,0.6095,0.2328,0.8807,0.0589,0.2209,0.0121,0.0356,0.5671,0.0493,0.0959,clean,N/A,HIGH,,True
LAO,LAO,2022,3.924,3.592,0.332,0.332,0.259,0.079,0.478,0.333,0.311,0.38,0.471,Reform Story,0.45,0.338,0.732,SL,Stable / Low Opportunity,Diversified Emerging Market,structural,0.4083,0.5235,0.5461,0.7291,0.1511,0.199,0.0522,0.4446,0.0623,0.8641,0.242,0.1784,0.6105,0.3955,0.8842,0.0587,0.2037,0.0339,0.2266,0.7321,0.03,0.0305,clean,N/A,HIGH,,True
LAO,LAO,2023,4.369,4.037,0.332,0.332,0.325,0.084,0.515,0.382,0.325,0.38,0.494,Reform Story,0.45,0.371,0.77,SL,Stable / Low Opportunity,Diversified Emerging Market,structural,0.5833,0.7415,0.7965,0.789,0.1378,0.4459,0.0985,0.6802,0.0638,0.8675,0.2431,0.1878,0.6104,0.5728,0.882,0.0582,0.2161,0.2008,0.9725,0.7697,0.0506,0.0174,clean,N/A,HIGH,,True
LAO,LAO,2024,4.643,4.311,0.332,0.332,0.352,0.098,0.504,0.402,0.341,0.449,0.531,Moderate Potential,0.45,0.472,0.738,SL,Stable / Low Opportunity,Diversified Emerging Market,structural,0.5985,0.6646,0.5495,0.7953,0.1106,0.4708,0.192,0.7235,0.0873,0.8409,0.2815,0.1927,0.6104,0.5909,0.8834,0.0587,0.2559,0.845,0.6262,0.7381,0.1152,0.0145,clean,N/A,HIGH,,True
LBN,LBN,2010,5.355,4.998,0.357,0.357,0.417,0.087,0.55,0.188,0.681,,0.486,Moderate Potential,0.45,0.511,0.5,SL,Stable / Low Opportunity,High-Growth Emerging Market,structural,0.8014,0.4491,0.6396,0.5199,0.3988,0.6091,0.0056,0.1344,0.0037,0.0908,0.2994,0.1831,0.8034,0.8457,0.5484,0.7765,0.5165,,,,,,clean,N/A,HIGH,,False
LBN,LBN,2011,4.849,4.492,0.357,0.357,0.343,0.076,0.434,0.226,0.492,,0.455,Moderate Potential,0.45,0.424,0.5,SL,Stable / Low Opportunity,Diversified Emerging Market,structural,0.2866,0.4244,0.5376,0.5843,0.4394,0.6741,0.0075,0.2315,0.0026,0.0976,0.3705,0.2085,0.8134,0.3038,0.5152,0.7757,0.3901,,,,,,clean,N/A,HIGH,,False
LBN,LBN,2012,3.821,3.464,0.357,0.357,0.203,0.053,0.401,0.145,0.505,0.38,0.519,Reform Story,0.45,0.404,0.822,SL,Stable / Low Opportunity,Diversified Emerging Market,structural,0.4396,0.3019,0.5069,0.4776,0.393,0.2107,0.0112,0.1287,0.004,0.0828,0.3503,0.1985,0.8028,0.379,0.4904,0.7746,0.3578,0.1853,0.0434,0.8224,0.9383,0.057,clean,N/A,HIGH,,True
LBN,LBN,2013,4.033,3.676,0.357,0.357,0.27,0.057,0.478,0.205,0.4,0.407,0.478,Moderate Potential,0.45,0.434,0.573,SL,Stable / Low Opportunity,Diversified Emerging Market,structural,0.5403,0.4511,0.5306,0.6282,0.3572,0.7082,0.0131,0.0693,0.0053,0.0824,0.3265,0.1883,0.8037,0.0715,0.4672,0.7736,0.3943,0.5023,0.032,0.5731,0.7376,0.1908,clean,N/A,HIGH,,True
LBN,LBN,2014,3.165,2.808,0.357,0.357,0.176,0.073,0.378,0.205,0.335,0.422,0.378,Low Takeoff Signal,0.313,0.398,0.442,SL,Stable / Low Opportunity,Diversified Emerging Market,structural,0.3937,0.3569,0.5173,0.5072,0.2017,0.7719,0.0105,0.0186,0.0065,0.0839,0.2868,0.1659,0.8046,0.0108,0.4353,0.7703,0.3319,0.4751,0.0349,0.4424,0.7642,0.4057,clean,N/A,HIGH,,True
LBN,LBN,2015,2.968,2.611,0.357,0.357,0.26,0.058,0.366,0.219,0.46,0.403,0.197,Low Takeoff Signal,0.314,0.417,0.048,SL,Stable / Low Opportunity,Diversified Emerging Market,structural,0.2602,0.5424,0.4604,0.3747,0.1891,0.7282,0.013,0.0519,0.0113,0.0943,0.244,0.1895,0.7668,0.224,0.4005,0.7668,0.3528,0.6472,0.0215,0.0475,0.5497,0.9553,clean,N/A,HIGH,,True
LBN,LBN,2016,2.924,2.567,0.357,0.357,0.252,0.05,0.359,0.172,0.549,0.38,0.195,Low Takeoff Signal,0.372,0.339,0.049,SL,Stable / Low Opportunity,Diversified Emerging Market,structural,0.346,0.4302,0.5538,0.4241,0.1913,0.5636,0.0121,0.025,0.0292,0.1121,0.2278,0.1692,0.8023,0.7727,0.3627,0.7639,0.3274,0.3738,0.1956,0.0485,0.1711,0.8971,clean,N/A,HIGH,,True
LBN,LBN,2017,2.877,2.52,0.357,0.357,0.23,0.051,0.358,0.162,0.544,0.38,0.216,Low Takeoff Signal,0.551,0.287,0.052,SL,Stable / Low Opportunity,Diversified Emerging Market,structural,0.2441,0.4265,0.4788,0.355,0.2298,0.5396,0.0121,0.0066,0.0305,0.1103,0.2357,0.1691,0.8033,0.6443,0.3196,0.7623,0.3474,0.1357,0.3371,0.0519,0.2141,0.1396,clean,N/A,HIGH,,True
LBN,LBN,2018,3.191,2.834,0.357,0.357,0.178,0.062,0.304,0.158,0.477,0.38,0.381,Low Takeoff Signal,0.567,0.28,0.344,SL,Stable / Low Opportunity,Diversified Emerging Market,structural,0.0542,0.3793,0.4849,0.3715,0.2361,0.5354,0.01,0.0062,0.0152,0.1243,0.2529,0.1381,0.7715,0.3625,0.2799,0.7618,0.3113,0.0322,0.5603,0.3436,0.1011,0.0387,clean,N/A,HIGH,,True
LBN,LBN,2019,2.525,2.168,0.357,0.357,0.114,0.073,0.236,0.152,0.35,0.38,0.292,Low Takeoff Signal,0.2,0.272,0.491,SL,Stable / Low Opportunity,Commodity Exporter,structural,0.0157,0.4314,0.4476,0.0619,0.2435,0.5357,0.0055,0.0183,0.0226,0.0997,0.2256,0.1311,0.7725,0.0799,0.2522,0.7635,0.2764,0.0678,0.5593,0.4906,0.0483,0.0498,clean,N/A,HIGH,,True
LBN,LBN,2020,2.722,2.365,0.357,0.357,0.101,0.095,0.158,0.167,0.126,0.389,0.366,Low Takeoff Signal,0.45,0.279,0.396,SL,Stable / Low Opportunity,Commodity Exporter,structural,0.0121,0.1577,0.5497,0.0346,0.2443,0.2875,0.0473,0.0871,0.0028,0.1015,0.2038,0.1196,0.7956,0.0187,0.2471,0.7671,0.2327,0.0514,0.6849,0.3958,0.7831,0.0608,clean,N/A,HIGH,,True
LBN,LBN,2021,2.156,1.799,0.357,0.357,0.125,0.075,0.27,0.134,0.281,0.38,0.173,Low Takeoff Signal,0.45,0.225,0.042,SL,Stable / Low Opportunity,Commodity Exporter,structural,0.0116,0.5146,0.4494,0.0164,0.2638,0.0022,0.0,0.0115,0.0001,0.1124,0.1845,0.1183,0.7941,0.0194,0.2573,0.7725,0.1966,0.0121,0.2884,0.0422,0.0493,0.0212,clean,N/A,HIGH,,True
LBN,LBN,2022,2.191,1.834,0.357,0.357,0.134,0.07,0.262,0.132,0.388,0.38,0.17,Low Takeoff Signal,0.45,0.217,0.041,SL,Stable / Low Opportunity,Diversified Emerging Market,structural,0.2186,0.2495,0.5159,0.0076,0.225,0.0017,0.0003,0.0116,0.0,0.1012,0.1842,0.1278,0.7946,0.2522,0.2658,0.7689,0.169,0.35,0.0752,0.0412,0.03,0.0305,clean,N/A,HIGH,,True
LBN,LBN,2023,2.18,1.823,0.357,0.357,0.115,0.07,0.256,0.131,0.387,0.38,0.195,Low Takeoff Signal,0.45,0.296,0.045,SL,Stable / Low Opportunity,Diversified Emerging Market,structural,0.2079,0.3591,0.5301,0.0063,0.2147,0.0086,0.0039,0.0115,0.0,0.1142,0.1776,0.1206,0.7945,0.2692,0.2475,0.7658,0.1747,0.9806,0.2498,0.0455,0.3452,0.0174,clean,N/A,HIGH,,True
LBN,LBN,2024,1.952,1.595,0.357,0.357,0.115,0.086,0.257,0.133,0.379,0.441,0.132,Low Takeoff Signal,0.057,0.395,0.098,SL,Stable / Low Opportunity,Diversified Emerging Market,structural,0.1723,0.3588,0.4876,0.0065,0.2134,0.4612,0.0116,0.0277,0.0,0.1042,0.1756,0.1189,0.7946,0.2238,0.2483,0.7649,0.1578,0.9702,0.1415,0.098,0.4639,0.9398,clean,N/A,HIGH,,True
LBR,LBR,2010,4.388,4.249,0.139,0.139,0.33,0.146,0.548,0.49,0.227,,0.407,Moderate Potential,0.45,0.309,0.5,SR,Structural Risk,Diversified Emerging Market,structural,0.6261,0.5154,1.0,0.2655,0.3791,0.4017,0.7308,0.5308,0.8449,0.4125,0.2151,0.379,0.188,0.4448,0.8792,0.0684,0.1241,,,,,,clean,N/A,MEDIUM,export_growth; gross_capital_formation; secondary_school_enrolment,False
LBR,LBR,2011,4.257,4.118,0.139,0.139,0.3,0.137,0.568,0.451,0.214,,0.416,Moderate Potential,0.45,0.328,0.5,SR,Structural Risk,Diversified Emerging Market,structural,0.7921,0.4667,0.9999,0.4884,0.1003,0.311,0.759,0.4528,0.8599,0.4037,0.2131,0.3109,0.1487,0.6242,0.8815,0.0678,0.1076,,,,,,clean,N/A,MEDIUM,export_growth; gross_capital_formation,False
LBR,LBR,2012,4.054,3.915,0.139,0.139,0.312,0.136,0.624,0.448,0.203,0.52,0.48,Reform Story,0.45,0.375,0.691,SR,Structural Risk,High-Growth Emerging Market,structural,0.7001,0.6788,0.9967,0.5478,0.092,0.3476,0.7847,0.1554,0.8659,0.4433,0.2325,0.3626,0.0703,0.5951,0.8831,0.0672,0.1333,0.87,0.0434,0.6914,0.9295,0.3637,clean,N/A,MEDIUM,export_growth; gross_capital_formation,True
LBR,LBR,2013,3.858,3.719,0.139,0.139,0.28,0.139,0.587,0.456,0.199,0.494,0.475,Reform Story,0.45,0.333,0.764,SR,Structural Risk,Diversified Emerging Market,structural,0.8575,0.5333,0.9999,0.5062,0.0901,0.2346,0.791,0.3115,0.8694,0.4655,0.2412,0.2873,0.0369,0.8385,0.8879,0.0665,0.1381,0.93,0.032,0.764,0.8926,0.1863,clean,N/A,MEDIUM,export_growth; gross_capital_formation,True
LBR,LBR,2014,3.222,3.083,0.139,0.139,0.174,0.131,0.421,0.396,0.177,0.415,0.456,Reform Story,0.339,0.366,0.835,SR,Structural Risk,Diversified Emerging Market,structural,0.2187,0.4974,0.7297,0.549,0.0588,0.2892,0.7765,0.0051,0.8342,0.3604,0.2586,0.257,0.0308,0.1692,0.8933,0.0654,0.1938,0.373,0.0349,0.8346,0.7754,0.1686,clean,N/A,MEDIUM,export_growth; gross_capital_formation,True
LBR,LBR,2015,2.966,2.827,0.139,0.139,0.18,0.128,0.328,0.392,0.204,0.394,0.376,Low Takeoff Signal,0.215,0.356,0.768,SR,Structural Risk,Diversified Emerging Market,structural,0.2237,0.4033,0.55,0.4921,0.0581,0.4544,0.8018,0.005,0.7933,0.3294,0.2493,0.2738,0.0639,0.1847,0.8915,0.0644,0.196,0.0212,0.0215,0.7677,0.7788,0.4274,clean,N/A,MEDIUM,export_growth; gross_capital_formation,True
LBR,LBR,2016,2.775,2.636,0.139,0.139,0.193,0.12,0.442,0.385,0.174,0.38,0.304,Low Takeoff Signal,0.248,0.269,0.447,SR,Structural Risk,Diversified Emerging Market,structural,0.1075,0.604,0.7653,0.7312,0.0531,0.4536,0.7958,0.0148,0.7741,0.4058,0.2418,0.231,0.03,0.0815,0.89,0.0639,0.1745,0.0294,0.0195,0.4466,0.5179,0.0671,clean,N/A,MEDIUM,export_growth; gross_capital_formation,True
LBR,LBR,2017,2.808,2.669,0.139,0.139,0.204,0.12,0.434,0.394,0.203,0.38,0.296,Low Takeoff Signal,0.24,0.312,0.356,SL,Stable / Low Opportunity,Diversified Emerging Market,structural,0.3853,0.6232,0.5198,0.3862,0.0533,0.4817,0.7685,0.0077,0.7276,0.4917,0.2455,0.2301,0.0402,0.3259,0.8895,0.063,0.1724,0.0995,0.0413,0.356,0.3889,0.0257,clean,N/A,MEDIUM,export_growth; gross_capital_formation,True
LBR,LBR,2018,2.541,2.402,0.139,0.139,0.18,0.129,0.318,0.41,0.234,0.38,0.259,Low Takeoff Signal,0.238,0.291,0.248,SR,Structural Risk,Diversified Emerging Market,structural,0.2352,0.4147,0.474,0.3976,0.0507,0.5344,0.7226,0.0122,0.707,0.5975,0.233,0.1943,0.2213,0.1687,0.8844,0.0625,0.1787,0.6012,0.0169,0.2478,0.2156,0.0387,clean,N/A,MEDIUM,export_growth; gross_capital_formation,True
LBR,LBR,2019,2.474,2.335,0.139,0.139,0.155,0.123,0.352,0.371,0.181,0.38,0.277,Low Takeoff Signal,0.35,0.286,0.204,SR,Structural Risk,Diversified Emerging Market,structural,0.0954,0.461,0.436,0.704,0.0485,0.5278,0.6155,0.0278,0.6815,0.4811,0.2225,0.186,0.155,0.0645,0.8835,0.0614,0.1608,0.4485,0.0263,0.2039,0.0483,0.0498,clean,N/A,MEDIUM,export_growth; gross_capital_formation,True
LBR,LBR,2020,2.962,2.823,0.139,0.139,0.21,0.126,0.305,0.359,0.167,0.38,0.33,Low Takeoff Signal,0.45,0.327,0.233,SR,Structural Risk,Diversified Emerging Market,structural,0.537,0.5251,0.4279,0.6455,0.0497,0.5283,0.6092,0.0255,0.6571,0.5056,0.2231,0.1921,0.0347,0.4837,0.8943,0.0586,0.1611,0.8453,0.0171,0.2331,0.0355,0.3355,clean,N/A,MEDIUM,export_growth; gross_capital_formation,True
LBR,LBR,2021,3.289,3.15,0.139,0.139,0.192,0.114,0.443,0.361,0.195,0.398,0.449,Moderate Potential,0.45,0.459,0.435,SL,Stable / Low Opportunity,Diversified Emerging Market,structural,0.4416,0.4741,0.4017,0.5633,0.0495,0.5742,0.6424,0.0327,0.5817,0.5211,0.232,0.1782,0.0883,0.3488,0.888,0.0573,0.1629,0.7186,0.0356,0.4353,0.0512,0.8562,clean,N/A,MEDIUM,export_growth; gross_capital_formation,True
LBR,LBR,2022,3.585,3.446,0.139,0.139,0.197,0.137,0.441,0.358,0.187,0.548,0.523,Moderate Potential,0.45,0.524,0.622,SR,Structural Risk,Diversified Emerging Market,structural,0.5495,0.343,0.524,0.5638,0.0496,0.6044,0.6138,0.0583,0.5979,0.4773,0.2358,0.1656,0.089,0.4869,0.8835,0.0568,0.1629,0.9664,0.3097,0.622,0.3099,0.8987,clean,N/A,MEDIUM,export_growth; gross_capital_formation,True
LBR,LBR,2023,2.589,3.049,-0.46,0.139,0.201,0.154,0.441,0.356,0.185,0.665,0.407,Moderate Potential,0.2,0.559,0.644,SR,Structural Risk,Diversified Emerging Market,recovery_bounce,0.6648,0.4239,0.6728,0.6019,0.0521,0.5425,0.5654,0.0072,0.5879,0.5252,0.2255,0.1751,0.0889,0.5808,0.8814,0.0564,0.1767,0.9806,0.9725,0.6438,0.433,0.8552,clean,N/A,MEDIUM,export_growth; gross_capital_formation,True
LBR,LBR,2024,3.113,2.974,0.139,0.139,0.199,0.142,0.471,0.362,0.183,0.587,0.389,Low Takeoff Signal,0.2,0.514,0.614,SR,Structural Risk,Diversified Emerging Market,structural,0.588,0.6981,0.6344,0.6112,0.0472,0.5188,0.584,0.0154,0.5852,0.531,0.2387,0.1749,0.0887,0.4986,0.8828,0.0568,0.1893,0.6828,0.9741,0.6135,0.2952,0.5933,clean,N/A,MEDIUM,export_growth; gross_capital_formation,True
LBY,LBY,2010,1.507,3.629,-2.122,0.507,0.151,0.176,0.541,0.456,0.047,,0.504,Moderate Potential,0.45,0.569,0.5,SR,Structural Risk,Diversified Emerging Market,structural,0.5032,1.0,0.398,0.2552,0.6004,0.7219,0.7717,0.882,0.2116,0.3742,0.1361,0.121,0.0006,0.4247,0.0116,0.8044,0.0898,,,,,,narrative_inconsistency,MEDIUM,MEDIUM,secondary_school_enrolment; government_debt_pct_gdp; external_debt_pct_gni,False
LBY,LBY,2011,2.769,2.262,0.507,0.507,0.091,0.15,0.128,0.32,0.006,,0.353,Low Takeoff Signal,0.45,0.205,0.5,SR,Structural Risk,Commodity Exporter,structural,0.0,0.0436,0.3817,0.034,0.2061,0.0273,0.5902,0.6496,0.7263,0.0721,0.1358,0.1155,0.0237,0.0,0.0116,0.794,0.0677,,,,,,clean,N/A,MEDIUM,secondary_school_enrolment; government_debt_pct_gdp; external_debt_pct_gni,True
LBY,LBY,2012,2.196,3.874,-1.678,0.507,0.19,0.206,0.621,0.505,0.056,0.66,0.653,Pre-Breakout Signal,0.45,0.695,0.938,SR,Structural Risk,High-Growth Emerging Market,structural,1.0,0.9992,0.4041,0.1204,0.6168,0.9362,0.8067,0.9099,0.5846,0.0835,0.1723,0.1533,0.0006,1.0,0.0153,0.7832,0.0829,0.9051,,0.9375,,0.4815,narrative_inconsistency,HIGH,MEDIUM,secondary_school_enrolment; government_debt_pct_gdp; external_debt_pct_gni,True
LBY,LBY,2013,1.507,2.634,-1.127,0.507,0.106,0.179,0.262,0.445,0.019,0.467,0.434,Moderate Potential,0.45,0.405,0.45,SR,Structural Risk,Diversified Emerging Market,structural,0.0008,0.2096,0.345,0.3404,0.4712,0.6732,0.7812,0.5399,0.8933,0.05,0.1053,0.1149,0.0016,0.0004,0.0153,0.7702,0.0578,0.8118,0.1071,0.4503,,0.5589,narrative_inconsistency,MEDIUM,MEDIUM,secondary_school_enrolment; government_debt_pct_gdp; external_debt_pct_gni,True
LBY,LBY,2014,2.163,1.656,0.507,0.507,0.064,0.102,0.29,0.201,0.018,0.38,0.225,Low Takeoff Signal,0.709,0.314,0.04,SL,Stable / Low Opportunity,Diversified Emerging Market,structural,0.0,0.0825,0.3981,0.5739,0.4928,0.3172,0.6584,0.0062,0.2541,0.0216,0.0728,0.0937,0.0128,0.0,0.0133,0.7532,0.0282,0.7003,0.0573,0.04,,0.2321,clean,N/A,MEDIUM,secondary_school_enrolment; government_debt_pct_gdp; external_debt_pct_gni,True
LBY,LBY,2015,1.763,1.256,0.507,0.507,0.092,0.093,0.289,0.184,0.096,0.38,0.072,Low Takeoff Signal,0.022,0.338,0.048,SL,Stable / Low Opportunity,Diversified Emerging Market,structural,0.1701,0.4264,0.3585,0.1879,0.344,0.2523,0.4059,0.0363,0.6872,0.0214,0.0556,0.076,0.1115,0.1624,0.0103,0.7385,0.0235,0.647,,0.0475,,0.1966,clean,N/A,MEDIUM,secondary_school_enrolment; government_debt_pct_gdp; external_debt_pct_gni,True
LBY,LBY,2016,1.801,1.294,0.507,0.507,0.094,0.094,0.241,0.192,0.097,0.38,0.08,Low Takeoff Signal,0.041,0.243,0.049,SL,Stable / Low Opportunity,Diversified Emerging Market,structural,0.1105,0.3877,0.324,0.1043,0.2785,0.3262,0.329,0.2169,0.6581,0.021,0.0607,0.0746,0.1724,0.1046,0.0086,0.7268,0.0208,0.0294,,0.0485,,0.0385,clean,N/A,MEDIUM,secondary_school_enrolment; government_debt_pct_gdp; external_debt_pct_gni,True
LBY,LBY,2017,2.929,2.422,0.507,0.507,0.147,0.095,0.599,0.27,0.112,0.38,0.314,Low Takeoff Signal,0.557,0.53,0.087,SL,Stable / Low Opportunity,Diversified Emerging Market,structural,1.0,0.9898,0.418,0.0792,0.5344,0.391,0.4442,0.8922,0.5709,0.0194,0.0686,0.0732,0.0338,1.0,0.0078,0.7231,0.0252,0.9484,,0.0869,,0.0257,clean,N/A,MEDIUM,secondary_school_enrolment; government_debt_pct_gdp; external_debt_pct_gni,True
LBY,LBY,2018,1.673,3.372,-1.699,0.507,0.152,0.166,0.536,0.363,0.075,0.625,0.57,Pre-Breakout Signal,0.609,0.607,0.49,SR,Structural Risk,Commodity Exporter,structural,0.9288,0.6703,0.4451,0.1041,0.5357,0.5357,0.5646,0.9777,0.5974,0.0171,0.0734,0.0875,0.0126,0.9173,0.0069,0.7233,0.0229,0.9403,,0.4905,,0.6353,narrative_inconsistency,HIGH,MEDIUM,secondary_school_enrolment; government_debt_pct_gdp; external_debt_pct_gni,True
LBY,LBY,2019,1.776,3.27,-1.494,0.507,0.126,0.189,0.285,0.398,0.024,0.646,0.58,Pre-Breakout Signal,0.45,0.495,0.94,SR,Structural Risk,Commodity Exporter,structural,0.0026,0.4581,0.4182,0.083,0.4731,0.5397,0.739,0.8514,0.7693,0.0179,0.0691,0.0797,0.0029,0.0018,0.0058,0.7232,0.0243,0.4392,,0.9401,,0.9686,narrative_inconsistency,HIGH,MEDIUM,secondary_school_enrolment; government_debt_pct_gdp; external_debt_pct_gni,True
LBY,LBY,2020,1.927,2.544,-0.617,0.507,0.092,0.114,0.204,0.177,0.018,0.449,0.429,Moderate Potential,0.45,0.334,0.545,SL,Stable / Low Opportunity,Commodity Exporter,structural,0.0017,0.1075,0.4868,0.046,0.5765,0.548,0.4428,0.1066,0.1306,0.0201,0.065,0.0748,0.152,0.0014,0.008,0.7278,0.0273,0.0514,,0.545,,0.9722,narrative_inconsistency,MEDIUM,MEDIUM,secondary_school_enrolment; government_debt_pct_gdp; external_debt_pct_gni,True
LBY,LBY,2021,2.333,3.272,-0.939,0.507,0.119,0.135,0.577,0.302,0.023,0.46,0.591,Pre-Breakout Signal,0.656,0.563,0.553,SR,Structural Risk,Commodity Exporter,structural,0.9996,1.0,0.438,0.0705,0.4415,0.5867,0.3094,0.9699,0.4014,0.0225,0.0759,0.0738,0.0001,0.9993,0.008,0.7304,0.0323,0.0768,,0.5532,,0.8562,narrative_inconsistency,HIGH,MEDIUM,secondary_school_enrolment; government_debt_pct_gdp; external_debt_pct_gni,True
LBY,LBY,2022,2.924,2.417,0.507,0.507,0.109,0.15,0.196,0.372,0.01,0.39,0.369,Low Takeoff Signal,0.45,0.283,0.398,SR,Structural Risk,Diversified Emerging Market,structural,0.0337,0.0298,0.5036,0.0515,0.333,0.6749,0.235,0.9816,0.8126,0.0296,0.0591,0.0769,0.0001,0.0309,0.0059,0.7296,0.0334,0.3546,,0.3981,,0.4179,clean,N/A,MEDIUM,secondary_school_enrolment; government_debt_pct_gdp; external_debt_pct_gni,True
LBY,LBY,2023,1.636,3.117,-1.481,0.507,0.129,0.192,0.477,0.422,0.021,0.636,0.533,Moderate Potential,0.45,0.586,0.582,SR,Structural Risk,Diversified Emerging Market,structural,0.939,0.6412,0.4733,0.177,0.4042,0.5966,0.5824,0.9782,0.8173,0.0282,0.0685,0.0756,0.0001,0.9371,0.0053,0.7283,0.0378,0.9806,0.4611,0.5819,,0.8068,narrative_inconsistency,MEDIUM,MEDIUM,secondary_school_enrolment; government_debt_pct_gdp; external_debt_pct_gni,True
LBY,LBY,2024,1.737,2.841,-1.104,0.507,0.116,0.184,0.337,0.415,0.017,0.571,0.476,Moderate Potential,0.45,0.454,0.536,SR,Structural Risk,Diversified Emerging Market,structural,0.3779,0.2296,0.4546,0.1076,0.4569,0.5832,0.6401,0.8474,0.7891,0.0413,0.0669,0.0829,0.0001,0.4045,0.0047,0.7305,0.0414,0.6145,0.4113,0.5365,,0.7229,narrative_inconsistency,MEDIUM,MEDIUM,secondary_school_enrolment; government_debt_pct_gdp; external_debt_pct_gni,True
LKA,Sri Lanka,2010,7.502,6.876,0.626,0.626,0.744,0.043,0.572,0.399,0.581,,0.517,Moderate Potential,0.45,0.611,0.5,RO,Robust Opportunity,High-Growth Emerging Market,structural,0.8045,0.5078,0.3569,0.5127,0.7339,0.3866,0.1969,0.456,0.6636,0.2541,0.4832,0.4459,0.7989,0.8731,0.4585,0.4454,0.4752,,,,,,clean,N/A,MEDIUM,export_growth; gross_capital_formation,False
LKA,Sri Lanka,2011,7.697,7.071,0.626,0.626,0.778,0.037,0.581,0.407,0.612,,0.519,Moderate Potential,0.45,0.619,0.5,RO,Robust Opportunity,High-Growth Emerging Market,structural,0.8148,0.4593,0.3561,0.5497,0.7441,0.6004,0.2003,0.36,0.6074,0.2811,0.4571,0.4456,0.81,0.8519,0.5279,0.4484,0.5285,,,,,,clean,N/A,MEDIUM,export_growth; gross_capital_formation,False
LKA,Sri Lanka,2012,6.823,6.197,0.626,0.626,0.695,0.06,0.521,0.346,0.607,0.56,0.539,Moderate Potential,0.45,0.57,0.625,RO,Robust Opportunity,Diversified Emerging Market,structural,0.7264,0.4552,0.4004,0.2948,0.7358,0.252,0.2387,0.4048,0.4135,0.2185,0.5182,0.4338,0.7996,0.7493,0.5358,0.4658,0.5242,0.7722,0.549,0.6251,0.6936,0.1827,clean,N/A,MEDIUM,export_growth; gross_capital_formation,True
LKA,Sri Lanka,2013,6.146,5.52,0.626,0.626,0.604,0.052,0.467,0.382,0.587,0.448,0.489,Moderate Potential,0.45,0.498,0.527,RO,Robust Opportunity,Diversified Emerging Market,structural,0.5589,0.4489,0.3552,0.3086,0.7127,0.4753,0.2547,0.4507,0.4494,0.2613,0.4378,0.433,0.8009,0.8691,0.5048,0.4632,0.4903,0.2071,0.5982,0.5268,0.717,0.1899,clean,N/A,MEDIUM,export_growth; gross_capital_formation,True
LKA,Sri Lanka,2014,6.203,5.577,0.626,0.626,0.657,0.059,0.513,0.42,0.58,0.496,0.425,Moderate Potential,0.431,0.534,0.32,RO,Robust Opportunity,Diversified Emerging Market,structural,0.8033,0.4794,0.4015,0.3427,0.6794,0.6679,0.2594,0.472,0.4775,0.3422,0.4244,0.3887,0.8015,0.855,0.4674,0.466,0.5306,0.2889,0.6064,0.3202,0.7657,0.5158,clean,N/A,MEDIUM,export_growth; gross_capital_formation,True
LKA,Sri Lanka,2015,6.429,5.803,0.626,0.626,0.673,0.044,0.582,0.443,0.552,0.399,0.463,Moderate Potential,0.429,0.531,0.432,RO,Robust Opportunity,High-Growth Emerging Market,structural,0.6233,0.4801,0.3547,0.8649,0.683,0.5415,0.2411,0.5523,0.5116,0.5597,0.5312,0.4301,0.7627,0.68,0.4451,0.4533,0.5332,0.1171,0.4445,0.4319,0.6845,0.3165,clean,N/A,HIGH,export_growth,True
LKA,Sri Lanka,2016,6.79,6.164,0.626,0.626,0.72,0.055,0.61,0.453,0.552,0.519,0.494,Moderate Potential,0.416,0.611,0.472,RO,Robust Opportunity,High-Growth Emerging Market,structural,0.7365,0.4912,0.3284,0.9107,0.669,0.5488,0.2872,0.5788,0.5449,0.5529,0.5296,0.461,0.7977,0.7654,0.4055,0.4723,0.4923,0.3814,0.5211,0.4719,0.5434,0.6775,clean,N/A,HIGH,,True
LKA,Sri Lanka,2017,7.433,6.807,0.626,0.626,0.76,0.05,0.652,0.445,0.582,0.58,0.612,Pre-Breakout Signal,0.389,0.656,0.962,RO,Robust Opportunity,High-Growth Emerging Market,structural,0.7762,0.4614,0.4262,0.9713,0.6718,0.5262,0.3281,0.4831,0.5438,0.5353,0.5281,0.4379,0.8003,0.7879,0.4784,0.4714,0.4546,0.6516,0.5574,0.9615,0.7874,0.1889,clean,N/A,HIGH,,True
LKA,Sri Lanka,2018,6.546,5.92,0.626,0.626,0.615,0.079,0.582,0.436,0.487,0.568,0.584,Pre-Breakout Signal,0.362,0.613,0.964,RO,Robust Opportunity,Diversified Emerging Market,structural,0.3676,0.4753,0.453,0.9487,0.6943,0.5355,0.2263,0.4432,0.5039,0.4804,0.5545,0.4839,0.7695,0.4008,0.3482,0.4669,0.4323,0.2661,0.799,0.9636,0.5421,0.534,clean,N/A,HIGH,,True
LKA,Sri Lanka,2019,5.499,4.873,0.626,0.626,0.489,0.087,0.519,0.44,0.44,0.464,0.482,Moderate Potential,0.35,0.514,0.648,SL,Stable / Low Opportunity,High-Growth Emerging Market,structural,0.2149,0.4438,0.4172,0.8893,0.694,0.5373,0.2513,0.4951,0.4494,0.522,0.5432,0.4922,0.77,0.2546,0.34,0.4628,0.4327,0.0678,0.6117,0.6477,0.4602,0.5305,clean,N/A,HIGH,,True
LKA,Sri Lanka,2020,5.075,4.449,0.626,0.626,0.471,0.103,0.432,0.423,0.345,0.38,0.391,Low Takeoff Signal,0.35,0.391,0.445,SL,Stable / Low Opportunity,Diversified Emerging Market,structural,0.4359,0.3039,0.4805,0.8936,0.6926,0.5455,0.2653,0.5078,0.4866,0.5564,0.4906,0.4273,0.792,0.4738,0.277,0.4589,0.4836,0.0514,0.6404,0.4451,0.1058,0.4331,clean,N/A,HIGH,,True
LKA,Sri Lanka,2021,4.924,4.298,0.626,0.626,0.502,0.035,0.615,0.383,0.479,0.38,0.302,Low Takeoff Signal,0.35,0.468,0.152,SL,Stable / Low Opportunity,High-Growth Emerging Market,structural,0.3756,0.4405,0.4245,0.9471,0.6032,0.542,0.2082,0.3677,0.4704,0.3784,0.4773,0.4101,0.7919,0.3714,0.2528,0.4501,0.4522,0.2534,0.2389,0.1519,0.0493,0.7031,clean,N/A,HIGH,,True
LKA,Sri Lanka,2022,3.048,2.422,0.626,0.626,0.232,0.095,0.436,0.357,0.284,0.38,0.186,Low Takeoff Signal,0.45,0.282,0.041,SL,Stable / Low Opportunity,Diversified Emerging Market,structural,0.0432,0.5034,0.4976,0.651,0.5702,0.0716,0.0955,0.5263,0.3099,0.2612,0.4443,0.407,0.7924,0.0528,0.3006,0.4627,0.3331,0.0339,0.3455,0.0412,0.03,0.0305,clean,N/A,HIGH,,True
LKA,Sri Lanka,2023,3.856,3.23,0.626,0.626,0.366,0.084,0.441,0.401,0.415,0.38,0.209,Low Takeoff Signal,0.45,0.358,0.045,SL,Stable / Low Opportunity,Diversified Emerging Market,structural,0.1278,0.8088,0.4364,0.5689,0.5769,0.5892,0.1207,0.6902,0.3458,0.2961,0.453,0.3951,0.7923,0.2395,0.3214,0.4529,0.3623,0.1982,0.4654,0.0455,0.0506,0.3995,clean,N/A,HIGH,,True
LKA,Sri Lanka,2024,6.554,5.928,0.626,0.626,0.675,0.054,0.568,0.448,0.54,0.43,0.494,Moderate Potential,0.45,0.518,0.522,RO,Robust Opportunity,Diversified Emerging Market,structural,0.6798,0.7122,0.4313,0.7057,0.5678,0.6117,0.1723,0.6525,0.4986,0.4714,0.4811,0.405,0.7924,0.8214,0.3666,0.4505,0.3931,0.2914,0.4127,0.5223,0.2813,0.6419,clean,N/A,HIGH,,True
LSO,LSO,2010,5.69,5.672,0.018,0.018,0.55,0.148,0.43,0.595,0.456,,0.473,Moderate Potential,0.45,0.473,0.5,SR,Structural Risk,High-Growth Emerging Market,structural,0.5315,0.297,0.3469,0.8183,0.1857,0.6977,0.6299,0.2031,0.7995,0.8136,0.4704,0.6432,0.6884,0.6156,0.318,0.5778,0.2589,,,,,,clean,N/A,HIGH,,False
LSO,LSO,2011,5.449,5.431,0.018,0.018,0.509,0.137,0.424,0.554,0.45,,0.467,Moderate Potential,0.45,0.458,0.5,SR,Structural Risk,High-Growth Emerging Market,structural,0.5592,0.5109,0.3819,0.5093,0.2084,0.4961,0.6012,0.1701,0.7904,0.8443,0.4724,0.6444,0.7181,0.5983,0.3185,0.5791,0.2618,,,,,,clean,N/A,HIGH,,False
LSO,LSO,2012,6.02,6.002,0.018,0.018,0.649,0.122,0.501,0.553,0.478,0.536,0.554,Pre-Breakout Signal,0.45,0.551,0.713,FO,Fragile Opportunity,High-Growth Emerging Market,structural,0.6259,0.4033,0.4177,0.8889,0.2163,0.542,0.5705,0.2729,0.7396,0.7242,0.4926,0.6321,0.6686,0.6433,0.3422,0.5793,0.2961,0.7674,0.8267,0.7126,0.144,0.324,clean,N/A,HIGH,,True
LSO,LSO,2013,5.041,5.023,0.018,0.018,0.467,0.141,0.408,0.557,0.435,0.467,0.556,Pre-Breakout Signal,0.45,0.484,0.835,SR,Structural Risk,Diversified Emerging Market,structural,0.3722,0.3448,0.3898,0.8229,0.1931,0.415,0.5788,0.3011,0.717,0.7538,0.5092,0.6765,0.6387,0.4053,0.3391,0.5788,0.3497,0.4377,0.8161,0.8354,0.2302,0.1684,clean,N/A,HIGH,,True
LSO,LSO,2014,4.282,4.264,0.018,0.018,0.434,0.137,0.419,0.555,0.423,0.422,0.394,Low Takeoff Signal,0.176,0.459,0.846,SR,Structural Risk,High-Growth Emerging Market,structural,0.3107,0.3308,0.4673,0.8791,0.1919,0.6299,0.5924,0.2638,0.7359,0.5126,0.5192,0.6378,0.5932,0.3474,0.3174,0.579,0.3314,0.0925,0.9483,0.8455,0.3011,0.2176,clean,N/A,HIGH,,True
LSO,LSO,2015,5.317,5.299,0.018,0.018,0.528,0.109,0.511,0.503,0.438,0.504,0.541,Moderate Potential,0.367,0.541,0.849,SL,Stable / Low Opportunity,High-Growth Emerging Market,structural,0.514,0.6231,0.4751,0.7507,0.2015,0.4685,0.5889,0.3217,0.7185,0.5024,0.5225,0.6009,0.4883,0.5482,0.2971,0.5791,0.3225,0.382,0.9163,0.8493,0.444,0.1942,clean,N/A,HIGH,,True
LSO,LSO,2016,4.65,4.632,0.018,0.018,0.493,0.117,0.481,0.475,0.435,0.564,0.408,Moderate Potential,0.292,0.551,0.425,SL,Stable / Low Opportunity,High-Growth Emerging Market,structural,0.5843,0.5632,0.4799,0.6914,0.1672,0.5483,0.6753,0.1902,0.5209,0.4903,0.4935,0.5793,0.4105,0.6096,0.2816,0.5781,0.3169,0.5344,0.8865,0.425,0.8406,0.3601,clean,N/A,HIGH,,True
LSO,LSO,2017,3.229,3.211,0.018,0.018,0.258,0.159,0.295,0.49,0.313,0.502,0.366,Low Takeoff Signal,0.402,0.426,0.274,SR,Structural Risk,Diversified Emerging Market,structural,0.0543,0.4088,0.4321,0.3772,0.1907,0.5411,0.6826,0.2388,0.5198,0.5243,0.4655,0.5925,0.5137,0.0579,0.2485,0.5752,0.3227,0.3508,0.5504,0.2737,0.8297,0.5863,clean,N/A,HIGH,,True
LSO,LSO,2018,2.719,2.701,0.018,0.018,0.25,0.141,0.311,0.49,0.341,0.38,0.236,Low Takeoff Signal,0.475,0.324,0.072,SR,Structural Risk,Diversified Emerging Market,structural,0.0668,0.4743,0.4519,0.3195,0.1851,0.5354,0.6075,0.2435,0.6106,0.5392,0.4277,0.5811,0.641,0.0651,0.2193,0.5745,0.2931,0.0302,0.0414,0.0723,0.7361,0.591,clean,N/A,HIGH,,True
LSO,LSO,2019,2.484,2.466,0.018,0.018,0.237,0.129,0.317,0.452,0.334,0.38,0.191,Low Takeoff Signal,0.45,0.319,0.039,SR,Structural Risk,Diversified Emerging Market,structural,0.1413,0.3654,0.4241,0.6157,0.1808,0.5375,0.5067,0.2936,0.5507,0.4661,0.4255,0.5513,0.6127,0.135,0.1995,0.5707,0.2802,0.0678,0.0263,0.0386,0.3339,0.8367,clean,N/A,HIGH,,True
LSO,LSO,2020,2.738,2.72,0.018,0.018,0.279,0.147,0.294,0.457,0.218,0.38,0.199,Low Takeoff Signal,0.45,0.258,0.056,SR,Structural Risk,Diversified Emerging Market,structural,0.2439,0.4176,0.4934,0.662,0.1748,0.5411,0.6448,0.2655,0.4693,0.542,0.4104,0.5455,0.5344,0.2385,0.2076,0.5735,0.2342,0.0882,0.2924,0.0564,0.1942,0.2427,clean,N/A,HIGH,,True
LSO,LSO,2021,3.264,3.246,0.018,0.018,0.324,0.099,0.45,0.439,0.386,0.38,0.277,Low Takeoff Signal,0.45,0.418,0.097,SL,Stable / Low Opportunity,High-Growth Emerging Market,structural,0.2334,0.3902,0.4094,0.7403,0.1744,0.5616,0.5996,0.1647,0.4961,0.558,0.4016,0.4905,0.6512,0.235,0.2079,0.5757,0.2506,0.7421,0.1098,0.0969,0.3131,0.4143,clean,N/A,HIGH,,True
LSO,LSO,2022,3.36,3.342,0.018,0.018,0.315,0.096,0.402,0.412,0.41,0.398,0.317,Low Takeoff Signal,0.45,0.43,0.148,SL,Stable / Low Opportunity,High-Growth Emerging Market,structural,0.3875,0.1432,0.4765,0.656,0.1727,0.6377,0.5032,0.122,0.4721,0.5524,0.3853,0.4984,0.6521,0.3967,0.2086,0.5712,0.2851,0.9251,0.0752,0.1479,0.2646,0.8108,clean,N/A,HIGH,,True
LSO,LSO,2023,3.587,3.569,0.018,0.018,0.325,0.121,0.367,0.475,0.401,0.381,0.365,Low Takeoff Signal,0.45,0.436,0.233,SR,Structural Risk,Diversified Emerging Market,structural,0.4069,0.068,0.3596,0.7105,0.1796,0.5597,0.5362,0.5435,0.4019,0.5438,0.3976,0.4327,0.652,0.4289,0.1955,0.5636,0.2875,0.9651,0.0528,0.233,0.3781,0.4907,clean,N/A,HIGH,,True
LSO,LSO,2024,4.42,4.402,0.018,0.018,0.382,0.127,0.388,0.485,0.419,0.488,0.51,Moderate Potential,0.45,0.49,0.619,SR,Structural Risk,Diversified Emerging Market,structural,0.4715,0.1035,0.4021,0.7183,0.1688,0.5681,0.5483,0.589,0.4321,0.5162,0.4157,0.4403,0.652,0.4896,0.1959,0.5637,0.3136,0.9659,0.1002,0.6186,0.2229,0.7829,clean,N/A,HIGH,,True
LTU,LTU,2010,6.398,5.639,0.759,0.759,0.551,0.167,0.42,0.646,0.442,,0.462,Moderate Potential,0.45,0.444,0.5,SR,Structural Risk,Diversified Emerging Market,structural,0.1048,0.5628,0.4154,0.1815,0.8637,0.6966,0.5917,0.5089,0.3589,0.8488,0.8123,0.7597,0.7901,0.3825,0.0739,0.8743,0.8602,,,,,,clean,N/A,HIGH,external_debt_pct_gni,False
LTU,LTU,2011,7.927,7.168,0.759,0.759,0.802,0.1,0.571,0.601,0.57,,0.51,Moderate Potential,0.45,0.588,0.5,RO,Robust Opportunity,Advanced Economy,structural,0.6817,0.5361,0.4371,0.3643,0.8625,0.6596,0.5844,0.426,0.1553,0.8543,0.7983,0.7334,0.8016,0.8794,0.1158,0.8747,0.8551,,,,,,clean,N/A,HIGH,external_debt_pct_gni,False
LTU,LTU,2012,7.387,6.628,0.759,0.759,0.821,0.114,0.508,0.639,0.625,0.485,0.471,Moderate Potential,0.45,0.538,0.425,RO,Robust Opportunity,Advanced Economy,structural,0.5306,0.5171,0.4049,0.2717,0.8545,0.6827,0.5698,0.4912,0.3667,0.8571,0.8039,0.7829,0.7907,0.6646,0.2416,0.8704,0.8738,0.9051,0.3143,0.4247,0.3628,0.5731,clean,N/A,HIGH,external_debt_pct_gni,True
LTU,LTU,2013,7.894,7.135,0.759,0.759,0.873,0.12,0.504,0.671,0.682,0.578,0.533,Moderate Potential,0.45,0.595,0.572,FO,Fragile Opportunity,Advanced Economy,structural,0.5585,0.488,0.3719,0.286,0.8536,0.7412,0.6066,0.5845,0.3519,0.9106,0.8124,0.7921,0.7918,0.7648,0.3803,0.8652,0.8772,0.8352,0.2094,0.5716,0.6086,0.8567,clean,N/A,HIGH,external_debt_pct_gni,True
LTU,LTU,2014,7.516,6.757,0.759,0.759,0.837,0.13,0.47,0.691,0.709,0.578,0.482,Moderate Potential,0.282,0.571,0.74,FO,Fragile Opportunity,Advanced Economy,structural,0.5441,0.405,0.3936,0.2748,0.8371,0.7483,0.6021,0.7024,0.4238,0.8906,0.8445,0.8032,0.7916,0.8008,0.4519,0.8616,0.8851,0.7667,0.0556,0.7399,0.5931,0.9116,clean,N/A,HIGH,external_debt_pct_gni,True
LTU,LTU,2015,7.475,6.716,0.759,0.759,0.836,0.11,0.498,0.666,0.731,0.553,0.473,Moderate Potential,0.21,0.584,0.952,RO,Robust Opportunity,Advanced Economy,structural,0.4839,0.4698,0.4045,0.3901,0.8223,0.6597,0.627,0.537,0.4296,0.9019,0.8643,0.8213,0.754,0.7244,0.5432,0.8595,0.91,0.125,0.4649,0.9521,0.6767,0.8724,clean,N/A,HIGH,external_debt_pct_gni,True
LTU,LTU,2016,7.609,6.85,0.759,0.759,0.833,0.112,0.485,0.67,0.747,0.572,0.514,Moderate Potential,0.267,0.582,0.957,RO,Robust Opportunity,Advanced Economy,structural,0.4737,0.4917,0.4219,0.2953,0.8148,0.5771,0.6909,0.6289,0.5115,0.9104,0.8735,0.8281,0.7891,0.7661,0.5985,0.8584,0.8864,0.2421,0.7325,0.9566,0.8605,0.3872,clean,N/A,HIGH,external_debt_pct_gni,True
LTU,LTU,2017,8.01,7.251,0.759,0.759,0.879,0.082,0.551,0.661,0.786,0.572,0.557,Pre-Breakout Signal,0.315,0.618,0.962,RO,Robust Opportunity,Advanced Economy,structural,0.6116,0.5169,0.449,0.2895,0.8232,0.5478,0.6994,0.684,0.4429,0.9003,0.8671,0.8147,0.7891,0.83,0.6242,0.8603,0.8854,0.5589,0.9039,0.9615,0.8297,0.051,clean,N/A,HIGH,external_debt_pct_gni,True
LTU,LTU,2018,7.839,7.08,0.759,0.759,0.907,0.084,0.55,0.678,0.801,0.568,0.468,Moderate Potential,0.408,0.593,0.415,RO,Robust Opportunity,Advanced Economy,structural,0.7106,0.4896,0.4599,0.3673,0.8192,0.5355,0.7569,0.6283,0.5985,0.9013,0.8442,0.7464,0.7595,0.8976,0.6781,0.8628,0.8866,0.7686,0.8369,0.4149,0.8901,0.1734,clean,N/A,HIGH,external_debt_pct_gni,True
LTU,LTU,2019,7.658,6.899,0.759,0.759,0.91,0.102,0.541,0.701,0.782,0.622,0.413,Moderate Potential,0.2,0.633,0.583,RO,Robust Opportunity,Advanced Economy,structural,0.6865,0.4838,0.4749,0.2463,0.8199,0.5382,0.7437,0.7601,0.5161,0.9135,0.9016,0.8292,0.7603,0.8236,0.6478,0.863,0.8665,0.9167,0.9331,0.583,0.8805,0.2762,clean,N/A,HIGH,external_debt_pct_gni,True
LTU,LTU,2020,7.905,7.146,0.759,0.759,0.914,0.172,0.448,0.701,0.629,0.73,0.475,Moderate Potential,0.2,0.618,0.956,FO,Fragile Opportunity,Knowledge / Service Economy,structural,0.7102,0.5518,0.5927,0.1863,0.8202,0.5535,0.7177,0.8949,0.4767,0.9368,0.9159,0.8548,0.7818,0.774,0.4625,0.8619,0.8604,0.8921,0.8943,0.9559,0.8358,0.6477,clean,N/A,HIGH,external_debt_pct_gni,True
LTU,LTU,2021,7.751,6.992,0.759,0.759,0.875,0.089,0.603,0.701,0.787,0.695,0.49,Moderate Potential,0.2,0.679,0.955,RO,Robust Opportunity,Advanced Economy,structural,0.5632,0.601,0.4644,0.3946,0.8092,0.5362,0.7259,0.6228,0.5232,0.9202,0.9254,0.8686,0.7862,0.6403,0.614,0.8612,0.9064,0.7161,0.8005,0.9548,0.7849,0.5074,clean,N/A,HIGH,external_debt_pct_gni,True
LTU,LTU,2022,7.54,6.781,0.759,0.759,0.84,0.09,0.601,0.667,0.731,0.442,0.484,Moderate Potential,0.25,0.532,0.938,RO,Robust Opportunity,Advanced Economy,stable,0.3972,0.5796,0.5283,0.6885,0.8152,0.4433,0.7645,0.3288,0.4933,0.914,0.9296,0.856,0.7867,0.4246,0.6472,0.8581,0.9122,0.3081,0.3832,0.9378,0.7387,0.0305,clean,N/A,HIGH,external_debt_pct_gni,True
LTU,LTU,2023,7.087,6.328,0.759,0.759,0.773,0.154,0.462,0.727,0.641,0.467,0.46,Moderate Potential,0.25,0.458,0.938,FO,Fragile Opportunity,Advanced Economy,structural,0.2833,0.2893,0.5891,0.4141,0.8066,0.598,0.7684,0.6085,0.5191,0.9085,0.9402,0.8661,0.7866,0.2841,0.5646,0.8555,0.9158,0.1982,0.0541,0.9378,0.5958,0.7384,clean,N/A,HIGH,external_debt_pct_gni,True
LTU,LTU,2024,7.643,6.884,0.759,0.759,0.868,0.136,0.502,0.743,0.727,0.492,0.472,Moderate Potential,0.25,0.503,0.918,FO,Fragile Opportunity,Advanced Economy,structural,0.4633,0.4427,0.5393,0.3389,0.7985,0.5864,0.7596,0.6854,0.5273,0.9178,0.9439,0.8849,0.7868,0.5366,0.5675,0.8571,0.928,0.1604,0.3267,0.9182,0.6194,0.6033,clean,N/A,HIGH,external_debt_pct_gni,True
LUX,LUX,2010,7.932,7.334,0.598,0.598,0.896,0.135,0.559,0.748,0.668,,0.415,Moderate Potential,0.45,0.326,0.5,FO,Fragile Opportunity,Advanced Economy,structural,0.3586,0.4541,0.9992,0.1891,0.8205,0.7416,0.7939,0.648,0.1451,0.9598,0.9727,0.9832,0.8016,0.307,0.6209,0.9055,0.9642,,,,,,clean,N/A,HIGH,external_debt_pct_gni,False
LUX,LUX,2011,7.433,6.835,0.598,0.598,0.779,0.186,0.478,0.798,0.569,,0.453,Moderate Potential,0.45,0.418,0.5,FO,Fragile Opportunity,Advanced Economy,structural,0.2978,0.4409,0.7105,0.2355,0.8139,0.6637,0.7964,0.6302,0.6303,0.9554,0.9741,0.9862,0.8111,0.244,0.4842,0.9027,0.9706,,,,,,clean,N/A,HIGH,external_debt_pct_gni,False
LUX,LUX,2012,7.176,6.578,0.598,0.598,0.786,0.171,0.442,0.756,0.635,0.445,0.509,Moderate Potential,0.45,0.454,0.672,FO,Fragile Opportunity,Advanced Economy,stable,0.3949,0.4362,0.4629,0.2163,0.8037,0.7124,0.7816,0.6292,0.3194,0.9513,0.9735,0.9846,0.7999,0.3518,0.5428,0.9005,0.965,0.4805,0.0434,0.6718,0.5625,0.4667,clean,N/A,HIGH,external_debt_pct_gni,True
LUX,LUX,2013,7.694,7.096,0.598,0.598,0.92,0.131,0.577,0.753,0.68,0.504,0.452,Reform Story,0.45,0.328,0.662,FO,Fragile Opportunity,Advanced Economy,structural,0.4852,0.4789,0.993,0.2027,0.8068,0.6855,0.7761,0.6419,0.3231,0.9492,0.9736,0.9849,0.8021,0.4157,0.5574,0.8996,0.9665,0.704,0.032,0.6621,0.5222,0.6009,clean,N/A,HIGH,external_debt_pct_gni,True
LUX,LUX,2014,7.314,6.716,0.598,0.598,0.851,0.16,0.571,0.785,0.587,0.52,0.451,Moderate Potential,0.445,0.417,0.503,FO,Fragile Opportunity,Advanced Economy,structural,0.4095,0.485,0.9089,0.2263,0.8086,0.785,0.7975,0.719,0.4618,0.953,0.9714,0.9851,0.8032,0.3117,0.2995,0.9004,0.958,0.7148,0.0349,0.5026,0.5999,0.8591,clean,N/A,HIGH,external_debt_pct_gni,True
LUX,LUX,2015,7.254,6.656,0.598,0.598,0.878,0.139,0.58,0.745,0.644,0.672,0.393,Low Takeoff Signal,0.331,0.403,0.467,FO,Fragile Opportunity,Advanced Economy,structural,0.4262,0.4962,0.9998,0.2398,0.7981,0.6351,0.8288,0.8635,0.2033,0.9575,0.9731,0.9859,0.7665,0.3395,0.503,0.8884,0.9616,0.7634,0.9163,0.4665,0.7926,0.6444,clean,N/A,HIGH,external_debt_pct_gni,True
LUX,LUX,2016,7.433,6.835,0.598,0.598,0.898,0.129,0.607,0.766,0.67,0.615,0.413,Moderate Potential,0.388,0.417,0.441,FO,Fragile Opportunity,Advanced Economy,structural,0.7295,0.4955,0.9964,0.2084,0.8119,0.5818,0.8583,0.9119,0.4473,0.9556,0.972,0.9841,0.802,0.6532,0.3433,0.8865,0.9625,0.782,0.9254,0.4407,0.8816,0.3843,clean,N/A,HIGH,external_debt_pct_gni,True
LUX,LUX,2017,5.87,5.272,0.598,0.598,0.587,0.194,0.351,0.771,0.625,0.463,0.445,Moderate Potential,0.34,0.588,0.44,FO,Fragile Opportunity,Advanced Economy,structural,0.2782,0.3886,0.0444,0.2205,0.8192,0.5623,0.8423,0.8891,0.5368,0.9493,0.973,0.9832,0.803,0.196,0.5473,0.8921,0.9567,0.5549,0.0413,0.4395,0.8394,0.5297,clean,N/A,HIGH,external_debt_pct_gni,True
LUX,LUX,2018,6.387,5.789,0.598,0.598,0.611,0.193,0.352,0.769,0.657,0.418,0.552,Pre-Breakout Signal,0.398,0.606,0.727,FO,Fragile Opportunity,Advanced Economy,stable,0.2832,0.4574,0.0063,0.1492,0.8202,0.5355,0.8485,0.9114,0.4874,0.9523,0.9763,0.9842,0.7711,0.21,0.5737,0.896,0.9645,0.4779,0.0169,0.7267,0.7594,0.1178,clean,N/A,HIGH,external_debt_pct_gni,True
LUX,LUX,2019,7.18,6.582,0.598,0.598,0.881,0.117,0.589,0.727,0.667,0.543,0.368,Low Takeoff Signal,0.25,0.343,0.63,RO,Robust Opportunity,Advanced Economy,structural,0.4913,0.4646,0.9999,0.2104,0.8209,0.5387,0.842,0.8923,0.1206,0.9522,0.9741,0.9852,0.7723,0.4104,0.4622,0.8905,0.9633,0.434,0.9423,0.6298,0.6345,0.2676,clean,N/A,HIGH,external_debt_pct_gni,True
LUX,LUX,2020,7.241,6.643,0.598,0.598,0.864,0.198,0.413,0.764,0.556,0.631,0.411,Moderate Potential,0.25,0.563,0.507,FO,Fragile Opportunity,Knowledge / Service Economy,structural,0.6812,0.5676,0.4042,0.238,0.8227,0.5537,0.852,0.8293,0.5848,0.9434,0.973,0.9843,0.7954,0.6592,0.3434,0.8927,0.9709,0.6582,0.8943,0.5072,0.7183,0.523,clean,N/A,HIGH,external_debt_pct_gni,True
LUX,LUX,2021,7.289,6.691,0.598,0.598,0.886,0.106,0.638,0.772,0.749,0.665,0.39,Low Takeoff Signal,0.25,0.601,0.396,RO,Robust Opportunity,Advanced Economy,structural,0.61,0.471,0.7635,0.2445,0.8171,0.5729,0.8478,0.8186,0.5258,0.9372,0.9697,0.9769,0.794,0.5508,0.4636,0.8823,0.9716,0.7652,0.9647,0.3962,0.8119,0.6794,clean,N/A,HIGH,external_debt_pct_gni,True
LUX,LUX,2022,4.731,4.133,0.598,0.598,0.485,0.236,0.322,0.829,0.563,0.386,0.281,Low Takeoff Signal,0.25,0.603,0.132,SR,Structural Risk,Advanced Economy,stable,0.1974,0.2761,0.0,0.1768,0.8239,0.6442,0.8528,0.8568,0.7801,0.9229,0.9711,0.9775,0.7946,0.1611,0.4413,0.8857,0.9734,0.3465,0.0752,0.1323,0.6554,0.7199,clean,N/A,HIGH,external_debt_pct_gni,True
LUX,LUX,2023,5.705,5.107,0.598,0.598,0.636,0.211,0.387,0.803,0.586,0.38,0.326,Low Takeoff Signal,0.25,0.49,0.277,FO,Fragile Opportunity,Advanced Economy,stable,0.2654,0.4153,0.1173,0.1619,0.8287,0.5872,0.8502,0.9188,0.5191,0.9184,0.9698,0.9799,0.7944,0.2259,0.3728,0.886,0.9719,0.1982,0.0528,0.2766,0.4832,0.6905,clean,N/A,HIGH,external_debt_pct_gni,True
LUX,LUX,2024,6.537,5.939,0.598,0.598,0.777,0.184,0.501,0.8,0.574,0.479,0.345,Low Takeoff Signal,0.25,0.279,0.644,FO,Fragile Opportunity,Advanced Economy,structural,0.2462,0.1435,1.0,0.1487,0.8348,0.588,0.8448,0.9589,0.4309,0.9355,0.971,0.979,0.7946,0.2272,0.2795,0.885,0.973,0.1604,0.9543,0.6437,0.2494,0.5921,clean,N/A,HIGH,external_debt_pct_gni,True
LVA,LVA,2010,5.53,4.806,0.724,0.724,0.398,0.181,0.408,0.615,0.312,,0.461,Moderate Potential,0.45,0.44,0.5,SR,Structural Risk,Diversified Emerging Market,structural,0.0169,0.5147,0.3887,0.3062,0.8455,0.7914,0.4339,0.5479,0.2039,0.8158,0.8236,0.7091,0.7698,0.0711,0.0693,0.8775,0.8735,,,,,,clean,N/A,HIGH,external_debt_pct_gni,False
LVA,LVA,2011,7.715,6.991,0.724,0.724,0.774,0.096,0.56,0.573,0.559,,0.503,Moderate Potential,0.45,0.567,0.5,RO,Robust Opportunity,Advanced Economy,structural,0.4386,0.5165,0.4761,0.5808,0.8591,0.6429,0.4592,0.4299,0.2119,0.7691,0.8001,0.7187,0.7839,0.687,0.1386,0.8767,0.8794,,,,,,clean,N/A,HIGH,external_debt_pct_gni,False
LVA,LVA,2012,7.643,6.919,0.724,0.724,0.912,0.087,0.632,0.631,0.618,0.552,0.416,Moderate Potential,0.45,0.633,0.232,RO,Robust Opportunity,Advanced Economy,structural,0.6703,0.5051,0.4491,0.6626,0.8559,0.76,0.5119,0.4422,0.5004,0.7956,0.8003,0.7256,0.7668,0.7792,0.1997,0.8767,0.8582,0.9051,0.621,0.2319,0.8931,0.4077,clean,N/A,HIGH,external_debt_pct_gni,True
LVA,LVA,2013,7.642,6.918,0.724,0.724,0.86,0.121,0.522,0.637,0.636,0.646,0.493,Moderate Potential,0.45,0.636,0.409,FO,Fragile Opportunity,Advanced Economy,structural,0.3963,0.4255,0.4391,0.5154,0.8944,0.7882,0.5718,0.4616,0.3519,0.8405,0.806,0.7436,0.7723,0.6267,0.3407,0.8764,0.8636,0.93,0.5695,0.4089,0.9248,0.7765,clean,N/A,HIGH,external_debt_pct_gni,True
LVA,LVA,2014,7.668,6.944,0.724,0.724,0.871,0.113,0.533,0.651,0.679,0.653,0.484,Moderate Potential,0.358,0.632,0.505,RO,Robust Opportunity,Advanced Economy,structural,0.3508,0.4855,0.4573,0.4911,0.8815,0.7255,0.573,0.5101,0.4051,0.8452,0.8281,0.7759,0.7695,0.6492,0.441,0.8753,0.8866,0.8833,0.6038,0.5052,0.9188,0.6566,clean,N/A,HIGH,external_debt_pct_gni,True
LVA,LVA,2015,7.627,6.903,0.724,0.724,0.875,0.097,0.542,0.671,0.739,0.561,0.465,Moderate Potential,0.226,0.594,0.814,RO,Robust Opportunity,Advanced Economy,structural,0.5815,0.476,0.4223,0.4667,0.8656,0.6446,0.6751,0.6572,0.4849,0.856,0.8199,0.7995,0.7293,0.792,0.5427,0.8739,0.8774,0.6234,0.0973,0.8137,0.9036,0.5839,clean,N/A,HIGH,external_debt_pct_gni,True
LVA,LVA,2016,7.097,6.373,0.724,0.724,0.791,0.111,0.493,0.655,0.712,0.45,0.445,Moderate Potential,0.278,0.532,0.627,RO,Robust Opportunity,Advanced Economy,structural,0.4595,0.4816,0.3397,0.359,0.8566,0.5754,0.6723,0.7553,0.5115,0.8484,0.8132,0.7892,0.7618,0.731,0.5018,0.873,0.8678,0.3748,0.1538,0.6272,0.9013,0.3453,clean,N/A,HIGH,external_debt_pct_gni,True
LVA,LVA,2017,7.05,6.326,0.724,0.724,0.82,0.093,0.538,0.649,0.728,0.477,0.388,Low Takeoff Signal,0.306,0.525,0.358,RO,Robust Opportunity,Advanced Economy,structural,0.484,0.4501,0.4674,0.4049,0.8527,0.5585,0.6894,0.7068,0.4429,0.8532,0.8121,0.8043,0.7592,0.7138,0.4935,0.8777,0.8694,0.6945,0.5486,0.3585,0.8359,0.0343,clean,N/A,HIGH,external_debt_pct_gni,True
LVA,LVA,2018,7.107,6.383,0.724,0.724,0.872,0.081,0.545,0.643,0.781,0.459,0.327,Low Takeoff Signal,0.398,0.526,0.149,RO,Robust Opportunity,Advanced Economy,structural,0.6369,0.4655,0.449,0.4454,0.8395,0.5355,0.7114,0.5878,0.4835,0.8498,0.8093,0.7754,0.7364,0.8571,0.6428,0.8778,0.8778,0.8118,0.5352,0.1487,0.7911,0.1117,clean,N/A,HIGH,external_debt_pct_gni,True
LVA,LVA,2019,6.937,6.213,0.724,0.724,0.788,0.117,0.473,0.663,0.699,0.513,0.405,Moderate Potential,0.2,0.508,0.709,RO,Robust Opportunity,Advanced Economy,structural,0.2859,0.433,0.4441,0.428,0.827,0.5386,0.7228,0.5897,0.5161,0.8532,0.8586,0.8141,0.727,0.4798,0.6284,0.8799,0.8723,0.3074,0.6017,0.7091,0.6688,0.2782,clean,N/A,HIGH,external_debt_pct_gni,True
LVA,LVA,2020,7.629,6.905,0.724,0.724,0.877,0.162,0.436,0.668,0.59,0.674,0.464,Moderate Potential,0.2,0.58,0.956,FO,Fragile Opportunity,Knowledge / Service Economy,structural,0.5069,0.5486,0.5155,0.4421,0.8119,0.5543,0.7318,0.7541,0.4726,0.8663,0.8799,0.8259,0.7346,0.6216,0.6209,0.8766,0.8783,0.4097,0.7179,0.9559,0.8422,0.7422,clean,N/A,HIGH,external_debt_pct_gni,True
LVA,LVA,2021,7.841,7.117,0.724,0.724,0.894,0.066,0.649,0.654,0.787,0.72,0.496,Moderate Potential,0.2,0.703,0.955,RO,Robust Opportunity,Advanced Economy,structural,0.611,0.4153,0.5437,0.6074,0.8106,0.5567,0.7056,0.3509,0.5232,0.886,0.8917,0.8508,0.7603,0.7376,0.598,0.8778,0.8952,0.7181,0.9647,0.9548,0.7581,0.6341,clean,N/A,HIGH,external_debt_pct_gni,True
LVA,LVA,2022,7.133,6.409,0.724,0.724,0.795,0.095,0.547,0.652,0.707,0.479,0.448,Moderate Potential,0.2,0.533,0.938,RO,Robust Opportunity,Advanced Economy,structural,0.3572,0.5516,0.5255,0.5185,0.7934,0.4325,0.7105,0.3515,0.4933,0.8809,0.899,0.849,0.7609,0.4587,0.5267,0.8783,0.8724,0.3499,0.837,0.9378,0.4869,0.0572,clean,N/A,HIGH,external_debt_pct_gni,True
LVA,LVA,2023,6.832,6.108,0.724,0.724,0.75,0.131,0.454,0.655,0.638,0.505,0.433,Moderate Potential,0.2,0.483,0.938,FO,Fragile Opportunity,Advanced Economy,structural,0.197,0.1963,0.5566,0.575,0.7715,0.6029,0.7069,0.3685,0.3869,0.8886,0.9085,0.8408,0.7608,0.2756,0.6155,0.8757,0.8795,0.2046,0.4365,0.9378,0.4063,0.7301,clean,N/A,HIGH,external_debt_pct_gni,True
LVA,LVA,2024,6.764,6.04,0.724,0.724,0.746,0.131,0.441,0.664,0.689,0.422,0.42,Moderate Potential,0.2,0.451,0.918,FO,Fragile Opportunity,Advanced Economy,stable,0.2172,0.3904,0.4922,0.3648,0.7579,0.575,0.6779,0.4547,0.4053,0.8566,0.9106,0.8513,0.7609,0.408,0.5703,0.8719,0.8999,0.1604,0.3465,0.9182,0.2599,0.5933,clean,N/A,HIGH,external_debt_pct_gni,True
MAR,Morocco,2010,6.291,5.834,0.457,0.457,0.573,0.115,0.468,0.517,0.475,,0.484,Moderate Potential,0.45,0.506,0.5,SL,Stable / Low Opportunity,High-Growth Emerging Market,structural,0.331,0.588,0.3677,0.8245,0.289,0.8034,0.4739,0.4002,0.7992,0.3912,0.4128,0.428,0.6328,0.3282,0.4952,0.459,0.522,,,,,,clean,N/A,HIGH,,False
MAR,Morocco,2011,6.717,6.26,0.457,0.457,0.643,0.089,0.51,0.483,0.52,,0.496,Moderate Potential,0.45,0.544,0.5,RO,Robust Opportunity,High-Growth Emerging Market,structural,0.6263,0.4522,0.3797,0.8267,0.3213,0.7573,0.4359,0.3506,0.7734,0.3891,0.4136,0.335,0.6092,0.626,0.4882,0.4694,0.4836,,,,,,clean,N/A,HIGH,,False
MAR,Morocco,2012,6.055,5.598,0.457,0.457,0.585,0.095,0.477,0.455,0.496,0.522,0.539,Moderate Potential,0.45,0.528,0.684,RO,Robust Opportunity,High-Growth Emerging Market,structural,0.4643,0.4452,0.4245,0.7985,0.3407,0.7033,0.4097,0.342,0.7253,0.3608,0.4323,0.3505,0.6073,0.4679,0.4758,0.4789,0.5183,0.7018,0.825,0.6836,0.099,0.3741,clean,N/A,HIGH,,True
MAR,Morocco,2013,6.061,5.604,0.457,0.457,0.609,0.081,0.486,0.456,0.528,0.468,0.504,Moderate Potential,0.45,0.518,0.557,RO,Robust Opportunity,High-Growth Emerging Market,structural,0.5647,0.4192,0.4198,0.8027,0.3223,0.7471,0.386,0.3597,0.7108,0.3227,0.4036,0.3863,0.6593,0.5891,0.4656,0.4909,0.5343,0.7051,0.9345,0.5575,0.0853,0.2427,clean,N/A,HIGH,,True
MAR,Morocco,2014,5.663,5.206,0.457,0.457,0.559,0.081,0.486,0.464,0.513,0.428,0.469,Moderate Potential,0.425,0.491,0.496,SL,Stable / Low Opportunity,High-Growth Emerging Market,structural,0.4205,0.5093,0.4456,0.7811,0.3128,0.6498,0.3796,0.351,0.6926,0.4044,0.4191,0.4029,0.6815,0.4522,0.429,0.5014,0.557,0.6489,0.9397,0.4964,0.0712,0.175,clean,N/A,HIGH,,True
MAR,Morocco,2015,5.751,5.294,0.457,0.457,0.598,0.081,0.496,0.475,0.54,0.469,0.434,Moderate Potential,0.376,0.513,0.424,RO,Robust Opportunity,High-Growth Emerging Market,structural,0.6367,0.4883,0.4181,0.741,0.3088,0.6396,0.435,0.5652,0.6624,0.3868,0.4159,0.4255,0.6615,0.6665,0.3929,0.5044,0.5462,0.6124,0.8256,0.4239,0.3642,0.1954,clean,N/A,HIGH,,True
MAR,Morocco,2016,5.074,4.617,0.457,0.457,0.464,0.105,0.455,0.458,0.451,0.495,0.447,Moderate Potential,0.403,0.51,0.434,SL,Stable / Low Opportunity,Diversified Emerging Market,structural,0.2444,0.5101,0.3768,0.8077,0.2964,0.5797,0.4553,0.4843,0.6592,0.3975,0.4458,0.4334,0.6678,0.262,0.3344,0.5029,0.5194,0.4734,0.5598,0.4341,0.6384,0.3718,clean,N/A,HIGH,,True
MAR,Morocco,2017,6.02,5.563,0.457,0.457,0.623,0.067,0.567,0.447,0.528,0.511,0.472,Moderate Potential,0.386,0.556,0.494,RO,Robust Opportunity,High-Growth Emerging Market,structural,0.6558,0.4915,0.4389,0.8415,0.4329,0.5621,0.4631,0.4401,0.6571,0.3805,0.4112,0.4023,0.6679,0.6648,0.3156,0.5055,0.5112,0.5589,0.3092,0.4941,0.7358,0.4573,clean,N/A,HIGH,,True
MAR,Morocco,2018,5.69,5.233,0.457,0.457,0.556,0.096,0.516,0.441,0.489,0.589,0.481,Moderate Potential,0.434,0.562,0.451,SL,Stable / Low Opportunity,High-Growth Emerging Market,structural,0.4687,0.4601,0.4639,0.8333,0.4309,0.5356,0.4649,0.3399,0.691,0.4,0.4333,0.3694,0.688,0.4892,0.287,0.508,0.4663,0.5335,0.6031,0.4512,0.6854,0.6726,clean,N/A,HIGH,,True
MAR,Morocco,2019,5.355,4.898,0.457,0.457,0.566,0.085,0.505,0.451,0.508,0.514,0.372,Low Takeoff Signal,0.2,0.531,0.508,SL,Stable / Low Opportunity,High-Growth Emerging Market,structural,0.5063,0.4602,0.4225,0.7873,0.4411,0.5392,0.4832,0.4277,0.6736,0.4166,0.435,0.3803,0.7608,0.5292,0.2754,0.5113,0.5305,0.458,0.4766,0.5077,0.6093,0.5195,clean,N/A,HIGH,,True
MAR,Morocco,2020,5.035,4.578,0.457,0.457,0.432,0.153,0.371,0.435,0.296,0.62,0.485,Moderate Potential,0.45,0.506,0.503,SR,Structural Risk,Diversified Emerging Market,structural,0.2912,0.4209,0.4904,0.7731,0.451,0.5539,0.4811,0.5225,0.6193,0.4141,0.4347,0.3707,0.7825,0.2935,0.2415,0.5117,0.5659,0.6122,0.5982,0.5033,0.6378,0.8252,clean,N/A,HIGH,,True
MAR,Morocco,2021,5.565,5.108,0.457,0.457,0.594,0.065,0.602,0.435,0.534,0.567,0.39,Low Takeoff Signal,0.2,0.603,0.509,RO,Robust Opportunity,High-Growth Emerging Market,structural,0.7062,0.3871,0.4364,0.8232,0.4576,0.5901,0.4901,0.4338,0.6636,0.3978,0.3831,0.3506,0.7832,0.6847,0.2613,0.5112,0.4926,0.7082,0.3182,0.5087,0.5484,0.7815,clean,N/A,HIGH,,True
MAR,Morocco,2022,4.591,4.134,0.457,0.457,0.508,0.056,0.557,0.422,0.485,0.38,0.248,Low Takeoff Signal,0.2,0.437,0.165,SL,Stable / Low Opportunity,High-Growth Emerging Market,structural,0.3512,0.7865,0.5053,0.7853,0.5108,0.6165,0.4269,0.424,0.6064,0.3759,0.3921,0.3505,0.7838,0.3629,0.2712,0.509,0.5,0.3541,0.311,0.1651,0.3203,0.4414,clean,N/A,HIGH,,True
MAR,Morocco,2023,5.665,5.208,0.457,0.457,0.64,0.059,0.552,0.447,0.522,0.415,0.347,Low Takeoff Signal,0.2,0.503,0.429,RO,Robust Opportunity,Diversified Emerging Market,structural,0.5751,0.6668,0.4316,0.7886,0.5735,0.5862,0.4496,0.5261,0.6106,0.3537,0.4187,0.3267,0.7836,0.5971,0.2699,0.5071,0.5127,0.3408,0.425,0.4291,0.428,0.4512,clean,N/A,HIGH,,True
MAR,Morocco,2024,6.063,5.606,0.457,0.457,0.673,0.068,0.572,0.458,0.519,0.494,0.409,Moderate Potential,0.2,0.55,0.667,RO,Robust Opportunity,Diversified Emerging Market,structural,0.5655,0.6034,0.4369,0.8332,0.6,0.5953,0.4346,0.489,0.6415,0.4275,0.4326,0.3496,0.7838,0.5958,0.259,0.5101,0.5195,0.5424,0.3544,0.6666,0.316,0.589,clean,N/A,HIGH,,True
MDA,MDA,2010,7.039,6.663,0.376,0.376,0.713,0.049,0.554,0.4,0.57,,0.504,Moderate Potential,0.45,0.568,0.5,RO,Robust Opportunity,High-Growth Emerging Market,structural,0.7281,0.5166,0.45,0.4592,0.6745,0.2691,0.7299,0.3318,0.2411,0.5606,0.4353,0.2693,0.8001,0.8631,0.8366,0.2555,0.4167,,,,,,market_depth_limited,MEDIUM,HIGH,,False
MDA,MDA,2011,7.145,6.769,0.376,0.376,0.729,0.058,0.568,0.444,0.558,,0.509,Moderate Potential,0.45,0.584,0.5,RO,Robust Opportunity,High-Growth Emerging Market,structural,0.6472,0.6724,0.4393,0.4453,0.658,0.4688,0.742,0.2954,0.2678,0.6838,0.4609,0.2783,0.8099,0.7474,0.8485,0.2538,0.4273,,,,,,market_depth_limited,MEDIUM,HIGH,,False
MDA,MDA,2012,4.766,4.39,0.376,0.376,0.434,0.102,0.421,0.469,0.448,0.38,0.429,Moderate Potential,0.45,0.422,0.415,SL,Stable / Low Opportunity,Diversified Emerging Market,structural,0.2939,0.4213,0.4287,0.4486,0.6464,0.6139,0.6744,0.3695,0.3448,0.6756,0.4194,0.2681,0.7988,0.3602,0.8677,0.2308,0.3903,0.0263,0.1821,0.4155,0.3134,0.97,clean,N/A,HIGH,,True
MDA,MDA,2013,6.412,6.036,0.376,0.376,0.753,0.05,0.578,0.454,0.562,0.451,0.409,Moderate Potential,0.45,0.553,0.257,RO,Robust Opportunity,High-Growth Emerging Market,structural,0.8716,0.5392,0.4058,0.4974,0.6184,0.4374,0.7048,0.4015,0.3392,0.69,0.4072,0.236,0.7963,0.9333,0.8745,0.2191,0.421,0.7053,0.073,0.2568,0.47,0.8781,market_depth_limited,MEDIUM,HIGH,,True
MDA,MDA,2014,5.617,5.241,0.376,0.376,0.646,0.066,0.537,0.433,0.539,0.496,0.347,Low Takeoff Signal,0.219,0.526,0.366,RO,Robust Opportunity,High-Growth Emerging Market,structural,0.6805,0.4311,0.4627,0.444,0.8065,0.464,0.665,0.3318,0.4065,0.5555,0.4224,0.2021,0.7956,0.8337,0.8836,0.1952,0.4693,0.7146,0.4272,0.366,0.2645,0.7058,clean,N/A,HIGH,,True
MDA,MDA,2015,3.808,3.432,0.376,0.376,0.403,0.055,0.469,0.341,0.456,0.38,0.209,Low Takeoff Signal,0.12,0.417,0.178,SL,Stable / Low Opportunity,High-Growth Emerging Market,structural,0.2016,0.4713,0.4166,0.4624,0.8049,0.3225,0.6325,0.3607,0.2555,0.5203,0.394,0.1805,0.7549,0.3927,0.8716,0.1785,0.4256,0.6087,0.5895,0.1784,0.1404,0.0743,clean,N/A,HIGH,,True
MDA,MDA,2016,5.157,4.781,0.376,0.376,0.587,0.056,0.538,0.417,0.522,0.434,0.309,Low Takeoff Signal,0.173,0.534,0.323,RO,Robust Opportunity,High-Growth Emerging Market,structural,0.6972,0.5345,0.3324,0.3696,0.8115,0.5734,0.694,0.4916,0.3377,0.5335,0.3887,0.1618,0.7919,0.8961,0.8799,0.166,0.4066,0.5747,0.492,0.323,0.4357,0.3438,clean,N/A,HIGH,,True
MDA,MDA,2017,5.153,4.777,0.376,0.376,0.55,0.057,0.511,0.416,0.541,0.426,0.362,Low Takeoff Signal,0.31,0.493,0.303,SL,Stable / Low Opportunity,High-Growth Emerging Market,structural,0.5665,0.4939,0.428,0.3629,0.6761,0.5247,0.742,0.2917,0.3958,0.534,0.3843,0.2049,0.7944,0.836,0.8644,0.1771,0.4522,0.2926,0.1982,0.3029,0.7911,0.5862,clean,N/A,HIGH,,True
MDA,MDA,2018,5.883,5.507,0.376,0.376,0.623,0.076,0.543,0.419,0.538,0.581,0.457,Moderate Potential,0.438,0.589,0.356,RO,Robust Opportunity,High-Growth Emerging Market,structural,0.6065,0.4633,0.4636,0.5943,0.6944,0.5356,0.77,0.1193,0.4542,0.4909,0.3984,0.2273,0.7633,0.9042,0.8701,0.1803,0.434,0.546,0.5047,0.3564,0.8167,0.8573,market_depth_limited,MEDIUM,HIGH,,True
MDA,MDA,2019,6.005,5.629,0.376,0.376,0.661,0.112,0.535,0.446,0.542,0.729,0.433,Moderate Potential,0.2,0.667,0.646,RO,Robust Opportunity,High-Growth Emerging Market,structural,0.5759,0.4748,0.4556,0.5247,0.6905,0.5354,0.7985,0.1825,0.5108,0.5349,0.411,0.2506,0.7635,0.8389,0.8682,0.1815,0.4659,0.7633,0.8063,0.646,0.9479,0.7764,market_depth_limited,MEDIUM,HIGH,,True
MDA,MDA,2020,4.737,4.361,0.376,0.376,0.445,0.14,0.37,0.439,0.324,0.541,0.405,Moderate Potential,0.2,0.472,0.774,SR,Structural Risk,Diversified Emerging Market,structural,0.2385,0.4219,0.4932,0.5359,0.6962,0.5526,0.7837,0.1812,0.5113,0.5401,0.4067,0.2489,0.7848,0.3422,0.8785,0.1871,0.4651,0.077,0.7435,0.7736,0.8701,0.3872,clean,N/A,HIGH,,True
MDA,MDA,2021,6.513,6.137,0.376,0.376,0.713,0.074,0.673,0.455,0.577,0.686,0.496,Moderate Potential,0.2,0.711,0.939,RO,Robust Opportunity,High-Growth Emerging Market,structural,0.948,0.6235,0.4524,0.6656,0.7018,0.5124,0.7941,0.0908,0.498,0.5995,0.4681,0.322,0.7876,0.9733,0.9014,0.1836,0.4875,0.7467,0.556,0.9389,0.883,0.626,market_depth_limited,MEDIUM,HIGH,,True
MDA,MDA,2022,4.888,4.512,0.376,0.376,0.452,0.084,0.531,0.441,0.432,0.445,0.437,Moderate Potential,0.2,0.497,0.938,SL,Stable / Low Opportunity,High-Growth Emerging Market,structural,0.0869,0.9134,0.537,0.6529,0.7083,0.3,0.7876,0.093,0.4438,0.4942,0.5049,0.378,0.7882,0.2032,0.8729,0.183,0.5174,0.3093,0.3862,0.9378,0.7514,0.0305,clean,N/A,HIGH,,True
MDA,MDA,2023,5.539,5.163,0.376,0.376,0.57,0.095,0.451,0.467,0.538,0.516,0.44,Moderate Potential,0.2,0.506,0.938,SL,Stable / Low Opportunity,High-Growth Emerging Market,structural,0.3522,0.5648,0.4871,0.3138,0.7203,0.5811,0.7865,0.1202,0.4655,0.4795,0.5073,0.448,0.788,0.7206,0.8494,0.1804,0.5094,0.2025,0.4118,0.9378,0.4991,0.719,clean,N/A,HIGH,,True
MDA,MDA,2024,4.992,4.616,0.376,0.376,0.481,0.092,0.423,0.456,0.513,0.44,0.422,Moderate Potential,0.2,0.457,0.918,SL,Stable / Low Opportunity,Diversified Emerging Market,structural,0.2276,0.2679,0.4707,0.3779,0.7344,0.5475,0.7603,0.0425,0.5167,0.474,0.5239,0.445,0.7882,0.5603,0.8418,0.1787,0.5101,0.1617,0.4114,0.9182,0.2843,0.5919,clean,N/A,HIGH,,True
MDG,MDG,2010,3.784,3.448,0.336,0.336,0.174,0.136,0.352,0.362,0.189,,0.419,Moderate Potential,0.45,0.335,0.5,SR,Structural Risk,Diversified Emerging Market,structural,0.1136,0.3781,0.5864,0.6336,0.0609,0.1339,0.6487,0.2866,0.7917,0.1416,0.229,0.3886,0.6224,0.0529,0.8531,0.0421,0.2042,,,,,,clean,N/A,HIGH,secondary_school_enrolment,False
MDG,MDG,2011,4.066,3.73,0.336,0.336,0.224,0.15,0.341,0.442,0.242,,0.422,Moderate Potential,0.45,0.342,0.5,SR,Structural Risk,Diversified Emerging Market,structural,0.3332,0.46,0.5147,0.4111,0.0568,0.5088,0.6784,0.3618,0.803,0.2677,0.2247,0.3771,0.6587,0.2389,0.875,0.0412,0.2129,,,,,,clean,N/A,HIGH,,False
MDG,MDG,2012,3.831,3.495,0.336,0.336,0.239,0.156,0.319,0.442,0.274,0.564,0.474,Moderate Potential,0.45,0.477,0.498,SR,Structural Risk,Diversified Emerging Market,structural,0.4618,0.3804,0.5063,0.2677,0.056,0.4832,0.6846,0.368,0.795,0.3141,0.2345,0.3073,0.6,0.3966,0.9001,0.0402,0.213,0.9051,0.0795,0.4985,0.7423,0.97,clean,N/A,HIGH,,True
MDG,MDG,2013,3.202,2.866,0.336,0.336,0.199,0.143,0.317,0.425,0.258,0.48,0.358,Low Takeoff Signal,0.45,0.437,0.218,SR,Structural Risk,Diversified Emerging Market,structural,0.4129,0.5196,0.4855,0.1549,0.0558,0.3647,0.6368,0.3673,0.8207,0.3609,0.189,0.2699,0.573,0.3111,0.89,0.0394,0.1815,0.9265,0.032,0.2183,0.6493,0.9144,clean,N/A,HIGH,,True
MDG,MDG,2014,3.394,3.058,0.336,0.336,0.245,0.138,0.393,0.448,0.264,0.46,0.344,Low Takeoff Signal,0.266,0.456,0.332,SR,Structural Risk,Diversified Emerging Market,structural,0.493,0.7719,0.446,0.1435,0.0556,0.3811,0.6364,0.5582,0.8286,0.3386,0.2125,0.2603,0.5205,0.3529,0.8803,0.0386,0.1748,0.8947,0.0349,0.332,0.5151,0.6683,clean,N/A,HIGH,,True
MDG,MDG,2015,3.063,2.727,0.336,0.336,0.2,0.134,0.292,0.431,0.256,0.38,0.319,Low Takeoff Signal,0.237,0.335,0.425,SR,Structural Risk,Diversified Emerging Market,structural,0.5149,0.4404,0.4166,0.1497,0.0573,0.4664,0.6097,0.5824,0.8013,0.3547,0.2511,0.2564,0.3718,0.3944,0.8722,0.0382,0.1712,0.7945,0.0215,0.4252,0.1694,0.1804,clean,N/A,HIGH,,True
MDG,MDG,2016,3.639,3.303,0.336,0.336,0.247,0.155,0.318,0.471,0.269,0.485,0.408,Reform Story,0.294,0.396,0.619,SR,Structural Risk,Diversified Emerging Market,structural,0.628,0.4345,0.5274,0.1619,0.0522,0.5307,0.6877,0.7001,0.8065,0.3998,0.2635,0.2478,0.326,0.4847,0.8714,0.0378,0.1926,0.6866,0.3078,0.6186,0.4744,0.3381,clean,N/A,HIGH,,True
MDG,MDG,2017,4.424,4.088,0.336,0.336,0.289,0.15,0.42,0.448,0.272,0.583,0.564,Pre-Breakout Signal,0.367,0.548,0.962,SR,Structural Risk,Diversified Emerging Market,structural,0.541,0.7814,0.4591,0.1223,0.0484,0.5033,0.6914,0.604,0.8023,0.3677,0.2461,0.2091,0.4419,0.4028,0.8652,0.0373,0.1907,0.8544,0.5508,0.9615,0.7929,0.1116,clean,N/A,HIGH,,True
MDG,MDG,2018,3.936,3.6,0.336,0.336,0.25,0.165,0.344,0.446,0.265,0.636,0.487,Moderate Potential,0.383,0.505,0.616,SR,Structural Risk,Diversified Emerging Market,structural,0.4865,0.4469,0.4809,0.2848,0.0457,0.5353,0.6651,0.6472,0.7999,0.2563,0.2458,0.2132,0.5755,0.3044,0.8531,0.037,0.1716,0.5329,0.8482,0.616,0.7441,0.5391,clean,N/A,HIGH,,True
MDG,MDG,2019,3.813,3.477,0.336,0.336,0.276,0.144,0.404,0.446,0.283,0.546,0.413,Moderate Potential,0.45,0.49,0.306,SR,Structural Risk,Diversified Emerging Market,structural,0.6616,0.488,0.4441,0.3931,0.0391,0.5375,0.6911,0.4841,0.7907,0.3521,0.2323,0.204,0.5645,0.5195,0.8458,0.0365,0.1833,0.5236,0.6051,0.3056,0.6608,0.6362,clean,N/A,HIGH,,True
MDG,MDG,2020,2.684,2.348,0.336,0.336,0.192,0.151,0.167,0.406,0.158,0.416,0.225,Low Takeoff Signal,0.45,0.305,0.07,SR,Structural Risk,Diversified Emerging Market,structural,0.2933,0.2541,0.5145,0.2296,0.0367,0.5447,0.6673,0.2807,0.7527,0.3386,0.222,0.2123,0.4606,0.2268,0.8492,0.0365,0.1849,0.2616,0.4131,0.0703,0.5857,0.8223,clean,N/A,HIGH,,True
MDG,MDG,2021,3.263,2.927,0.336,0.336,0.245,0.124,0.408,0.418,0.281,0.439,0.307,Low Takeoff Signal,0.45,0.449,0.126,SR,Structural Risk,Diversified Emerging Market,structural,0.4128,0.794,0.4481,0.1626,0.0396,0.5691,0.6751,0.3123,0.7352,0.4012,0.2162,0.1895,0.6035,0.2957,0.8345,0.0355,0.1832,0.5628,0.1988,0.1264,0.5566,0.8562,clean,N/A,HIGH,,True
MDG,MDG,2022,3.09,2.754,0.336,0.336,0.249,0.108,0.451,0.406,0.279,0.38,0.252,Low Takeoff Signal,0.45,0.409,0.073,SL,Stable / Low Opportunity,Diversified Emerging Market,structural,0.5055,0.879,0.5234,0.3881,0.0397,0.5805,0.6579,0.3554,0.7021,0.3607,0.2026,0.1868,0.6046,0.4182,0.8223,0.0351,0.2,0.3516,0.0906,0.0727,0.5523,0.8232,clean,N/A,HIGH,,True
MDG,MDG,2023,2.807,2.471,0.336,0.336,0.211,0.113,0.371,0.391,0.277,0.38,0.231,Low Takeoff Signal,0.2,0.34,0.174,SL,Stable / Low Opportunity,Diversified Emerging Market,structural,0.6239,0.4785,0.5305,0.3049,0.0418,0.5596,0.6294,0.3615,0.683,0.2316,0.2085,0.1822,0.6044,0.5152,0.8202,0.0346,0.192,0.3923,0.4342,0.1743,0.3086,0.2643,clean,N/A,HIGH,,True
MDG,MDG,2024,3.546,3.21,0.336,0.336,0.248,0.13,0.393,0.414,0.284,0.489,0.381,Low Takeoff Signal,0.2,0.464,0.642,SR,Structural Risk,Diversified Emerging Market,structural,0.6052,0.4345,0.4925,0.44,0.0376,0.5349,0.6477,0.2969,0.6921,0.4086,0.2339,0.1847,0.6045,0.4876,0.8213,0.0347,0.2177,0.9507,0.6926,0.6418,0.2953,0.067,clean,N/A,HIGH,,True
MEX,Mexico,2010,7.996,6.918,1.078,1.078,0.764,0.064,0.521,0.478,0.621,,0.497,Moderate Potential,0.45,0.547,0.5,RO,Robust Opportunity,High-Growth Emerging Market,structural,0.4966,0.6731,0.4087,0.4304,0.6643,0.6252,0.5448,0.4945,0.7863,0.2388,0.3585,0.3917,0.6533,0.4944,0.7459,0.691,0.5652,,,,,,clean,N/A,HIGH,,False
MEX,Mexico,2011,7.452,6.374,1.078,1.078,0.672,0.08,0.473,0.474,0.593,,0.485,Moderate Potential,0.45,0.51,0.5,RO,Robust Opportunity,High-Growth Emerging Market,structural,0.4696,0.4867,0.3703,0.4553,0.6675,0.6454,0.5352,0.4887,0.7554,0.2973,0.3127,0.3685,0.6195,0.4659,0.7425,0.6886,0.5978,,,,,,clean,N/A,HIGH,,False
MEX,Mexico,2012,6.726,5.648,1.078,1.078,0.719,0.056,0.491,0.46,0.622,0.412,0.352,Low Takeoff Signal,0.45,0.479,0.184,RO,Robust Opportunity,Diversified Emerging Market,structural,0.4889,0.4913,0.4025,0.4574,0.6825,0.6402,0.5581,0.4948,0.6839,0.2723,0.3196,0.369,0.6016,0.4925,0.7525,0.692,0.6485,0.5159,0.1168,0.1845,0.6249,0.6195,clean,N/A,HIGH,,True
MEX,Mexico,2013,5.812,4.734,1.078,1.078,0.574,0.064,0.446,0.432,0.576,0.38,0.315,Low Takeoff Signal,0.45,0.395,0.16,SL,Stable / Low Opportunity,High-Growth Emerging Market,structural,0.3017,0.4446,0.4567,0.3865,0.688,0.5215,0.544,0.475,0.6487,0.2808,0.3143,0.3388,0.618,0.3109,0.753,0.6896,0.6518,0.0424,0.5963,0.1603,0.5573,0.2218,clean,N/A,HIGH,,True
MEX,Mexico,2014,6.388,5.31,1.078,1.078,0.624,0.042,0.481,0.409,0.615,0.38,0.4,Moderate Potential,0.361,0.437,0.408,RO,Robust Opportunity,High-Growth Emerging Market,structural,0.3959,0.4953,0.4249,0.3673,0.7289,0.5019,0.5226,0.4957,0.6437,0.1974,0.3299,0.271,0.6305,0.4316,0.7493,0.6933,0.629,0.1516,0.6042,0.4078,0.4165,0.1701,clean,N/A,HIGH,,True
MEX,Mexico,2015,6.571,5.493,1.078,1.078,0.678,0.038,0.512,0.399,0.64,0.465,0.37,Low Takeoff Signal,0.261,0.511,0.38,RO,Robust Opportunity,High-Growth Emerging Market,structural,0.4704,0.5145,0.4193,0.4466,0.7626,0.6033,0.5262,0.5322,0.608,0.2143,0.288,0.238,0.6804,0.5154,0.772,0.6945,0.6032,0.6171,0.7446,0.3802,0.3382,0.2469,clean,N/A,HIGH,,True
MEX,Mexico,2016,6.112,5.034,1.078,1.078,0.63,0.034,0.499,0.384,0.625,0.424,0.315,Low Takeoff Signal,0.237,0.471,0.272,RO,Robust Opportunity,Diversified Emerging Market,structural,0.3698,0.4736,0.4654,0.4828,0.7794,0.5609,0.5173,0.5634,0.589,0.2476,0.2911,0.2393,0.7155,0.4222,0.7943,0.6997,0.5868,0.5648,0.6979,0.2719,0.176,0.4116,clean,N/A,HIGH,,True
MEX,Mexico,2017,5.756,4.678,1.078,1.078,0.595,0.034,0.496,0.367,0.627,0.44,0.268,Low Takeoff Signal,0.26,0.482,0.139,RO,Robust Opportunity,Diversified Emerging Market,structural,0.3282,0.4198,0.4472,0.4715,0.8032,0.5284,0.5545,0.5224,0.5989,0.179,0.2669,0.2017,0.711,0.3685,0.8071,0.7029,0.5848,0.5715,0.5482,0.1394,0.4979,0.4411,clean,N/A,HIGH,,True
MEX,Mexico,2018,5.738,4.66,1.078,1.078,0.614,0.036,0.509,0.374,0.608,0.443,0.234,Low Takeoff Signal,0.31,0.485,0.072,FO,Fragile Opportunity,High-Growth Emerging Market,structural,0.3253,0.4866,0.4662,0.4239,0.8106,0.5354,0.5617,0.494,0.5985,0.1996,0.2412,0.2062,0.6697,0.3638,0.7981,0.7024,0.5185,0.3685,0.6886,0.0723,0.6811,0.4047,clean,N/A,HIGH,,True
MEX,Mexico,2019,4.854,3.776,1.078,1.078,0.467,0.058,0.444,0.387,0.538,0.38,0.209,Low Takeoff Signal,0.45,0.414,0.039,SL,Stable / Low Opportunity,Diversified Emerging Market,structural,0.2028,0.4413,0.4327,0.3653,0.8071,0.5382,0.5789,0.5836,0.6222,0.2088,0.2208,0.2144,0.6889,0.2139,0.7867,0.6963,0.4988,0.0762,0.4632,0.0386,0.6567,0.4971,clean,N/A,HIGH,,True
MEX,Mexico,2020,4.69,3.612,1.078,1.078,0.423,0.101,0.374,0.389,0.366,0.399,0.23,Low Takeoff Signal,0.45,0.392,0.056,SL,Stable / Low Opportunity,Diversified Emerging Market,structural,0.235,0.49,0.5155,0.3418,0.7763,0.5474,0.6111,0.7238,0.6022,0.2564,0.1844,0.2102,0.7194,0.2449,0.8068,0.6938,0.4801,0.089,0.5965,0.0564,0.8331,0.5007,clean,N/A,HIGH,,True
MEX,Mexico,2021,5.861,4.783,1.078,1.078,0.632,0.051,0.55,0.401,0.649,0.562,0.241,Low Takeoff Signal,0.45,0.577,0.042,FO,Fragile Opportunity,High-Growth Emerging Market,structural,0.5344,0.3674,0.4509,0.3878,0.7248,0.5605,0.6113,0.5344,0.6636,0.2826,0.1786,0.2106,0.6765,0.5528,0.8019,0.6681,0.4393,0.7169,0.5495,0.0422,0.7749,0.8068,clean,N/A,HIGH,,True
MEX,Mexico,2022,5.91,4.832,1.078,1.078,0.648,0.048,0.532,0.42,0.628,0.514,0.232,Low Takeoff Signal,0.45,0.524,0.041,FO,Fragile Opportunity,High-Growth Emerging Market,structural,0.4752,0.4955,0.5182,0.419,0.7181,0.624,0.6189,0.5176,0.6919,0.3321,0.1711,0.2125,0.6774,0.5113,0.8026,0.6687,0.4654,0.6468,0.3818,0.0412,0.7951,0.7595,clean,N/A,HIGH,,True
MEX,Mexico,2023,6.101,5.023,1.078,1.078,0.699,0.058,0.502,0.437,0.619,0.496,0.209,Low Takeoff Signal,0.2,0.528,0.074,FO,Fragile Opportunity,High-Growth Emerging Market,structural,0.5475,0.1916,0.4694,0.5286,0.7707,0.578,0.6286,0.541,0.7462,0.326,0.1747,0.1968,0.6772,0.5856,0.8107,0.6729,0.4532,0.9577,0.3731,0.0743,0.595,0.6898,clean,N/A,HIGH,,True
MEX,Mexico,2024,5.719,4.641,1.078,1.078,0.623,0.047,0.508,0.422,0.578,0.38,0.215,Low Takeoff Signal,0.2,0.442,0.102,FO,Fragile Opportunity,High-Growth Emerging Market,structural,0.3343,0.4764,0.4691,0.5514,0.7793,0.5686,0.5628,0.548,0.7449,0.3036,0.1587,0.2036,0.6773,0.3755,0.8145,0.6836,0.4403,0.5064,0.2907,0.1015,0.2992,0.5936,clean,N/A,HIGH,,True
MKD,MKD,2010,4.857,4.49,0.367,0.367,0.321,0.148,0.496,0.492,0.24,,0.488,Moderate Potential,0.45,0.518,0.5,SR,Structural Risk,Diversified Emerging Market,structural,0.3165,0.6823,0.4208,0.4936,0.6369,0.7454,0.7428,0.451,0.3588,0.3855,0.3986,0.4226,0.7643,0.5628,0.0054,0.7575,0.4581,,,,,,clean,N/A,HIGH,,False
MKD,MKD,2011,4.757,4.39,0.367,0.367,0.303,0.14,0.504,0.461,0.239,,0.488,Moderate Potential,0.45,0.517,0.5,SR,Structural Risk,Diversified Emerging Market,structural,0.3869,0.5509,0.4509,0.5876,0.6239,0.6874,0.704,0.4521,0.2675,0.3154,0.4113,0.405,0.7842,0.5302,0.0062,0.7565,0.4781,,,,,,clean,N/A,HIGH,,False
MKD,MKD,2012,4.279,3.912,0.367,0.367,0.266,0.13,0.468,0.465,0.245,0.38,0.549,Reform Story,0.45,0.419,0.95,SR,Structural Risk,Diversified Emerging Market,structural,0.2995,0.4391,0.4395,0.6752,0.6106,0.5574,0.6472,0.4572,0.1914,0.4379,0.4971,0.5133,0.7736,0.384,0.0094,0.7533,0.6154,0.1151,0.4364,0.9502,0.0435,0.133,clean,N/A,HIGH,,True
MKD,MKD,2013,4.993,4.626,0.367,0.367,0.371,0.138,0.512,0.51,0.29,0.465,0.59,Pre-Breakout Signal,0.45,0.521,0.938,SR,Structural Risk,Diversified Emerging Market,structural,0.4645,0.4768,0.4521,0.6822,0.5496,0.6932,0.6615,0.4952,0.3336,0.4475,0.508,0.5309,0.7728,0.636,0.0134,0.7335,0.5911,0.6734,0.5577,0.9382,0.1395,0.2035,clean,N/A,HIGH,,True
MKD,MKD,2014,5.225,4.858,0.367,0.367,0.409,0.146,0.552,0.559,0.292,0.455,0.598,Pre-Breakout Signal,0.433,0.554,0.951,SR,Structural Risk,Diversified Emerging Market,structural,0.5272,0.5813,0.389,0.7631,0.5356,0.7668,0.6341,0.5547,0.3675,0.6869,0.5001,0.5217,0.7677,0.7382,0.0098,0.7394,0.66,0.7164,0.1938,0.9513,0.0895,0.5239,clean,N/A,HIGH,,True
MKD,MKD,2015,4.988,4.621,0.367,0.367,0.452,0.126,0.552,0.495,0.341,0.517,0.467,Moderate Potential,0.368,0.572,0.486,SR,Structural Risk,Diversified Emerging Market,structural,0.5888,0.5285,0.4181,0.7495,0.5469,0.6612,0.6781,0.5759,0.3237,0.4969,0.4559,0.4454,0.732,0.755,0.0177,0.7505,0.6421,0.8535,0.2163,0.4861,0.3843,0.7927,clean,N/A,HIGH,,True
MKD,MKD,2016,4.307,3.94,0.367,0.367,0.439,0.125,0.566,0.469,0.326,0.565,0.296,Low Takeoff Signal,0.446,0.575,0.085,SR,Structural Risk,Diversified Emerging Market,structural,0.4947,0.5322,0.561,0.824,0.5369,0.6027,0.6936,0.5453,0.3569,0.4579,0.4344,0.4415,0.767,0.6998,0.0129,0.777,0.6366,0.812,0.6207,0.085,0.6194,0.9574,clean,N/A,HIGH,,True
MKD,MKD,2017,3.714,3.347,0.367,0.367,0.373,0.119,0.523,0.471,0.323,0.459,0.232,Low Takeoff Signal,0.386,0.503,0.052,SL,Stable / Low Opportunity,Diversified Emerging Market,structural,0.2585,0.4679,0.4565,0.8594,0.5333,0.5567,0.6989,0.5831,0.3139,0.5016,0.4365,0.4578,0.7746,0.4264,0.0132,0.7851,0.6628,0.3379,0.6451,0.0519,0.7006,0.5585,clean,N/A,HIGH,,True
MKD,MKD,2018,5.02,4.653,0.367,0.367,0.456,0.111,0.572,0.487,0.356,0.481,0.469,Moderate Potential,0.47,0.546,0.393,SL,Stable / Low Opportunity,Diversified Emerging Market,structural,0.4434,0.5479,0.4877,0.839,0.5074,0.5356,0.6905,0.6205,0.3538,0.5496,0.4776,0.4253,0.758,0.6916,0.0136,0.7879,0.6945,0.2762,0.9122,0.3931,0.6765,0.3092,clean,N/A,HIGH,,True
MKD,MKD,2019,5.492,5.125,0.367,0.367,0.602,0.09,0.575,0.471,0.464,0.539,0.382,Low Takeoff Signal,0.2,0.569,0.512,RO,Robust Opportunity,High-Growth Emerging Market,structural,0.6125,0.4782,0.4547,0.8925,0.4916,0.5396,0.6989,0.4499,0.3554,0.6239,0.45,0.3663,0.7673,0.7987,0.0532,0.8055,0.6053,0.4581,0.6813,0.512,0.5704,0.4745,clean,N/A,HIGH,,True
MKD,MKD,2020,5.182,4.815,0.367,0.367,0.515,0.135,0.401,0.461,0.355,0.524,0.426,Moderate Potential,0.2,0.484,0.888,SR,Structural Risk,Diversified Emerging Market,structural,0.432,0.4558,0.4736,0.8141,0.4853,0.5491,0.6777,0.4153,0.3399,0.6515,0.4988,0.3507,0.7893,0.5681,0.0866,0.8355,0.6706,0.7554,0.2058,0.8876,0.6215,0.2923,clean,N/A,HIGH,,True
MKD,MKD,2021,5.575,5.208,0.367,0.367,0.556,0.09,0.607,0.478,0.47,0.579,0.474,Moderate Potential,0.2,0.617,0.955,SL,Stable / Low Opportunity,High-Growth Emerging Market,structural,0.4009,0.5445,0.4806,0.8678,0.5129,0.5784,0.6471,0.4122,0.3482,0.6607,0.529,0.3892,0.7904,0.5729,0.0702,0.8429,0.6277,0.7181,0.5461,0.9548,0.3084,0.5739,clean,N/A,HIGH,,True
MKD,MKD,2022,5.462,5.095,0.367,0.367,0.577,0.062,0.611,0.474,0.486,0.38,0.411,Moderate Potential,0.2,0.475,0.804,RO,Robust Opportunity,High-Growth Emerging Market,structural,0.4117,0.5276,0.5657,0.922,0.6206,0.4617,0.6532,0.3305,0.2612,0.7498,0.5114,0.416,0.7909,0.5205,0.08,0.8464,0.6368,0.3482,0.4004,0.8038,0.2833,0.0398,clean,N/A,HIGH,,True
MKD,MKD,2023,5.721,5.354,0.367,0.367,0.64,0.089,0.526,0.51,0.513,0.458,0.388,Low Takeoff Signal,0.2,0.475,0.665,RO,Robust Opportunity,Diversified Emerging Market,structural,0.4735,0.3013,0.5603,0.8122,0.6096,0.5848,0.6482,0.5745,0.2645,0.7035,0.4715,0.4092,0.7908,0.6132,0.1028,0.8626,0.6253,0.2273,0.605,0.6647,0.3538,0.4382,clean,N/A,HIGH,,True
MKD,MKD,2024,5.792,5.425,0.367,0.367,0.676,0.086,0.546,0.492,0.527,0.525,0.355,Low Takeoff Signal,0.2,0.542,0.421,RO,Robust Opportunity,Diversified Emerging Market,structural,0.4854,0.2913,0.555,0.8496,0.6014,0.5679,0.6016,0.4444,0.2833,0.7063,0.4956,0.4287,0.7909,0.6354,0.1183,0.839,0.6522,0.5936,0.9736,0.4213,0.2686,0.5908,clean,N/A,HIGH,,True
MLI,MLI,2010,4.726,4.319,0.407,0.407,0.323,0.169,0.354,0.55,0.302,,0.438,Moderate Potential,0.45,0.381,0.5,SR,Structural Risk,Diversified Emerging Market,structural,0.5672,0.3111,0.4131,0.4131,0.0676,0.8273,0.7319,0.2507,0.8781,0.5347,0.3978,0.3095,0.552,0.3418,0.8932,0.0548,0.2821,,,,,,clean,N/A,HIGH,,False
MLI,MLI,2011,4.417,4.01,0.407,0.407,0.269,0.157,0.339,0.495,0.281,,0.432,Moderate Potential,0.45,0.366,0.5,SR,Structural Risk,Diversified Emerging Market,structural,0.431,0.3972,0.4159,0.4501,0.0751,0.5831,0.7445,0.3968,0.8634,0.2794,0.378,0.3229,0.5599,0.2957,0.8896,0.0539,0.3098,,,,,,clean,N/A,HIGH,,False
MLI,MLI,2012,2.693,2.286,0.407,0.407,0.191,0.147,0.301,0.467,0.239,0.38,0.21,Low Takeoff Signal,0.45,0.332,0.051,SR,Structural Risk,Diversified Emerging Market,structural,0.2741,0.5322,0.4251,0.2886,0.0687,0.7143,0.7385,0.478,0.8491,0.0428,0.2611,0.2873,0.4005,0.2245,0.8849,0.053,0.2917,0.0263,0.4295,0.0505,0.6503,0.3745,clean,N/A,HIGH,,True
MLI,MLI,2013,3.0,2.593,0.407,0.407,0.246,0.138,0.362,0.48,0.294,0.38,0.213,Low Takeoff Signal,0.45,0.4,0.043,SR,Structural Risk,Diversified Emerging Market,structural,0.4952,0.4559,0.3831,0.4575,0.0701,0.7687,0.7402,0.4618,0.8364,0.0776,0.2502,0.3118,0.5019,0.3728,0.8836,0.0518,0.2579,0.4498,0.3117,0.0427,0.6857,0.3549,clean,N/A,HIGH,,True
MLI,MLI,2014,3.166,2.759,0.407,0.407,0.304,0.122,0.428,0.472,0.326,0.38,0.171,Low Takeoff Signal,0.239,0.426,0.04,SR,Structural Risk,Diversified Emerging Market,structural,0.8124,0.4401,0.396,0.5948,0.0762,0.6794,0.753,0.3813,0.8522,0.0714,0.2835,0.3113,0.5172,0.6635,0.8843,0.0504,0.2518,0.7184,0.0656,0.04,0.6936,0.3083,clean,N/A,HIGH,,True
MLI,MLI,2015,3.86,3.453,0.407,0.407,0.35,0.118,0.459,0.454,0.334,0.452,0.295,Low Takeoff Signal,0.312,0.505,0.148,SL,Stable / Low Opportunity,Diversified Emerging Market,structural,0.7933,0.5992,0.3829,0.5033,0.0675,0.6313,0.7516,0.3915,0.8252,0.0714,0.2632,0.3116,0.4283,0.6532,0.8882,0.0492,0.2919,0.9137,0.1299,0.1477,0.5833,0.6508,clean,N/A,HIGH,,True
MLI,MLI,2016,4.296,3.889,0.407,0.407,0.34,0.133,0.44,0.435,0.323,0.559,0.432,Moderate Potential,0.368,0.549,0.393,SR,Structural Risk,Diversified Emerging Market,structural,0.8147,0.4584,0.3877,0.6268,0.0661,0.608,0.7189,0.307,0.8231,0.0791,0.2586,0.2997,0.3145,0.6489,0.8924,0.053,0.2708,0.9346,0.5888,0.3931,0.4078,0.6533,clean,N/A,HIGH,,True
MLI,MLI,2017,3.978,3.571,0.407,0.407,0.3,0.124,0.421,0.413,0.323,0.52,0.403,Moderate Potential,0.381,0.49,0.341,SR,Structural Risk,Diversified Emerging Market,structural,0.6857,0.4114,0.4517,0.566,0.0605,0.5611,0.7103,0.2249,0.8163,0.0564,0.2583,0.2786,0.4326,0.4878,0.8905,0.0538,0.2653,0.6444,0.8111,0.3412,0.2893,0.573,clean,N/A,HIGH,,True
MLI,MLI,2018,3.89,3.483,0.407,0.407,0.283,0.109,0.447,0.413,0.309,0.42,0.404,Moderate Potential,0.437,0.462,0.315,SL,Stable / Low Opportunity,Diversified Emerging Market,structural,0.7048,0.5638,0.4589,0.4795,0.0558,0.5356,0.7189,0.3391,0.8324,0.0371,0.2599,0.2682,0.4627,0.4504,0.8839,0.0502,0.2568,0.0759,0.9122,0.3154,0.3294,0.6319,clean,N/A,HIGH,,True
MLI,MLI,2019,3.57,3.163,0.407,0.407,0.274,0.111,0.451,0.39,0.297,0.466,0.329,Low Takeoff Signal,0.2,0.49,0.369,SL,Stable / Low Opportunity,Diversified Emerging Market,structural,0.7152,0.4733,0.453,0.6007,0.0535,0.5418,0.6962,0.249,0.8204,0.0265,0.2423,0.251,0.4048,0.5361,0.8423,0.0436,0.2428,0.1129,0.9313,0.3691,0.3485,0.7533,clean,N/A,HIGH,,True
MLI,MLI,2020,3.111,2.704,0.407,0.407,0.249,0.141,0.266,0.401,0.212,0.439,0.239,Low Takeoff Signal,0.2,0.353,0.185,SR,Structural Risk,Diversified Emerging Market,structural,0.6449,0.4411,0.5122,0.3626,0.0505,0.552,0.7063,0.4609,0.8106,0.0275,0.23,0.2343,0.2351,0.5394,0.8335,0.0379,0.2281,0.3483,0.7254,0.1855,0.5535,0.3812,clean,N/A,HIGH,,True
MLI,MLI,2021,2.572,2.165,0.407,0.407,0.184,0.115,0.386,0.361,0.21,0.38,0.186,Low Takeoff Signal,0.2,0.343,0.083,SL,Stable / Low Opportunity,Diversified Emerging Market,structural,0.2898,0.2363,0.4519,0.5031,0.0503,0.5497,0.6576,0.2089,0.7973,0.0177,0.2195,0.2038,0.1485,0.1761,0.8635,0.0477,0.2447,0.0471,0.5522,0.0834,0.2763,0.3582,clean,N/A,HIGH,,True
MLI,MLI,2022,2.441,2.034,0.407,0.407,0.187,0.11,0.407,0.358,0.217,0.38,0.146,Low Takeoff Signal,0.2,0.313,0.041,SL,Stable / Low Opportunity,Diversified Emerging Market,structural,0.4748,0.5302,0.5251,0.3891,0.0503,0.6247,0.6542,0.2763,0.7838,0.0121,0.1872,0.2195,0.1494,0.3532,0.8679,0.0608,0.2381,0.2518,0.3837,0.0412,0.1307,0.2637,clean,N/A,HIGH,,True
MLI,MLI,2023,2.412,2.005,0.407,0.407,0.175,0.111,0.394,0.357,0.218,0.38,0.156,Low Takeoff Signal,0.2,0.348,0.045,SL,Stable / Low Opportunity,Diversified Emerging Market,structural,0.6682,0.4585,0.5133,0.3921,0.056,0.6116,0.6376,0.2203,0.7966,0.0105,0.1856,0.2214,0.1493,0.5141,0.8527,0.06,0.2243,0.2458,0.3071,0.0455,0.151,0.7541,clean,N/A,HIGH,,True
MLI,MLI,2024,2.51,2.103,0.407,0.407,0.173,0.12,0.372,0.362,0.216,0.435,0.185,Low Takeoff Signal,0.35,0.427,0.033,SR,Structural Risk,Diversified Emerging Market,structural,0.6784,0.3471,0.4916,0.2934,0.0508,0.5652,0.6331,0.2647,0.8024,0.0133,0.1733,0.1925,0.1491,0.5135,0.8547,0.06,0.2133,0.9594,0.5881,0.0334,0.2118,0.5943,clean,N/A,HIGH,,True
MLT,MLT,2010,8.259,7.866,0.393,0.393,0.966,0.037,0.681,0.623,0.79,,0.458,Moderate Potential,0.45,0.432,0.5,RO,Robust Opportunity,Advanced Economy,structural,0.6368,0.5848,1.0,0.3523,0.864,0.659,0.2313,0.3894,0.3582,0.935,0.9509,0.884,0.8034,0.7462,0.6426,0.8701,0.9289,,,,,,clean,N/A,HIGH,external_debt_pct_gni,False
MLT,MLT,2011,7.268,6.875,0.393,0.393,0.823,0.097,0.518,0.609,0.652,,0.397,Low Takeoff Signal,0.45,0.287,0.5,RO,Robust Opportunity,Advanced Economy,structural,0.2945,0.4845,0.9998,0.1779,0.7441,0.7363,0.2046,0.5035,0.071,0.9139,0.9326,0.8748,0.8134,0.358,0.6398,0.8687,0.912,,,,,,clean,N/A,HIGH,external_debt_pct_gni,False
MLT,MLT,2012,6.559,6.166,0.393,0.393,0.895,0.082,0.575,0.615,0.732,0.38,0.231,Low Takeoff Signal,0.45,0.349,0.066,FO,Fragile Opportunity,Advanced Economy,stable,0.5165,0.4879,0.8907,0.2344,0.7463,0.6931,0.2572,0.5598,0.1161,0.9113,0.9332,0.8703,0.8028,0.5427,0.6289,0.8673,0.9136,0.6438,0.0434,0.0656,0.6493,0.4779,clean,N/A,HIGH,external_debt_pct_gni,True
MLT,MLT,2013,6.714,6.321,0.393,0.393,0.88,0.102,0.488,0.656,0.777,0.432,0.297,Low Takeoff Signal,0.45,0.463,0.109,RO,Robust Opportunity,Advanced Economy,stable,0.7291,0.4414,0.4923,0.1709,0.7289,0.7146,0.2991,0.6057,0.3642,0.9088,0.9309,0.8742,0.8038,0.7692,0.6654,0.8667,0.9106,0.7137,0.032,0.1089,0.7207,0.587,clean,N/A,HIGH,external_debt_pct_gni,True
MLT,MLT,2014,6.485,6.092,0.393,0.393,0.869,0.11,0.494,0.683,0.782,0.449,0.249,Low Takeoff Signal,0.572,0.523,0.04,FO,Fragile Opportunity,Advanced Economy,stable,0.8807,0.4809,0.4068,0.1288,0.7075,0.7201,0.3539,0.8351,0.3974,0.9092,0.9016,0.8557,0.8047,0.8603,0.6893,0.866,0.8561,0.8887,0.0349,0.04,0.863,0.6697,clean,N/A,HIGH,external_debt_pct_gni,True
MLT,MLT,2015,6.772,6.379,0.393,0.393,0.919,0.059,0.732,0.642,0.806,0.38,0.254,Low Takeoff Signal,0.458,0.401,0.075,RO,Robust Opportunity,Advanced Economy,stable,0.9396,0.6721,0.9645,0.4329,0.6693,0.6245,0.476,0.7729,0.2073,0.9029,0.9079,0.8612,0.7669,0.9106,0.6896,0.8654,0.8745,0.9137,0.0215,0.0748,0.9036,0.2345,clean,N/A,HIGH,external_debt_pct_gni,True
MLT,MLT,2016,6.428,6.035,0.393,0.393,0.88,0.075,0.59,0.634,0.728,0.496,0.218,Low Takeoff Signal,0.488,0.353,0.049,FO,Fragile Opportunity,Advanced Economy,structural,0.6373,0.5224,0.9881,0.3674,0.6454,0.5885,0.5399,0.6515,0.3339,0.9076,0.8988,0.8404,0.8024,0.5347,0.7151,0.8648,0.8839,0.5871,0.6042,0.0485,0.9118,0.4902,clean,N/A,HIGH,external_debt_pct_gni,True
MLT,MLT,2017,7.551,7.158,0.393,0.393,0.967,0.028,0.72,0.678,0.842,0.613,0.399,Low Takeoff Signal,0.481,0.453,0.276,RO,Robust Opportunity,Advanced Economy,structural,0.9824,0.5401,1.0,0.2313,0.7429,0.5638,0.634,0.9939,0.0328,0.9287,0.9118,0.844,0.8034,0.9648,0.7095,0.8646,0.9154,0.7747,0.9577,0.2757,0.8781,0.539,clean,N/A,HIGH,external_debt_pct_gni,True
MLT,MLT,2018,7.724,7.331,0.393,0.393,0.956,0.049,0.681,0.669,0.781,0.599,0.464,Moderate Potential,0.532,0.425,0.438,RO,Robust Opportunity,Advanced Economy,structural,0.8959,0.5516,1.0,0.24,0.7508,0.5356,0.6801,0.9699,0.0442,0.9318,0.905,0.8294,0.7715,0.6995,0.7316,0.8655,0.9165,0.5354,0.9122,0.4384,0.933,0.521,clean,N/A,HIGH,external_debt_pct_gni,True
MLT,MLT,2019,6.895,6.502,0.393,0.393,0.89,0.09,0.621,0.67,0.666,0.549,0.333,Low Takeoff Signal,0.25,0.382,0.396,RO,Robust Opportunity,Advanced Economy,structural,0.63,0.4701,0.9997,0.3074,0.7562,0.5391,0.7104,0.982,0.1206,0.9032,0.8952,0.7276,0.7726,0.3268,0.7055,0.8647,0.8316,0.3362,0.9423,0.3962,0.9479,0.5126,clean,N/A,HIGH,external_debt_pct_gni,True
MLT,MLT,2020,6.469,6.076,0.393,0.393,0.874,0.138,0.523,0.668,0.529,0.488,0.238,Low Takeoff Signal,0.25,0.296,0.174,FO,Fragile Opportunity,Knowledge / Service Economy,structural,0.5077,0.5837,1.0,0.3359,0.7473,0.5531,0.6962,0.9866,0.1826,0.9158,0.8839,0.7843,0.7957,0.4421,0.7213,0.8632,0.8985,0.3174,0.8943,0.1743,0.871,0.4494,clean,N/A,HIGH,external_debt_pct_gni,True
MLT,MLT,2021,6.464,6.071,0.393,0.393,0.917,0.023,0.721,0.639,0.829,0.542,0.172,Low Takeoff Signal,0.25,0.396,0.042,FO,Fragile Opportunity,Advanced Economy,structural,0.9383,0.3107,1.0,0.4616,0.7628,0.5944,0.6745,0.8915,0.0202,0.9082,0.8695,0.7447,0.7942,0.9351,0.7473,0.8635,0.8085,0.6142,0.5524,0.0422,0.8343,0.7969,clean,N/A,HIGH,external_debt_pct_gni,True
MLT,MLT,2022,5.869,5.476,0.393,0.393,0.822,0.081,0.674,0.643,0.678,0.38,0.15,Low Takeoff Signal,0.25,0.273,0.041,FO,Fragile Opportunity,Advanced Economy,stable,0.3937,0.5591,0.9982,0.607,0.7623,0.6314,0.6644,0.5357,0.3699,0.9089,0.8708,0.7415,0.7947,0.3126,0.735,0.8625,0.7672,0.3481,0.0752,0.0412,0.3954,0.6687,clean,N/A,HIGH,external_debt_pct_gni,True
MLT,MLT,2023,6.519,6.126,0.393,0.393,0.937,0.073,0.685,0.69,0.792,0.38,0.157,Low Takeoff Signal,0.25,0.283,0.045,FO,Fragile Opportunity,Advanced Economy,stable,0.9474,0.5655,1.0,0.3014,0.7815,0.5844,0.679,0.8146,0.4046,0.9063,0.8578,0.7002,0.7946,0.8499,0.7163,0.86,0.7537,0.8258,0.0528,0.0455,0.3956,0.4284,clean,N/A,HIGH,external_debt_pct_gni,True
MLT,MLT,2024,6.344,5.951,0.393,0.393,0.915,0.083,0.653,0.675,0.757,0.38,0.141,Low Takeoff Signal,0.25,0.24,0.039,FO,Fragile Opportunity,Advanced Economy,stable,0.8136,0.5544,1.0,0.2674,0.7786,0.5865,0.666,0.8229,0.3411,0.8956,0.8421,0.6818,0.7947,0.6886,0.7247,0.8594,0.7412,0.4297,0.0483,0.039,0.301,0.5304,clean,N/A,HIGH,external_debt_pct_gni,True
MMR,MMR,2010,1.579,4.326,-2.747,0.579,0.297,0.107,0.455,0.358,0.308,,0.478,Moderate Potential,0.45,0.488,0.5,SL,Stable / Low Opportunity,Diversified Emerging Market,structural,0.8978,0.4373,0.3833,0.4277,0.1546,0.4134,0.2979,0.6238,0.8696,0.1602,0.0863,0.1287,0.5396,0.9338,0.9014,0.15,0.0423,,,,,,sanctions_compliance_risk,HIGH,MEDIUM,export_growth; gross_capital_formation,False
MMR,MMR,2011,2.696,4.135,-1.439,0.579,0.276,0.12,0.408,0.389,0.305,,0.456,Moderate Potential,0.45,0.427,0.5,SR,Structural Risk,Diversified Emerging Market,structural,0.6311,0.5891,0.4327,0.2605,0.1509,0.6782,0.3652,0.4655,0.8741,0.1779,0.0994,0.1282,0.6118,0.6746,0.8979,0.1512,0.0525,,,,,,sanctions_compliance_risk,HIGH,MEDIUM,export_growth; gross_capital_formation,False
MMR,MMR,2012,2.048,3.745,-1.697,0.579,0.279,0.131,0.408,0.381,0.3,0.582,0.483,Moderate Potential,0.45,0.537,0.463,SR,Structural Risk,Diversified Emerging Market,structural,0.6715,0.4284,0.4166,0.3958,0.1394,0.6027,0.4144,0.4857,0.8666,0.1892,0.0912,0.1115,0.626,0.6944,0.8935,0.1515,0.0403,0.5648,0.4379,0.4631,0.9383,0.6965,sanctions_compliance_risk,HIGH,MEDIUM,export_growth; gross_capital_formation,True
MMR,MMR,2013,2.042,4.544,-2.502,0.579,0.34,0.118,0.462,0.368,0.343,0.605,0.614,Pre-Breakout Signal,0.45,0.582,0.938,SL,Stable / Low Opportunity,Diversified Emerging Market,structural,0.8465,0.4885,0.4529,0.474,0.1346,0.322,0.4893,0.5073,0.8795,0.1426,0.1298,0.1437,0.6097,0.8884,0.8927,0.1515,0.0706,0.7023,0.6405,0.9382,0.9248,0.1838,narrative_inconsistency,HIGH,MEDIUM,export_growth; gross_capital_formation,True
MMR,MMR,2014,1.916,4.227,-2.311,0.579,0.375,0.127,0.472,0.416,0.349,0.611,0.473,Moderate Potential,0.208,0.59,0.951,SR,Structural Risk,Diversified Emerging Market,structural,0.9049,0.4621,0.4541,0.5188,0.1811,0.5325,0.6427,0.4014,0.8869,0.1474,0.1277,0.1798,0.4878,0.9378,0.893,0.1511,0.0848,0.7148,0.668,0.9513,0.9188,0.1715,sanctions_compliance_risk,HIGH,MEDIUM,export_growth; gross_capital_formation,True
MMR,MMR,2015,1.735,4.321,-2.586,0.579,0.373,0.116,0.456,0.377,0.377,0.61,0.502,Moderate Potential,0.279,0.564,0.869,SL,Stable / Low Opportunity,Diversified Emerging Market,structural,0.8398,0.4455,0.5389,0.4552,0.18,0.4441,0.6738,0.3777,0.871,0.149,0.1277,0.1898,0.4684,0.8777,0.8958,0.1513,0.1178,0.7269,0.8973,0.8694,0.9036,0.0741,sanctions_compliance_risk,HIGH,MEDIUM,export_growth; gross_capital_formation,True
MMR,MMR,2016,1.773,4.644,-2.871,0.579,0.407,0.115,0.456,0.42,0.396,0.566,0.54,Moderate Potential,0.327,0.548,0.957,SL,Stable / Low Opportunity,Diversified Emerging Market,structural,0.8042,0.4448,0.5628,0.4465,0.2839,0.5184,0.7337,0.4345,0.8642,0.1873,0.1724,0.2289,0.4377,0.8513,0.8867,0.1514,0.17,0.411,0.9254,0.9566,0.9118,0.1694,sanctions_compliance_risk,HIGH,MEDIUM,export_growth; gross_capital_formation,True
MMR,MMR,2017,1.864,4.601,-2.737,0.579,0.387,0.113,0.462,0.406,0.394,0.58,0.559,Pre-Breakout Signal,0.359,0.565,0.925,SL,Stable / Low Opportunity,Diversified Emerging Market,structural,0.7512,0.3729,0.5192,0.3907,0.3462,0.5373,0.6734,0.2809,0.859,0.1301,0.1589,0.2597,0.4324,0.7928,0.87,0.151,0.177,0.0626,0.9577,0.9248,0.8623,0.5875,narrative_inconsistency,HIGH,MEDIUM,export_growth; gross_capital_formation,True
MMR,MMR,2018,1.876,4.783,-2.907,0.579,0.463,0.097,0.526,0.427,0.413,0.525,0.495,Moderate Potential,0.376,0.536,0.623,SL,Stable / Low Opportunity,Diversified Emerging Market,structural,0.8381,0.4709,0.4621,0.6087,0.4087,0.5353,0.7071,0.5371,0.8722,0.1075,0.1399,0.2604,0.5085,0.8814,0.8911,0.1587,0.1919,0.1403,0.6231,0.6233,0.74,0.499,sanctions_compliance_risk,HIGH,MEDIUM,export_growth; gross_capital_formation,True
MMR,MMR,2019,2.097,4.323,-2.226,0.579,0.466,0.082,0.546,0.424,0.41,0.438,0.364,Low Takeoff Signal,0.2,0.511,0.491,SL,Stable / Low Opportunity,Diversified Emerging Market,structural,0.8308,0.464,0.4328,0.6941,0.4049,0.5359,0.7193,0.4867,0.8753,0.0958,0.1395,0.2533,0.5047,0.8727,0.8978,0.1456,0.1831,0.4567,0.0263,0.4913,0.6543,0.5627,sanctions_compliance_risk,HIGH,MEDIUM,export_growth; gross_capital_formation,True
MMR,MMR,2020,2.253,2.674,-0.421,0.579,0.279,0.133,0.327,0.422,0.219,0.38,0.186,Low Takeoff Signal,0.2,0.341,0.084,SR,Structural Risk,Diversified Emerging Market,structural,0.2056,0.4502,0.5094,0.5738,0.399,0.5484,0.6952,0.5659,0.8696,0.0733,0.1408,0.2848,0.5273,0.2179,0.8647,0.1484,0.2284,0.1172,0.1038,0.0844,0.6631,0.7701,sanctions_compliance_risk,HIGH,MEDIUM,export_growth; gross_capital_formation,True
MMR,MMR,2021,1.645,2.066,-0.421,0.579,0.162,0.124,0.41,0.363,0.141,0.38,0.192,Low Takeoff Signal,0.45,0.299,0.042,SR,Structural Risk,Commodity Exporter,structural,0.002,0.6126,0.4562,0.6151,0.3987,0.4878,0.5875,0.431,0.8406,0.0278,0.0756,0.1918,0.4728,0.0034,0.662,0.1471,0.1203,0.0121,0.0997,0.0422,0.346,0.197,sanctions_compliance_risk,HIGH,MEDIUM,export_growth; gross_capital_formation,True
MMR,MMR,2022,1.579,2.741,-1.162,0.579,0.285,0.08,0.524,0.356,0.307,0.38,0.195,Low Takeoff Signal,0.45,0.32,0.041,SL,Stable / Low Opportunity,Diversified Emerging Market,structural,0.4974,0.7537,0.5087,0.5685,0.3932,0.3218,0.5997,0.4321,0.835,0.0188,0.0681,0.1448,0.4741,0.5388,0.7028,0.144,0.1017,0.0339,0.381,0.0412,0.0382,0.0305,sanctions_compliance_risk,HIGH,MEDIUM,export_growth; gross_capital_formation,True
MMR,MMR,2023,2.017,2.438,-0.421,0.579,0.226,0.101,0.458,0.364,0.258,0.38,0.2,Low Takeoff Signal,0.45,0.315,0.045,SL,Stable / Low Opportunity,Diversified Emerging Market,structural,0.332,0.5976,0.4917,0.7146,0.4039,0.4395,0.5747,0.4488,0.8501,0.0205,0.0624,0.1508,0.4739,0.3892,0.6928,0.1405,0.0731,0.2028,0.4302,0.0455,0.0506,0.0174,sanctions_compliance_risk,HIGH,MEDIUM,export_growth; gross_capital_formation,True
MMR,MMR,2024,1.579,2.349,-0.77,0.579,0.212,0.104,0.471,0.366,0.237,0.38,0.195,Low Takeoff Signal,0.45,0.385,0.033,SL,Stable / Low Opportunity,Diversified Emerging Market,structural,0.1605,0.9247,0.4472,0.6613,0.3915,0.3865,0.5312,0.5027,0.8583,0.0286,0.0554,0.1287,0.4738,0.1983,0.6982,0.1389,0.073,0.9702,0.1973,0.0334,0.1143,0.0145,sanctions_compliance_risk,HIGH,MEDIUM,export_growth; gross_capital_formation,True
MNE,MNE,2010,5.439,5.203,0.236,0.236,0.474,0.106,0.517,0.449,0.381,,0.456,Moderate Potential,0.45,0.426,0.5,SL,Stable / Low Opportunity,Diversified Emerging Market,structural,0.2605,0.3758,0.7997,0.3733,0.8099,0.8953,0.4776,0.1104,0.0118,0.7921,0.541,0.3178,0.7738,0.3863,0.0652,0.8466,0.4884,,,,,,clean,N/A,HIGH,,False
MNE,MNE,2011,5.457,5.221,0.236,0.236,0.469,0.095,0.509,0.417,0.404,,0.469,Moderate Potential,0.45,0.464,0.5,SL,Stable / Low Opportunity,Diversified Emerging Market,structural,0.467,0.5415,0.6613,0.2297,0.7324,0.6507,0.4357,0.2169,0.0036,0.8069,0.5148,0.3136,0.7812,0.5649,0.0669,0.8434,0.4933,,,,,,clean,N/A,HIGH,,False
MNE,MNE,2012,3.491,3.255,0.236,0.236,0.258,0.111,0.429,0.414,0.283,0.38,0.379,Low Takeoff Signal,0.45,0.274,0.452,SL,Stable / Low Opportunity,Diversified Emerging Market,structural,0.2213,0.3934,0.6543,0.2641,0.7089,0.536,0.3533,0.2293,0.0009,0.8322,0.5497,0.4203,0.7798,0.2713,0.0322,0.8433,0.5313,0.1219,0.1885,0.4521,0.0391,0.057,clean,N/A,HIGH,,True
MNE,MNE,2013,4.602,4.366,0.236,0.236,0.396,0.101,0.477,0.456,0.379,0.38,0.48,Reform Story,0.45,0.355,0.734,SL,Stable / Low Opportunity,Diversified Emerging Market,structural,0.5032,0.4422,0.6972,0.2263,0.6792,0.7516,0.3678,0.2551,0.0009,0.8321,0.5744,0.4188,0.7857,0.6264,0.0455,0.8445,0.5535,0.6942,0.032,0.7335,0.0463,0.1877,clean,N/A,HIGH,,True
MNE,MNE,2014,4.728,4.492,0.236,0.236,0.425,0.091,0.459,0.448,0.437,0.38,0.472,Reform Story,0.432,0.365,0.705,SL,Stable / Low Opportunity,Diversified Emerging Market,structural,0.381,0.4086,0.6319,0.2417,0.6674,0.7551,0.3242,0.1506,0.0037,0.717,0.5654,0.5166,0.7808,0.5442,0.0843,0.8196,0.6384,0.7146,0.0349,0.7046,0.0367,0.2001,clean,N/A,HIGH,,True
MNE,MNE,2015,5.231,4.995,0.236,0.236,0.485,0.1,0.516,0.425,0.422,0.555,0.521,Reform Story,0.401,0.448,0.846,SL,Stable / Low Opportunity,Diversified Emerging Market,structural,0.452,0.5058,0.8141,0.2688,0.6477,0.6205,0.3159,0.1643,0.0033,0.6995,0.5746,0.5122,0.7398,0.5948,0.0626,0.8002,0.638,0.6586,0.7414,0.8457,0.0614,0.5626,clean,N/A,HIGH,,True
MNE,MNE,2016,5.227,4.991,0.236,0.236,0.49,0.086,0.505,0.41,0.451,0.515,0.512,Moderate Potential,0.507,0.506,0.526,SL,Stable / Low Opportunity,Diversified Emerging Market,structural,0.5646,0.4633,0.5642,0.5133,0.6213,0.588,0.3804,0.0601,0.0246,0.737,0.5608,0.4997,0.7682,0.7144,0.0685,0.7941,0.6351,0.8899,0.3439,0.5265,0.377,0.5773,clean,N/A,HIGH,,True
MNE,MNE,2017,5.264,5.028,0.236,0.236,0.551,0.055,0.565,0.391,0.495,0.465,0.431,Moderate Potential,0.489,0.49,0.321,SL,Stable / Low Opportunity,Diversified Emerging Market,structural,0.4646,0.4069,0.589,0.7267,0.623,0.56,0.3942,0.0334,0.0231,0.6418,0.5414,0.5247,0.7539,0.5982,0.1027,0.7874,0.6627,0.5635,0.5478,0.3211,0.6892,0.2039,clean,N/A,HIGH,,True
MNE,MNE,2018,6.341,6.105,0.236,0.236,0.674,0.048,0.617,0.389,0.538,0.525,0.546,Moderate Potential,0.566,0.582,0.487,RO,Robust Opportunity,Diversified Emerging Market,structural,0.6891,0.4904,0.5267,0.8076,0.6316,0.5356,0.3366,0.0319,0.0171,0.666,0.6088,0.5359,0.7444,0.821,0.1234,0.7886,0.6511,0.9403,0.4417,0.4869,0.6343,0.3126,market_depth_limited,MEDIUM,HIGH,,True
MNE,MNE,2019,6.149,5.913,0.236,0.236,0.716,0.034,0.597,0.392,0.587,0.487,0.43,Moderate Potential,0.2,0.561,0.77,RO,Robust Opportunity,High-Growth Emerging Market,structural,0.66,0.4635,0.4899,0.7988,0.6364,0.5392,0.2856,0.0775,0.0192,0.6928,0.6118,0.5364,0.7496,0.7779,0.1998,0.8,0.649,0.8962,0.0713,0.7704,0.3478,0.5181,market_depth_limited,MEDIUM,HIGH,,True
MNE,MNE,2020,3.605,3.369,0.236,0.236,0.254,0.126,0.404,0.347,0.172,0.463,0.416,Reform Story,0.2,0.425,0.956,SR,Structural Risk,Diversified Emerging Market,structural,0.0562,0.1906,0.6402,0.8197,0.6417,0.5551,0.1948,0.0025,0.0037,0.6247,0.6265,0.5338,0.7624,0.067,0.0803,0.7914,0.6467,0.0619,0.8476,0.9559,0.0355,0.718,clean,N/A,HIGH,,True
MNE,MNE,2021,5.602,5.366,0.236,0.236,0.612,0.057,0.738,0.393,0.469,0.577,0.434,Moderate Potential,0.2,0.638,0.682,RO,Robust Opportunity,High-Growth Emerging Market,structural,0.9304,0.9988,0.5714,0.5938,0.6535,0.5802,0.3378,0.1605,0.0249,0.605,0.5891,0.5759,0.7761,0.9443,0.0592,0.8092,0.6265,0.7182,0.5779,0.6816,0.155,0.7933,clean,N/A,HIGH,,True
MNE,MNE,2022,5.727,5.491,0.236,0.236,0.702,0.035,0.676,0.397,0.555,0.518,0.334,Low Takeoff Signal,0.2,0.579,0.319,RO,Robust Opportunity,High-Growth Emerging Market,structural,0.7298,0.7575,0.6678,0.6658,0.6312,0.4846,0.4375,0.1408,0.0438,0.6247,0.5675,0.5578,0.7767,0.8137,0.116,0.8119,0.6523,0.6111,0.9807,0.3185,0.8209,0.1608,clean,N/A,HIGH,,True
MNE,MNE,2023,6.644,6.408,0.236,0.236,0.818,0.052,0.601,0.448,0.621,0.578,0.414,Moderate Potential,0.2,0.575,0.662,RO,Robust Opportunity,Diversified Emerging Market,structural,0.7943,0.7012,0.6647,0.6178,0.6657,0.5807,0.5475,0.1191,0.0907,0.7214,0.6467,0.5367,0.7766,0.8588,0.2311,0.8163,0.6235,0.8666,0.4353,0.6622,0.9658,0.2901,market_depth_limited,MEDIUM,HIGH,,True
MNE,MNE,2024,5.907,5.671,0.236,0.236,0.678,0.075,0.522,0.445,0.569,0.563,0.42,Moderate Potential,0.2,0.543,0.738,RO,Robust Opportunity,Diversified Emerging Market,structural,0.5026,0.2914,0.5776,0.6503,0.6592,0.5845,0.5163,0.0324,0.1124,0.7725,0.6692,0.5468,0.7767,0.6331,0.2156,0.8182,0.5908,0.7047,0.0483,0.7382,0.9726,0.5741,market_depth_limited,MEDIUM,HIGH,,True
MNG,Mongolia,2010,4.648,4.268,0.38,0.38,0.357,0.102,0.717,0.381,0.227,,0.511,Moderate Potential,0.45,0.591,0.5,SL,Stable / Low Opportunity,Diversified Emerging Market,structural,0.6548,0.4006,0.8776,0.9806,0.7187,0.1698,0.6657,0.2208,0.0463,0.8367,0.4411,0.2914,0.0147,0.6227,0.5998,0.3038,0.3819,,,,,,clean,N/A,HIGH,export_growth,True
MNG,Mongolia,2011,5.034,4.654,0.38,0.38,0.42,0.086,0.844,0.365,0.235,,0.523,Moderate Potential,0.45,0.632,0.5,SL,Stable / Low Opportunity,High-Growth Emerging Market,structural,0.9841,0.5703,0.9867,0.9987,0.7064,0.3491,0.6458,0.0213,0.0154,0.8243,0.4803,0.3049,0.0126,0.9827,0.7291,0.3132,0.3775,,,,,,clean,N/A,HIGH,,True
MNG,Mongolia,2012,6.597,6.217,0.38,0.38,0.677,0.039,0.798,0.322,0.407,0.469,0.573,Pre-Breakout Signal,0.45,0.545,0.807,RO,Robust Opportunity,High-Growth Emerging Market,structural,0.8478,0.4947,0.8919,0.9977,0.6893,0.0733,0.5208,0.025,0.0017,0.8299,0.4769,0.3098,0.1279,0.8281,0.7757,0.3576,0.3489,0.9051,0.9669,0.8068,0.0391,0.057,clean,N/A,HIGH,,True
MNG,Mongolia,2013,6.367,5.987,0.38,0.38,0.673,0.014,0.771,0.325,0.429,0.38,0.515,Moderate Potential,0.45,0.453,0.698,RO,Robust Opportunity,High-Growth Emerging Market,structural,0.9422,0.541,0.8634,0.9965,0.6594,0.1028,0.4782,0.0198,0.0005,0.8455,0.4831,0.3271,0.1591,0.9396,0.7237,0.381,0.318,0.7833,0.1962,0.6978,0.0286,0.1486,clean,N/A,HIGH,,True
MNG,Mongolia,2014,5.318,4.938,0.38,0.38,0.674,0.017,0.733,0.367,0.449,0.38,0.222,Low Takeoff Signal,0.041,0.537,0.572,FO,Fragile Opportunity,High-Growth Emerging Market,structural,0.8927,0.8528,0.4409,0.9016,0.6473,0.1313,0.562,0.0927,0.0001,0.8814,0.4757,0.3438,0.1718,0.8646,0.6818,0.3906,0.3894,0.712,0.0349,0.5722,0.1027,0.1216,clean,N/A,HIGH,,True
MNG,Mongolia,2015,3.859,3.479,0.38,0.38,0.413,0.092,0.456,0.443,0.429,0.38,0.208,Low Takeoff Signal,0.053,0.435,0.429,SL,Stable / Low Opportunity,High-Growth Emerging Market,structural,0.4374,0.4477,0.3551,0.4846,0.6381,0.6053,0.5314,0.2622,0.0001,0.8661,0.484,0.3286,0.3149,0.3723,0.6575,0.3717,0.3781,0.0212,0.0215,0.4291,0.3482,0.8362,clean,N/A,HIGH,,True
MNG,Mongolia,2016,3.645,3.265,0.38,0.38,0.336,0.093,0.404,0.408,0.405,0.38,0.263,Low Takeoff Signal,0.054,0.619,0.622,SL,Stable / Low Opportunity,Diversified Emerging Market,structural,0.339,0.5939,0.0001,0.3996,0.6303,0.5852,0.2518,0.3531,0.0002,0.8654,0.5128,0.3129,0.2619,0.276,0.4031,0.4165,0.5001,0.0294,0.0195,0.6222,0.0945,0.9574,clean,N/A,HIGH,,True
MNG,Mongolia,2017,4.557,4.177,0.38,0.38,0.456,0.053,0.608,0.373,0.4,0.38,0.337,Low Takeoff Signal,0.126,0.454,0.751,SL,Stable / Low Opportunity,High-Growth Emerging Market,structural,0.7093,0.4244,0.6097,0.6666,0.6313,0.5314,0.1961,0.1291,0.0,0.8655,0.5019,0.3444,0.0942,0.6492,0.4768,0.3759,0.4924,0.0275,0.0413,0.7506,0.0347,0.9504,clean,N/A,HIGH,,True
MNG,Mongolia,2018,5.344,4.964,0.38,0.38,0.56,0.06,0.709,0.364,0.397,0.518,0.399,Low Takeoff Signal,0.181,0.604,0.621,SL,Stable / Low Opportunity,Diversified Emerging Market,structural,0.9213,0.4821,0.5859,0.9612,0.6294,0.5353,0.2895,0.034,0.0001,0.8701,0.4989,0.3304,0.092,0.8957,0.4908,0.4007,0.5322,0.5419,0.9093,0.6207,0.0412,0.6344,clean,N/A,HIGH,,True
MNG,Mongolia,2019,5.608,5.228,0.38,0.38,0.561,0.066,0.679,0.377,0.402,0.525,0.472,Moderate Potential,0.35,0.616,0.491,SL,Stable / Low Opportunity,High-Growth Emerging Market,structural,0.7643,0.4931,0.5928,0.9176,0.5896,0.5367,0.4089,0.065,0.0001,0.8674,0.4868,0.3059,0.1417,0.7223,0.317,0.4027,0.4874,0.9757,0.9423,0.4911,0.5852,0.0498,clean,N/A,HIGH,,True
MNG,Mongolia,2020,4.456,4.509,-0.053,0.38,0.443,0.137,0.425,0.397,0.294,0.602,0.449,Moderate Potential,0.45,0.502,0.392,SR,Structural Risk,Diversified Emerging Market,cyclical,0.4399,0.5053,0.6634,0.4545,0.6853,0.5485,0.377,0.2961,0.0005,0.8716,0.4983,0.2874,0.095,0.402,0.6203,0.416,0.4733,0.8546,0.8943,0.3921,0.8486,0.3697,clean,N/A,HIGH,,True
MNG,Mongolia,2021,3.999,3.619,0.38,0.38,0.24,0.125,0.58,0.382,0.195,0.51,0.507,Moderate Potential,0.45,0.531,0.552,SR,Structural Risk,High-Growth Emerging Market,structural,0.1962,0.0617,0.6008,0.9469,0.7249,0.5129,0.5059,0.0702,0.0004,0.8709,0.5037,0.2792,0.0145,0.1735,0.5389,0.4372,0.4681,0.0121,0.5525,0.5519,0.8958,0.6817,clean,N/A,HIGH,,True
MNG,Mongolia,2022,4.122,3.742,0.38,0.38,0.315,0.107,0.74,0.386,0.217,0.519,0.428,Moderate Potential,0.2,0.592,0.714,SL,Stable / Low Opportunity,High-Growth Emerging Market,structural,0.5645,0.9347,0.6757,0.9782,0.6517,0.5447,0.5039,0.1313,0.002,0.8466,0.525,0.2833,0.0146,0.5515,0.6618,0.4452,0.4478,0.1178,0.3054,0.7141,0.8858,0.707,clean,N/A,HIGH,,True
MNG,Mongolia,2023,4.759,4.379,0.38,0.38,0.423,0.136,0.753,0.494,0.225,0.554,0.442,Moderate Potential,0.2,0.59,0.797,SR,Structural Risk,High-Growth Emerging Market,structural,0.8458,0.986,0.7918,0.9221,0.7063,0.5566,0.6957,0.5848,0.0034,0.8448,0.5235,0.3009,0.0146,0.8339,0.641,0.453,0.5157,0.6492,0.0528,0.7973,0.9658,0.5679,clean,N/A,HIGH,,True
MNG,Mongolia,2024,4.282,3.902,0.38,0.38,0.325,0.139,0.655,0.437,0.212,0.582,0.457,Moderate Potential,0.2,0.62,0.841,SR,Structural Risk,Diversified Emerging Market,structural,0.6896,0.4071,0.672,0.9477,0.701,0.5315,0.7063,0.1562,0.0061,0.8015,0.551,0.3629,0.0146,0.6923,0.6454,0.4604,0.4988,0.9702,0.1506,0.8411,0.9726,0.5098,clean,N/A,HIGH,,True
MOZ,Mozambique,2010,4.202,3.811,0.391,0.391,0.228,0.098,0.418,0.279,0.298,,0.439,Moderate Potential,0.45,0.382,0.5,SL,Stable / Low Opportunity,Diversified Emerging Market,structural,0.6873,0.31,0.6368,0.4229,0.0328,0.0077,0.5667,0.1812,0.0204,0.5846,0.3063,0.2861,0.4508,0.5431,0.8129,0.0442,0.2761,,,,,,clean,N/A,HIGH,,False
MOZ,Mozambique,2011,4.98,4.589,0.391,0.391,0.355,0.087,0.581,0.339,0.304,,0.464,Moderate Potential,0.45,0.448,0.5,SL,Stable / Low Opportunity,Diversified Emerging Market,structural,0.7331,0.5437,0.8943,0.7013,0.0344,0.544,0.627,0.1197,0.0256,0.5809,0.2506,0.2802,0.4752,0.6351,0.8091,0.0439,0.2755,,,,,,clean,N/A,HIGH,,False
MOZ,Mozambique,2012,4.479,4.69,-0.211,0.391,0.456,0.121,0.64,0.37,0.309,0.669,0.48,Moderate Potential,0.45,0.582,0.414,SR,Structural Risk,High-Growth Emerging Market,recovery_bounce,0.7002,0.5132,0.8845,0.9935,0.0305,0.7361,0.6104,0.0325,0.0069,0.6353,0.2882,0.3181,0.4074,0.6279,0.8066,0.0436,0.2996,0.8706,0.9669,0.4138,0.6806,0.97,clean,N/A,HIGH,,True
MOZ,Mozambique,2013,3.438,3.047,0.391,0.391,0.325,0.085,0.621,0.277,0.297,0.529,0.219,Low Takeoff Signal,0.45,0.393,0.048,SL,Stable / Low Opportunity,Diversified Emerging Market,structural,0.7472,0.4381,0.9958,0.9981,0.0527,0.5522,0.4775,0.0154,0.0006,0.4068,0.2106,0.2557,0.3761,0.6549,0.8059,0.043,0.2829,0.7058,0.9599,0.048,0.392,0.9728,clean,N/A,HIGH,,True
MOZ,Mozambique,2014,3.286,2.895,0.391,0.391,0.345,0.062,0.692,0.255,0.302,0.463,0.148,Low Takeoff Signal,0.139,0.485,0.04,SL,Stable / Low Opportunity,Diversified Emerging Market,structural,0.8842,0.666,0.8976,0.9979,0.0498,0.6356,0.3237,0.004,0.0002,0.3153,0.2156,0.2348,0.3109,0.8012,0.8035,0.0424,0.2768,0.7387,0.9483,0.04,0.0367,0.97,clean,N/A,HIGH,,True
MOZ,Mozambique,2015,2.849,2.458,0.391,0.391,0.225,0.057,0.592,0.168,0.291,0.38,0.206,Low Takeoff Signal,0.109,0.33,0.25,SL,Stable / Low Opportunity,Diversified Emerging Market,structural,0.8608,0.3954,0.9069,0.9684,0.0522,0.3914,0.1645,0.0009,0.0,0.2889,0.2296,0.2292,0.2239,0.7694,0.8039,0.0425,0.2442,0.6481,0.6124,0.2497,0.0274,0.129,clean,N/A,HIGH,,True
MOZ,Mozambique,2016,1.934,1.543,0.391,0.391,0.135,0.068,0.564,0.096,0.237,0.38,0.086,Low Takeoff Signal,0.051,0.175,0.07,SL,Stable / Low Opportunity,Diversified Emerging Market,structural,0.7023,0.3809,0.9938,0.9861,0.0476,0.3226,0.034,0.0022,0.0,0.1225,0.181,0.1892,0.0721,0.5287,0.7992,0.0419,0.2248,0.3546,0.0195,0.0698,0.0441,0.0385,clean,N/A,HIGH,,True
MOZ,Mozambique,2017,2.37,1.979,0.391,0.391,0.156,0.069,0.5,0.181,0.204,0.38,0.176,Low Takeoff Signal,0.086,0.27,0.247,SL,Stable / Low Opportunity,Diversified Emerging Market,structural,0.404,0.4203,0.6756,0.8575,0.056,0.5482,0.0987,0.0149,0.0,0.1735,0.1846,0.1971,0.078,0.2501,0.7849,0.0411,0.225,0.0382,0.0413,0.2475,0.0347,0.1569,clean,N/A,HIGH,,True
MOZ,Mozambique,2018,2.513,2.122,0.391,0.391,0.166,0.064,0.567,0.182,0.217,0.38,0.201,Low Takeoff Signal,0.134,0.363,0.162,SL,Stable / Low Opportunity,Diversified Emerging Market,structural,0.5266,0.5907,0.5495,0.9907,0.0534,0.5355,0.0943,0.0019,0.0,0.2432,0.1877,0.2269,0.1575,0.2928,0.7642,0.0404,0.2177,0.0302,0.0169,0.1622,0.0581,0.6334,clean,N/A,HIGH,,True
MOZ,Mozambique,2019,3.272,2.881,0.391,0.391,0.162,0.067,0.509,0.2,0.224,0.382,0.419,Moderate Potential,0.45,0.428,0.375,SL,Stable / Low Opportunity,Diversified Emerging Market,structural,0.4457,0.4231,0.6398,0.9726,0.0512,0.5376,0.1406,0.0546,0.0,0.2317,0.1943,0.2185,0.2023,0.2705,0.7512,0.0392,0.2201,0.0678,0.0587,0.3751,0.6562,0.9686,clean,N/A,HIGH,,True
MOZ,Mozambique,2020,3.679,3.288,0.391,0.391,0.199,0.128,0.457,0.161,0.195,0.61,0.476,Moderate Potential,0.45,0.482,0.501,SR,Structural Risk,Diversified Emerging Market,structural,0.642,0.4194,0.7785,0.9915,0.0482,0.545,0.1299,0.0022,0.0,0.1021,0.17,0.2384,0.1392,0.5395,0.7689,0.0395,0.2135,0.3581,0.6909,0.501,0.8505,0.9722,clean,N/A,HIGH,,True
MOZ,Mozambique,2021,3.407,3.016,0.391,0.391,0.177,0.094,0.596,0.171,0.204,0.502,0.433,Moderate Potential,0.45,0.491,0.358,SL,Stable / Low Opportunity,Diversified Emerging Market,structural,0.2404,0.6052,0.7997,0.9757,0.048,0.5606,0.1977,0.0164,0.0,0.1236,0.1723,0.2303,0.2393,0.1494,0.7482,0.0382,0.1975,0.4681,0.9647,0.3577,0.869,0.1835,clean,N/A,HIGH,,True
MOZ,Mozambique,2022,3.201,2.81,0.391,0.391,0.174,0.089,0.614,0.162,0.213,0.479,0.38,Low Takeoff Signal,0.45,0.515,0.22,SL,Stable / Low Opportunity,Diversified Emerging Market,structural,0.5196,0.8789,0.6925,0.9818,0.0481,0.5799,0.1739,0.0038,0.0,0.1051,0.1735,0.205,0.2405,0.3999,0.6557,0.0372,0.2137,0.3599,0.9177,0.2196,0.8215,0.3153,clean,N/A,HIGH,,True
MOZ,Mozambique,2023,2.802,2.411,0.391,0.391,0.129,0.104,0.395,0.188,0.219,0.502,0.337,Low Takeoff Signal,0.45,0.378,0.21,SL,Stable / Low Opportunity,Diversified Emerging Market,structural,0.7273,0.2217,0.8337,0.2866,0.0505,0.5805,0.2441,0.1288,0.0,0.0891,0.1686,0.2049,0.2404,0.5817,0.6457,0.0366,0.2218,0.9732,0.0528,0.2097,0.7972,0.7978,clean,N/A,HIGH,,True
MOZ,Mozambique,2024,2.21,1.819,0.391,0.391,0.098,0.085,0.342,0.165,0.191,0.411,0.22,Low Takeoff Signal,0.2,0.331,0.151,SL,Stable / Low Opportunity,Diversified Emerging Market,structural,0.4017,0.3039,0.7421,0.2114,0.0457,0.5691,0.1908,0.1023,0.0,0.0535,0.1492,0.1713,0.2402,0.2584,0.6469,0.0365,0.2129,0.4858,0.0483,0.1513,0.9427,0.6196,clean,N/A,HIGH,,True
MRT,MRT,2010,3.683,3.42,0.263,0.263,0.151,0.129,0.37,0.32,0.16,,0.446,Moderate Potential,0.45,0.4,0.5,SR,Structural Risk,Diversified Emerging Market,structural,0.2467,0.3377,0.3967,0.8478,0.0244,0.4494,0.4923,0.3448,0.2308,0.2414,0.2135,0.2957,0.022,0.1136,0.5732,0.2624,0.2859,,,,,,clean,N/A,HIGH,,False
MRT,MRT,2011,4.218,3.955,0.263,0.263,0.235,0.118,0.477,0.36,0.228,,0.468,Moderate Potential,0.45,0.46,0.5,SL,Stable / Low Opportunity,Commodity Exporter,structural,0.5255,0.401,0.5618,0.9374,0.0281,0.5736,0.5663,0.4233,0.2884,0.2012,0.196,0.3205,0.0577,0.3785,0.5793,0.2629,0.3053,,,,,,clean,N/A,HIGH,,False
MRT,MRT,2012,3.536,3.273,0.263,0.263,0.321,0.115,0.558,0.311,0.289,0.615,0.289,Low Takeoff Signal,0.45,0.582,0.076,SL,Stable / Low Opportunity,High-Growth Emerging Market,structural,0.5349,0.474,0.7399,0.9914,0.0334,0.6511,0.5772,0.1803,0.215,0.1784,0.1854,0.2629,0.1415,0.4409,0.5905,0.2582,0.2369,0.898,0.9669,0.076,0.8677,0.933,clean,N/A,HIGH,,True
MRT,MRT,2013,3.158,2.895,0.263,0.263,0.293,0.104,0.534,0.297,0.3,0.571,0.226,Low Takeoff Signal,0.45,0.476,0.043,SL,Stable / Low Opportunity,Diversified Emerging Market,structural,0.5671,0.4303,0.8479,0.9892,0.0411,0.4856,0.5843,0.1544,0.2777,0.1749,0.1753,0.2401,0.2012,0.4263,0.5603,0.2553,0.1916,0.8749,0.9599,0.0427,0.7568,0.5645,clean,N/A,HIGH,,True
MRT,MRT,2014,3.149,2.886,0.263,0.263,0.272,0.092,0.502,0.272,0.32,0.533,0.255,Low Takeoff Signal,0.131,0.528,0.236,SL,Stable / Low Opportunity,Diversified Emerging Market,structural,0.602,0.4482,0.5572,0.9742,0.0411,0.4439,0.4916,0.035,0.2275,0.2618,0.1907,0.2162,0.2625,0.4206,0.514,0.2466,0.1919,0.8615,0.9029,0.2361,0.7087,0.2216,clean,N/A,HIGH,,True
MRT,MRT,2015,3.78,3.517,0.263,0.263,0.349,0.07,0.52,0.3,0.367,0.461,0.315,Low Takeoff Signal,0.164,0.47,0.422,SL,Stable / Low Opportunity,Diversified Emerging Market,structural,0.7287,0.4715,0.5784,0.9358,0.043,0.716,0.417,0.0716,0.1716,0.254,0.1932,0.204,0.4893,0.5827,0.4694,0.2418,0.1868,0.7327,0.3274,0.4225,0.0713,0.7638,clean,N/A,HIGH,,True
MRT,MRT,2016,3.241,2.978,0.263,0.263,0.223,0.079,0.399,0.29,0.306,0.38,0.354,Low Takeoff Signal,0.218,0.367,0.596,SL,Stable / Low Opportunity,Diversified Emerging Market,structural,0.3151,0.4396,0.5084,0.7859,0.0415,0.5678,0.4861,0.1643,0.272,0.2225,0.2082,0.2362,0.3659,0.1767,0.4137,0.2409,0.2281,0.4561,0.0195,0.5964,0.0536,0.5386,clean,N/A,HIGH,,True
MRT,MRT,2017,4.639,4.376,0.263,0.263,0.357,0.08,0.554,0.314,0.354,0.509,0.541,Moderate Potential,0.328,0.546,0.962,SL,Stable / Low Opportunity,High-Growth Emerging Market,structural,0.7618,0.4562,0.5413,0.9568,0.0405,0.5644,0.5175,0.1314,0.3087,0.2725,0.2405,0.2248,0.3667,0.6012,0.354,0.2377,0.2169,0.5604,0.0413,0.9615,0.4433,0.7932,clean,N/A,HIGH,,True
MRT,MRT,2018,4.763,4.5,0.263,0.263,0.347,0.119,0.529,0.298,0.357,0.67,0.59,Pre-Breakout Signal,0.374,0.61,0.967,SL,Stable / Low Opportunity,Diversified Emerging Market,structural,0.6937,0.4404,0.541,0.9916,0.0482,0.5355,0.4799,0.0746,0.3603,0.2616,0.2353,0.2203,0.6729,0.4591,0.294,0.2395,0.2082,0.5374,0.77,0.9667,0.6794,0.6319,clean,N/A,HIGH,,True
MRT,MRT,2019,4.266,4.003,0.263,0.263,0.26,0.076,0.46,0.317,0.327,0.389,0.583,Pre-Breakout Signal,0.45,0.502,0.94,SL,Stable / Low Opportunity,Diversified Emerging Market,structural,0.5328,0.5041,0.2982,0.9672,0.0522,0.5383,0.5128,0.1516,0.4053,0.3021,0.2512,0.1887,0.6656,0.3456,0.2496,0.2423,0.2089,0.4573,0.0263,0.9401,0.6602,0.053,clean,N/A,HIGH,,True
MRT,MRT,2020,5.139,4.876,0.263,0.263,0.406,0.143,0.44,0.354,0.27,0.662,0.607,Pre-Breakout Signal,0.45,0.555,0.956,SR,Structural Risk,Diversified Emerging Market,structural,0.6892,0.4712,0.6401,0.9678,0.0447,0.5499,0.6288,0.2154,0.4829,0.3164,0.2737,0.2292,0.6694,0.5947,0.2751,0.237,0.1843,0.8888,0.6864,0.9559,0.8426,0.3721,clean,N/A,HIGH,,True
MRT,MRT,2021,3.654,3.391,0.263,0.263,0.219,0.114,0.443,0.372,0.234,0.446,0.475,Moderate Potential,0.45,0.44,0.552,SL,Stable / Low Opportunity,Commodity Exporter,structural,0.1514,0.0728,0.5674,0.977,0.0446,0.5724,0.6319,0.1784,0.6124,0.3732,0.2221,0.2089,0.3601,0.0964,0.2667,0.2355,0.1569,0.0121,0.5665,0.5519,0.8926,0.3473,clean,N/A,HIGH,,True
MRT,MRT,2022,4.144,3.881,0.263,0.263,0.356,0.109,0.623,0.382,0.29,0.585,0.405,Moderate Potential,0.2,0.589,0.595,SL,Stable / Low Opportunity,Diversified Emerging Market,structural,0.6765,0.6985,0.6765,0.9947,0.0447,0.5777,0.6531,0.1069,0.6286,0.4682,0.2391,0.221,0.3615,0.5661,0.2487,0.2333,0.1626,0.3528,0.9807,0.5952,0.8874,0.476,clean,N/A,HIGH,,True
MRT,MRT,2023,3.621,3.978,-0.357,0.263,0.389,0.138,0.567,0.402,0.296,0.689,0.382,Low Takeoff Signal,0.2,0.641,0.445,SR,Structural Risk,Diversified Emerging Market,recovery_bounce,0.8137,0.5188,0.6995,0.9932,0.0469,0.5982,0.681,0.1831,0.6679,0.3675,0.2401,0.2383,0.3613,0.6881,0.2337,0.2329,0.1888,0.9799,0.9725,0.4446,0.9613,0.8282,clean,N/A,HIGH,,True
MRT,MRT,2024,4.195,3.932,0.263,0.263,0.398,0.117,0.6,0.415,0.298,0.58,0.356,Low Takeoff Signal,0.2,0.561,0.412,SL,Stable / Low Opportunity,Diversified Emerging Market,structural,0.7817,0.7011,0.7016,0.9907,0.0424,0.5778,0.7011,0.2791,0.6685,0.3718,0.2401,0.2057,0.3612,0.6444,0.24,0.2341,0.2084,0.9702,0.3911,0.4122,0.8272,0.5952,clean,N/A,HIGH,,True
MUS,MUS,2010,7.306,6.966,0.34,0.34,0.775,0.069,0.523,0.502,0.621,,0.494,Moderate Potential,0.45,0.537,0.5,RO,Robust Opportunity,Advanced Economy,structural,0.4275,0.5248,0.4494,0.6179,0.6589,0.4459,0.352,0.2665,0.0922,0.79,0.8707,0.7023,0.801,0.576,0.3022,0.8067,0.828,,,,,,clean,N/A,HIGH,,False
MUS,MUS,2011,7.112,6.772,0.34,0.34,0.747,0.079,0.48,0.513,0.647,,0.483,Moderate Potential,0.45,0.503,0.5,RO,Robust Opportunity,Advanced Economy,structural,0.5182,0.4486,0.4189,0.4242,0.6724,0.6029,0.3548,0.2421,0.0412,0.7978,0.881,0.7013,0.811,0.6146,0.3676,0.8122,0.8144,,,,,,clean,N/A,HIGH,,False
MUS,MUS,2012,7.532,7.192,0.34,0.34,0.816,0.118,0.496,0.579,0.62,0.662,0.634,Pre-Breakout Signal,0.45,0.633,0.95,RO,Robust Opportunity,Advanced Economy,structural,0.4861,0.4527,0.4676,0.441,0.7021,0.6659,0.4253,0.3774,0.0534,0.9195,0.9026,0.7446,0.8005,0.5447,0.3233,0.7953,0.8667,0.5424,0.5197,0.9502,0.8165,0.9615,clean,N/A,HIGH,,True
MUS,MUS,2013,6.948,6.608,0.34,0.34,0.742,0.116,0.438,0.563,0.639,0.595,0.584,Pre-Breakout Signal,0.45,0.554,0.84,RO,Robust Opportunity,Advanced Economy,structural,0.5011,0.3648,0.3986,0.3226,0.6952,0.5152,0.4287,0.3774,0.0452,0.9203,0.8904,0.7408,0.8017,0.6195,0.3719,0.7907,0.8662,0.3884,0.4144,0.8396,0.7441,0.68,clean,N/A,HIGH,,True
MUS,MUS,2014,6.77,6.43,0.34,0.34,0.761,0.124,0.473,0.587,0.628,0.657,0.506,Moderate Potential,0.328,0.596,0.692,FO,Fragile Opportunity,Advanced Economy,structural,0.5504,0.4781,0.4571,0.2171,0.7259,0.7273,0.4111,0.3598,0.0687,0.8656,0.8899,0.7601,0.8022,0.7116,0.2872,0.7991,0.9073,0.6043,0.4881,0.6917,0.768,0.935,clean,N/A,HIGH,,True
MUS,MUS,2015,5.912,5.572,0.34,0.34,0.667,0.119,0.44,0.58,0.614,0.557,0.408,Moderate Potential,0.306,0.531,0.42,RO,Robust Opportunity,Diversified Emerging Market,structural,0.5721,0.4829,0.3832,0.1846,0.6765,0.6238,0.4226,0.4865,0.1747,0.9147,0.8714,0.6973,0.7659,0.707,0.255,0.7896,0.8788,0.6456,0.2711,0.42,0.7142,0.734,clean,N/A,HIGH,,True
MUS,MUS,2016,5.749,5.409,0.34,0.34,0.663,0.105,0.435,0.579,0.652,0.453,0.37,Low Takeoff Signal,0.352,0.462,0.301,RO,Robust Opportunity,Advanced Economy,structural,0.6133,0.434,0.435,0.1811,0.6763,0.5729,0.4653,0.4762,0.2755,0.9217,0.8849,0.7004,0.8014,0.7585,0.3126,0.7973,0.8834,0.6256,0.4089,0.3014,0.4578,0.4693,clean,N/A,HIGH,,True
MUS,MUS,2017,5.841,5.501,0.34,0.34,0.653,0.116,0.44,0.577,0.636,0.567,0.409,Moderate Potential,0.393,0.515,0.328,RO,Robust Opportunity,Advanced Economy,structural,0.5415,0.4017,0.4579,0.1684,0.6509,0.5448,0.4815,0.3646,0.343,0.9195,0.8806,0.6887,0.8032,0.6706,0.2552,0.7943,0.8836,0.6523,0.5947,0.3277,0.6927,0.5691,clean,N/A,HIGH,,True
MUS,MUS,2018,5.993,5.653,0.34,0.34,0.659,0.105,0.445,0.566,0.636,0.492,0.443,Moderate Potential,0.436,0.478,0.414,RO,Robust Opportunity,Advanced Economy,structural,0.5974,0.4351,0.4669,0.1998,0.6312,0.5355,0.3776,0.3987,0.3449,0.8999,0.8822,0.6934,0.7714,0.7539,0.2371,0.7929,0.8823,0.593,0.631,0.4139,0.4781,0.3455,clean,N/A,HIGH,,True
MUS,MUS,2019,6.115,5.775,0.34,0.34,0.644,0.091,0.444,0.535,0.637,0.445,0.498,Moderate Potential,0.545,0.462,0.491,RO,Robust Opportunity,Advanced Economy,structural,0.5063,0.4529,0.4405,0.2295,0.6552,0.5393,0.2422,0.3533,0.2873,0.9049,0.872,0.693,0.7725,0.6424,0.2871,0.7892,0.8632,0.4047,0.7557,0.491,0.0587,0.5224,clean,N/A,HIGH,,True
MUS,MUS,2020,4.021,3.681,0.34,0.34,0.319,0.164,0.283,0.516,0.246,0.38,0.405,Moderate Potential,0.45,0.307,0.494,SR,Structural Risk,Knowledge / Service Economy,structural,0.0623,0.3728,0.5022,0.2395,0.5982,0.5482,0.4043,0.1417,0.2221,0.9059,0.8859,0.6924,0.7956,0.0741,0.2886,0.7924,0.8815,0.0514,0.555,0.4943,0.0357,0.4178,clean,N/A,HIGH,,True
MUS,MUS,2021,5.063,4.723,0.34,0.34,0.535,0.075,0.471,0.503,0.616,0.38,0.371,Low Takeoff Signal,0.45,0.429,0.25,SL,Stable / Low Opportunity,Advanced Economy,structural,0.3121,0.4247,0.4449,0.282,0.598,0.5648,0.4435,0.08,0.128,0.9073,0.8366,0.7272,0.7941,0.3935,0.2529,0.8083,0.8631,0.1317,0.1469,0.2501,0.538,0.7085,clean,N/A,HIGH,,True
MUS,MUS,2022,5.735,5.395,0.34,0.34,0.758,0.037,0.597,0.502,0.698,0.38,0.223,Low Takeoff Signal,0.45,0.472,0.041,FO,Fragile Opportunity,Advanced Economy,structural,0.7777,0.9208,0.5395,0.3047,0.5907,0.5602,0.4016,0.1799,0.0753,0.8966,0.8322,0.7232,0.7946,0.8538,0.2827,0.8104,0.8591,0.4603,0.4051,0.0412,0.8209,0.1163,clean,N/A,HIGH,,True
MUS,MUS,2023,6.313,5.973,0.34,0.34,0.851,0.062,0.507,0.524,0.749,0.562,0.244,Low Takeoff Signal,0.45,0.558,0.045,FO,Fragile Opportunity,Advanced Economy,structural,0.691,0.7154,0.6115,0.3056,0.6009,0.5833,0.3762,0.314,0.0622,0.8877,0.8268,0.7076,0.7945,0.8444,0.4611,0.8098,0.8686,0.9708,0.9709,0.0455,0.8596,0.5165,clean,N/A,HIGH,,True
MUS,MUS,2024,5.822,5.482,0.34,0.34,0.811,0.053,0.498,0.507,0.734,0.484,0.167,Low Takeoff Signal,0.2,0.531,0.035,FO,Fragile Opportunity,Diversified Emerging Market,structural,0.6724,0.4449,0.5171,0.3823,0.6116,0.5787,0.3029,0.2493,0.0649,0.8929,0.8201,0.7092,0.7946,0.795,0.461,0.8121,0.8694,0.9702,0.9741,0.0351,0.2852,0.5986,clean,N/A,HIGH,,True
MWI,MWI,2010,5.34,5.062,0.278,0.278,0.452,0.149,0.372,0.56,0.436,,0.45,Moderate Potential,0.45,0.412,0.5,SR,Structural Risk,Diversified Emerging Market,structural,0.7066,0.3776,0.3606,0.3608,0.056,0.4365,0.7918,0.3504,0.9312,0.5784,0.5284,0.367,0.6144,0.5317,0.8203,0.1825,0.3325,,,,,,clean,N/A,MEDIUM,export_growth; gross_capital_formation,False
MWI,MWI,2011,5.257,4.979,0.278,0.278,0.439,0.142,0.405,0.537,0.408,,0.447,Moderate Potential,0.45,0.403,0.5,SR,Structural Risk,Diversified Emerging Market,structural,0.583,0.515,0.5124,0.3899,0.059,0.379,0.7832,0.3744,0.9236,0.5342,0.5015,0.4002,0.6562,0.4603,0.8162,0.1817,0.3057,,,,,,clean,N/A,MEDIUM,export_growth; gross_capital_formation,False
MWI,MWI,2012,3.04,2.762,0.278,0.278,0.284,0.127,0.367,0.466,0.338,0.38,0.202,Low Takeoff Signal,0.45,0.297,0.051,SR,Structural Risk,High-Growth Emerging Market,structural,0.407,0.4593,0.3748,0.6313,0.054,0.0002,0.7048,0.3785,0.8937,0.58,0.4472,0.3543,0.517,0.3418,0.811,0.1795,0.2211,0.0418,0.4276,0.0505,0.0831,0.057,clean,N/A,MEDIUM,export_growth; gross_capital_formation,True
MWI,MWI,2013,3.868,3.59,0.278,0.278,0.353,0.102,0.447,0.441,0.371,0.38,0.329,Low Takeoff Signal,0.45,0.374,0.196,SL,Stable / Low Opportunity,Diversified Emerging Market,structural,0.6667,0.4655,0.5284,0.6305,0.0645,0.0045,0.647,0.3674,0.8593,0.5389,0.492,0.2951,0.4349,0.563,0.8106,0.1777,0.214,0.568,0.614,0.1964,0.0291,0.1486,clean,N/A,MEDIUM,export_growth; gross_capital_formation,True
MWI,MWI,2014,3.499,3.221,0.278,0.278,0.364,0.099,0.459,0.441,0.381,0.38,0.209,Low Takeoff Signal,0.174,0.409,0.119,SL,Stable / Low Opportunity,Diversified Emerging Market,structural,0.7411,0.4891,0.5375,0.5939,0.0691,0.0062,0.6855,0.2986,0.8668,0.5782,0.4471,0.2483,0.4082,0.6077,0.8091,0.1753,0.2263,0.7078,0.8909,0.1191,0.0512,0.1216,clean,N/A,MEDIUM,export_growth; gross_capital_formation,True
MWI,MWI,2015,3.592,3.314,0.278,0.278,0.255,0.117,0.331,0.423,0.345,0.38,0.399,Low Takeoff Signal,0.803,0.376,0.188,SL,Stable / Low Opportunity,Diversified Emerging Market,structural,0.4805,0.3804,0.4234,0.4434,0.0704,0.1304,0.7049,0.1321,0.8626,0.5768,0.4373,0.2418,0.3584,0.3513,0.8111,0.1736,0.2082,0.6479,0.6676,0.1882,0.2748,0.089,clean,N/A,MEDIUM,export_growth; gross_capital_formation,True
MWI,MWI,2016,4.094,3.816,0.278,0.278,0.298,0.14,0.371,0.42,0.326,0.574,0.475,Moderate Potential,0.693,0.535,0.265,SR,Structural Risk,Diversified Emerging Market,structural,0.4534,0.5292,0.3516,0.4592,0.0591,0.369,0.7203,0.1115,0.8236,0.4983,0.4238,0.2372,0.2209,0.3051,0.8119,0.1719,0.21,0.5727,0.6032,0.2649,0.6809,0.9574,clean,N/A,MEDIUM,export_growth; gross_capital_formation,True
MWI,MWI,2017,4.322,4.044,0.278,0.278,0.338,0.114,0.416,0.459,0.377,0.417,0.478,Moderate Potential,0.711,0.459,0.315,SL,Stable / Low Opportunity,Diversified Emerging Market,structural,0.548,0.6387,0.4192,0.2805,0.0644,0.5265,0.6929,0.038,0.8131,0.4711,0.4607,0.2757,0.4758,0.3986,0.8067,0.1699,0.2242,0.2709,0.0413,0.3153,0.7055,0.9504,clean,N/A,HIGH,export_growth,True
MWI,MWI,2018,4.297,4.019,0.278,0.278,0.296,0.125,0.341,0.459,0.393,0.434,0.533,Moderate Potential,0.754,0.425,0.464,SR,Structural Risk,Diversified Emerging Market,structural,0.6425,0.4039,0.4436,0.3114,0.0587,0.5352,0.6866,0.0921,0.8287,0.4174,0.4477,0.2443,0.5739,0.445,0.7972,0.1687,0.2371,0.5234,0.0169,0.464,0.4155,0.9621,clean,N/A,HIGH,,True
MWI,MWI,2019,4.736,4.458,0.278,0.278,0.4,0.117,0.427,0.465,0.418,0.493,0.499,Moderate Potential,0.45,0.528,0.527,SL,Stable / Low Opportunity,Diversified Emerging Market,structural,0.7729,0.5251,0.4136,0.3533,0.0461,0.533,0.6917,0.1051,0.8374,0.4688,0.4417,0.2412,0.5877,0.652,0.7953,0.1673,0.2404,0.9757,0.0621,0.5266,0.3749,0.9686,clean,N/A,HIGH,,True
MWI,MWI,2020,4.912,4.634,0.278,0.278,0.43,0.17,0.282,0.473,0.35,0.631,0.503,Moderate Potential,0.45,0.493,0.587,SR,Structural Risk,Diversified Emerging Market,structural,0.7468,0.5127,0.5053,0.1928,0.0624,0.5388,0.652,0.0469,0.8286,0.575,0.4581,0.342,0.5647,0.6777,0.8115,0.1718,0.2268,0.9129,0.6966,0.5868,0.3722,0.9722,clean,N/A,HIGH,,True
MWI,MWI,2021,3.84,3.562,0.278,0.278,0.322,0.124,0.386,0.451,0.405,0.504,0.368,Low Takeoff Signal,0.2,0.465,0.57,SR,Structural Risk,Diversified Emerging Market,structural,0.4049,0.6162,0.4294,0.1792,0.0442,0.5301,0.5174,0.0534,0.8102,0.5725,0.4711,0.3699,0.6548,0.2842,0.8018,0.1703,0.2362,0.6964,0.5848,0.5699,0.0504,0.6209,clean,N/A,HIGH,,True
MWI,MWI,2022,3.107,2.829,0.278,0.278,0.191,0.129,0.224,0.417,0.352,0.38,0.36,Low Takeoff Signal,0.2,0.301,0.883,SR,Structural Risk,Diversified Emerging Market,structural,0.2983,0.0185,0.5033,0.1454,0.0433,0.3642,0.3849,0.0718,0.7916,0.5334,0.4956,0.286,0.6558,0.2236,0.7935,0.1682,0.2521,0.0339,0.5105,0.8826,0.03,0.3214,clean,N/A,HIGH,,True
MWI,MWI,2023,3.561,3.283,0.278,0.278,0.256,0.106,0.348,0.404,0.364,0.38,0.39,Low Takeoff Signal,0.2,0.358,0.938,SL,Stable / Low Opportunity,Diversified Emerging Market,structural,0.4176,0.939,0.4654,0.1089,0.0487,0.3799,0.2832,0.0403,0.7834,0.4919,0.5338,0.2976,0.6556,0.3153,0.7864,0.1655,0.2367,0.1982,0.4996,0.9378,0.0506,0.0174,clean,N/A,HIGH,,True
MWI,MWI,2024,3.818,3.54,0.278,0.278,0.252,0.105,0.346,0.4,0.37,0.38,0.466,Reform Story,0.35,0.347,0.918,SL,Stable / Low Opportunity,Diversified Emerging Market,structural,0.3567,0.8792,0.4653,0.1125,0.044,0.3856,0.3878,0.0132,0.7259,0.4568,0.5305,0.2996,0.6557,0.249,0.7871,0.1647,0.2746,0.1604,0.4008,0.9182,0.1006,0.0145,clean,N/A,HIGH,,True
MYS,Malaysia,2010,8.142,7.304,0.838,0.838,0.841,0.1,0.51,0.627,0.673,,0.49,Moderate Potential,0.45,0.523,0.5,RO,Robust Opportunity,High-Growth Emerging Market,structural,0.7571,0.4587,0.4502,0.4334,0.5061,0.8099,0.3932,0.739,0.642,0.6708,0.6848,0.5428,0.4762,0.7226,0.7141,0.7368,0.7821,,,,,,clean,N/A,HIGH,external_debt_pct_gni,False
MYS,Malaysia,2011,7.652,6.814,0.838,0.838,0.76,0.108,0.468,0.598,0.64,,0.475,Moderate Potential,0.45,0.48,0.5,RO,Robust Opportunity,High-Growth Emerging Market,structural,0.6096,0.4389,0.4576,0.4032,0.4999,0.6803,0.3922,0.7285,0.5483,0.646,0.6497,0.5868,0.5244,0.581,0.741,0.7351,0.7411,,,,,,clean,N/A,HIGH,external_debt_pct_gni,False
MYS,Malaysia,2012,7.195,6.357,0.838,0.838,0.786,0.097,0.485,0.588,0.661,0.399,0.448,Moderate Potential,0.45,0.462,0.431,RO,Robust Opportunity,Advanced Economy,stable,0.5846,0.4074,0.4277,0.5252,0.5378,0.7777,0.3908,0.6313,0.5035,0.6093,0.6849,0.6354,0.5075,0.5684,0.7331,0.7336,0.8141,0.4452,0.2584,0.4311,0.4132,0.4458,clean,N/A,HIGH,external_debt_pct_gni,True
MYS,Malaysia,2013,7.148,6.31,0.838,0.838,0.759,0.086,0.484,0.556,0.661,0.38,0.476,Moderate Potential,0.45,0.429,0.572,RO,Robust Opportunity,Advanced Economy,stable,0.6112,0.4218,0.4431,0.5472,0.505,0.5736,0.4027,0.6294,0.4497,0.6103,0.6785,0.6639,0.5038,0.6031,0.7365,0.7336,0.8393,0.1859,0.349,0.5716,0.4209,0.1826,clean,N/A,HIGH,external_debt_pct_gni,True
MYS,Malaysia,2014,7.06,6.222,0.838,0.838,0.799,0.083,0.516,0.58,0.684,0.417,0.391,Low Takeoff Signal,0.254,0.48,0.512,RO,Robust Opportunity,Advanced Economy,stable,0.7741,0.4707,0.4499,0.5077,0.5292,0.5907,0.4184,0.7265,0.4683,0.6296,0.6874,0.7042,0.4525,0.7657,0.7406,0.7328,0.8583,0.5928,0.3179,0.5117,0.4994,0.1626,clean,N/A,HIGH,external_debt_pct_gni,True
MYS,Malaysia,2015,6.655,5.817,0.838,0.838,0.752,0.084,0.49,0.566,0.677,0.477,0.349,Low Takeoff Signal,0.204,0.504,0.423,RO,Robust Opportunity,Advanced Economy,structural,0.7048,0.4489,0.428,0.5293,0.494,0.5897,0.4524,0.7854,0.5393,0.6214,0.6293,0.6797,0.4704,0.6831,0.7086,0.7328,0.8191,0.6481,0.4823,0.4227,0.6428,0.1889,clean,N/A,HIGH,external_debt_pct_gni,True
MYS,Malaysia,2016,6.233,5.395,0.838,0.838,0.753,0.086,0.493,0.565,0.676,0.502,0.231,Low Takeoff Signal,0.222,0.503,0.097,FO,Fragile Opportunity,Advanced Economy,structural,0.6771,0.4566,0.522,0.564,0.4568,0.5796,0.5077,0.7789,0.6243,0.6124,0.6196,0.6143,0.535,0.6399,0.7116,0.7333,0.803,0.551,0.7869,0.0974,0.8336,0.3602,clean,N/A,HIGH,external_debt_pct_gni,True
MYS,Malaysia,2017,6.499,5.661,0.838,0.838,0.765,0.07,0.524,0.549,0.689,0.519,0.286,Low Takeoff Signal,0.272,0.543,0.143,RO,Robust Opportunity,Advanced Economy,structural,0.7245,0.4711,0.4496,0.5661,0.4432,0.5497,0.5325,0.7683,0.5162,0.6137,0.6348,0.6036,0.517,0.6816,0.6886,0.7343,0.8125,0.5609,0.5516,0.1435,0.8327,0.5879,clean,N/A,HIGH,external_debt_pct_gni,True
MYS,Malaysia,2018,6.784,5.946,0.838,0.838,0.722,0.116,0.454,0.594,0.66,0.597,0.43,Moderate Potential,0.349,0.538,0.424,RO,Robust Opportunity,Advanced Economy,structural,0.7019,0.4419,0.4591,0.4467,0.3708,0.5356,0.5214,0.7212,0.5562,0.6854,0.6997,0.7595,0.481,0.6501,0.6692,0.7353,0.8131,0.49,0.5732,0.4241,0.762,0.7456,clean,N/A,HIGH,external_debt_pct_gni,True
MYS,Malaysia,2019,7.26,6.422,0.838,0.838,0.699,0.128,0.418,0.613,0.666,0.58,0.597,Pre-Breakout Signal,0.45,0.536,0.94,FO,Fragile Opportunity,Advanced Economy,structural,0.6618,0.4308,0.4349,0.3111,0.3791,0.5393,0.5197,0.7505,0.6528,0.6781,0.7156,0.7428,0.4887,0.6321,0.6691,0.7368,0.8124,0.4482,0.3307,0.9401,0.6565,0.7135,clean,N/A,HIGH,external_debt_pct_gni,True
MYS,Malaysia,2020,6.201,5.363,0.838,0.838,0.532,0.171,0.282,0.588,0.443,0.481,0.553,Pre-Breakout Signal,0.45,0.425,0.956,SR,Structural Risk,Knowledge / Service Economy,structural,0.3861,0.4765,0.4909,0.3137,0.3422,0.556,0.5246,0.8017,0.5924,0.6737,0.7207,0.7212,0.5354,0.3749,0.6979,0.7362,0.7917,0.2346,0.1008,0.9559,0.57,0.9502,clean,N/A,HIGH,external_debt_pct_gni,True
MYS,Malaysia,2021,6.72,5.882,0.838,0.838,0.615,0.095,0.481,0.571,0.645,0.48,0.572,Pre-Breakout Signal,0.45,0.503,0.878,RO,Robust Opportunity,Advanced Economy,structural,0.3055,0.6471,0.4864,0.4101,0.3672,0.5901,0.4919,0.73,0.4347,0.7047,0.7056,0.6848,0.5464,0.3012,0.6996,0.7336,0.8109,0.0374,0.6499,0.878,0.212,0.8114,clean,N/A,HIGH,external_debt_pct_gni,True
MYS,Malaysia,2022,7.166,6.328,0.838,0.838,0.809,0.085,0.559,0.613,0.698,0.586,0.406,Moderate Potential,0.2,0.567,0.626,RO,Robust Opportunity,Advanced Economy,structural,0.7931,0.6389,0.5321,0.4614,0.4213,0.6793,0.4927,0.6847,0.5729,0.7216,0.7113,0.7146,0.5476,0.8024,0.6375,0.7332,0.7961,0.4751,0.7391,0.6258,0.3404,0.7867,clean,N/A,HIGH,external_debt_pct_gni,True
MYS,Malaysia,2023,6.21,5.372,0.838,0.838,0.666,0.114,0.421,0.577,0.629,0.481,0.354,Low Takeoff Signal,0.2,0.457,0.513,RO,Robust Opportunity,Advanced Economy,structural,0.5643,0.1779,0.4801,0.4644,0.4418,0.5923,0.4466,0.6292,0.3492,0.7079,0.7142,0.7219,0.5474,0.5689,0.6219,0.73,0.7737,0.5166,0.4401,0.513,0.2854,0.6523,clean,N/A,HIGH,external_debt_pct_gni,True
MYS,Malaysia,2024,6.953,6.115,0.838,0.838,0.775,0.104,0.489,0.611,0.654,0.49,0.397,Low Takeoff Signal,0.2,0.505,0.669,RO,Robust Opportunity,Advanced Economy,structural,0.6882,0.6103,0.4974,0.4244,0.4432,0.5866,0.4307,0.6495,0.4523,0.7902,0.7301,0.7631,0.5475,0.6931,0.6203,0.7308,0.8034,0.8955,0.3967,0.6688,0.2721,0.3629,clean,N/A,HIGH,external_debt_pct_gni,True
NAM,NAM,2010,5.46,5.174,0.286,0.286,0.463,0.201,0.425,0.693,0.326,,0.465,Moderate Potential,0.45,0.453,0.5,SR,Structural Risk,High-Growth Emerging Market,structural,0.6195,0.3313,0.402,0.4552,0.3608,0.7432,0.8178,0.4018,0.6989,0.8652,0.7126,0.707,0.7377,0.6097,0.0231,0.6122,0.5859,,,,,,clean,N/A,HIGH,external_debt_pct_gni,False
NAM,NAM,2011,5.341,5.055,0.286,0.286,0.446,0.164,0.43,0.598,0.36,,0.458,Moderate Potential,0.45,0.431,0.5,SR,Structural Risk,Diversified Emerging Market,structural,0.5948,0.3713,0.4962,0.3499,0.4177,0.4862,0.7071,0.3582,0.5403,0.8614,0.6629,0.6876,0.766,0.5685,0.0497,0.6107,0.5221,,,,,,clean,N/A,HIGH,external_debt_pct_gni,False
NAM,NAM,2012,5.458,5.172,0.286,0.286,0.571,0.141,0.497,0.612,0.425,0.406,0.442,Moderate Potential,0.45,0.467,0.406,SR,Structural Risk,Diversified Emerging Market,structural,0.5643,0.4309,0.5241,0.5731,0.425,0.4394,0.7461,0.3456,0.4818,0.883,0.6917,0.7613,0.7587,0.5218,0.1083,0.6116,0.602,0.5619,0.9669,0.406,0.2481,0.0624,clean,N/A,HIGH,external_debt_pct_gni,True
NAM,NAM,2013,5.73,5.444,0.286,0.286,0.573,0.158,0.535,0.623,0.371,0.528,0.514,Moderate Potential,0.45,0.536,0.571,SR,Structural Risk,Diversified Emerging Market,structural,0.6818,0.4456,0.5616,0.7071,0.4305,0.457,0.7428,0.3269,0.5231,0.8937,0.7022,0.7578,0.7715,0.6017,0.0534,0.5905,0.6245,0.6916,0.9599,0.5706,0.468,0.1622,clean,N/A,HIGH,external_debt_pct_gni,True
NAM,NAM,2014,5.492,5.206,0.286,0.286,0.615,0.139,0.59,0.615,0.397,0.496,0.385,Low Takeoff Signal,0.223,0.554,0.479,FO,Fragile Opportunity,Diversified Emerging Market,structural,0.7811,0.5236,0.4604,0.8937,0.4284,0.4669,0.7467,0.2231,0.6083,0.824,0.6729,0.7535,0.7523,0.6818,0.0605,0.6305,0.6155,0.7178,0.6118,0.4788,0.5049,0.1682,clean,N/A,HIGH,external_debt_pct_gni,True
NAM,NAM,2015,4.961,4.675,0.286,0.286,0.493,0.162,0.501,0.576,0.359,0.613,0.42,Moderate Potential,0.268,0.551,0.516,SR,Structural Risk,Diversified Emerging Market,structural,0.629,0.3364,0.5559,0.7551,0.4445,0.5645,0.6326,0.1019,0.5042,0.8561,0.6932,0.7546,0.6937,0.5075,0.04,0.6668,0.6305,0.6469,0.649,0.5157,0.504,0.8485,clean,N/A,HIGH,external_debt_pct_gni,True
NAM,NAM,2016,3.417,3.131,0.286,0.286,0.267,0.15,0.373,0.514,0.269,0.38,0.331,Low Takeoff Signal,0.251,0.331,0.454,SR,Structural Risk,Diversified Emerging Market,structural,0.2042,0.438,0.4566,0.3716,0.448,0.5149,0.6267,0.057,0.2944,0.8538,0.7048,0.7309,0.6835,0.1218,0.0231,0.7015,0.5807,0.1466,0.2548,0.4541,0.0454,0.3603,clean,N/A,HIGH,external_debt_pct_gni,True
NAM,NAM,2017,3.475,3.189,0.286,0.286,0.256,0.179,0.328,0.584,0.259,0.38,0.363,Low Takeoff Signal,0.474,0.303,0.33,SR,Structural Risk,Diversified Emerging Market,structural,0.124,0.4083,0.4376,0.1793,0.4532,0.5389,0.6528,0.3668,0.4931,0.8449,0.6717,0.7187,0.6652,0.0748,0.0278,0.6549,0.5536,0.0275,0.0889,0.3296,0.1375,0.5194,clean,N/A,HIGH,external_debt_pct_gni,True
NAM,NAM,2018,3.908,3.622,0.286,0.286,0.304,0.163,0.385,0.576,0.313,0.38,0.411,Moderate Potential,0.503,0.347,0.396,SR,Structural Risk,Diversified Emerging Market,structural,0.2256,0.5794,0.453,0.0997,0.437,0.5354,0.6013,0.4105,0.4084,0.8574,0.6588,0.7429,0.7299,0.1082,0.0398,0.6056,0.5493,0.0302,0.1318,0.3959,0.2039,0.6065,clean,N/A,HIGH,external_debt_pct_gni,True
NAM,NAM,2019,2.887,2.601,0.286,0.286,0.23,0.177,0.278,0.569,0.277,0.38,0.239,Low Takeoff Signal,0.45,0.281,0.095,SR,Structural Risk,Diversified Emerging Market,structural,0.1739,0.3948,0.3937,0.1135,0.4359,0.5383,0.5142,0.5105,0.448,0.8291,0.6565,0.733,0.7168,0.0902,0.0357,0.6049,0.5732,0.0686,0.0263,0.0948,0.1775,0.5965,clean,N/A,HIGH,external_debt_pct_gni,True
NAM,NAM,2020,3.579,3.293,0.286,0.286,0.285,0.19,0.244,0.569,0.179,0.38,0.348,Low Takeoff Signal,0.45,0.326,0.278,SR,Structural Risk,Diversified Emerging Market,structural,0.2464,0.4076,0.4511,0.1146,0.4925,0.5489,0.5569,0.7517,0.3779,0.8103,0.6701,0.7107,0.6989,0.1756,0.0405,0.6036,0.5714,0.4567,0.0171,0.278,0.1,0.9722,clean,N/A,HIGH,external_debt_pct_gni,True
NAM,NAM,2021,4.451,4.165,0.286,0.286,0.325,0.151,0.422,0.501,0.334,0.567,0.53,Moderate Potential,0.45,0.504,0.682,SR,Structural Risk,High-Growth Emerging Market,structural,0.3274,0.1878,0.5043,0.1995,0.4995,0.5811,0.4876,0.1125,0.3484,0.8151,0.6996,0.6942,0.6621,0.2063,0.0414,0.606,0.595,0.7182,0.6349,0.6818,0.0493,0.8562,clean,N/A,HIGH,external_debt_pct_gni,True
NAM,NAM,2022,5.374,5.088,0.286,0.286,0.433,0.131,0.531,0.483,0.368,0.606,0.625,Pre-Breakout Signal,0.45,0.612,0.938,SR,Structural Risk,High-Growth Emerging Market,structural,0.5888,0.8307,0.5964,0.2855,0.4685,0.6368,0.4497,0.1439,0.2257,0.7685,0.7199,0.6945,0.663,0.4818,0.0388,0.6054,0.5748,0.9288,0.9807,0.9378,0.03,0.878,clean,N/A,HIGH,external_debt_pct_gni,True
NAM,NAM,2023,5.812,5.526,0.286,0.286,0.544,0.121,0.603,0.504,0.361,0.562,0.581,Pre-Breakout Signal,0.45,0.497,0.938,SR,Structural Risk,Diversified Emerging Market,structural,0.6445,0.81,0.9238,0.7473,0.4762,0.5738,0.4747,0.0592,0.4359,0.7772,0.7168,0.6378,0.6628,0.532,0.0357,0.6033,0.5743,0.9806,0.9725,0.9378,0.2253,0.3336,clean,N/A,HIGH,external_debt_pct_gni,True
NAM,NAM,2024,5.468,5.182,0.286,0.286,0.468,0.142,0.521,0.506,0.352,0.618,0.599,Pre-Breakout Signal,0.45,0.563,0.897,SR,Structural Risk,Diversified Emerging Market,structural,0.5574,0.3897,0.7251,0.6359,0.4704,0.5748,0.4602,0.0491,0.3998,0.838,0.7241,0.626,0.6629,0.4598,0.035,0.6061,0.5943,0.9702,0.9741,0.8968,0.2878,0.5537,clean,N/A,HIGH,external_debt_pct_gni,True
NER,NER,2010,5.809,5.444,0.365,0.365,0.49,0.117,0.585,0.481,0.335,,0.499,Moderate Potential,0.45,0.553,0.5,SL,Stable / Low Opportunity,Diversified Emerging Market,structural,0.8426,0.6195,0.6136,0.8588,0.0149,0.7721,0.8279,0.1845,0.8823,0.1619,0.313,0.3013,0.5821,0.6329,0.9049,0.0456,0.2861,,,,,,clean,N/A,HIGH,,False
NER,NER,2011,4.559,4.194,0.365,0.365,0.297,0.152,0.432,0.497,0.254,,0.442,Moderate Potential,0.45,0.389,0.5,SR,Structural Risk,Diversified Emerging Market,structural,0.3882,0.3925,0.6565,0.7851,0.0158,0.7386,0.8273,0.1938,0.8205,0.2844,0.3538,0.3329,0.5857,0.2323,0.9104,0.0442,0.2858,,,,,,clean,N/A,HIGH,,False
NER,NER,2012,4.873,4.508,0.365,0.365,0.443,0.14,0.548,0.51,0.303,0.531,0.448,Moderate Potential,0.45,0.54,0.359,SR,Structural Risk,High-Growth Emerging Market,structural,0.796,0.5873,0.5417,0.6918,0.0153,0.8037,0.8049,0.3032,0.8734,0.2436,0.2827,0.3785,0.4655,0.6954,0.8615,0.039,0.2221,0.7214,0.378,0.3592,0.4487,0.8684,clean,N/A,HIGH,,True
NER,NER,2013,3.73,3.365,0.365,0.365,0.29,0.139,0.473,0.503,0.261,0.386,0.361,Low Takeoff Signal,0.45,0.407,0.242,SR,Structural Risk,Diversified Emerging Market,structural,0.6596,0.5039,0.5845,0.7201,0.0172,0.7094,0.7995,0.2575,0.8681,0.2357,0.2882,0.4047,0.3825,0.4704,0.883,0.0341,0.2264,0.7049,0.0325,0.242,0.427,0.5244,clean,N/A,HIGH,,True
NER,NER,2014,3.827,3.462,0.365,0.365,0.305,0.137,0.484,0.501,0.27,0.406,0.365,Low Takeoff Signal,0.416,0.43,0.258,SR,Structural Risk,Diversified Emerging Market,structural,0.8223,0.4174,0.5561,0.7932,0.0189,0.7664,0.7956,0.1578,0.8772,0.1913,0.2884,0.3915,0.3792,0.6166,0.9038,0.0296,0.2183,0.7146,0.0349,0.2584,0.3304,0.6901,clean,N/A,HIGH,,True
NER,NER,2015,3.489,3.124,0.365,0.365,0.267,0.132,0.441,0.468,0.254,0.38,0.328,Low Takeoff Signal,0.239,0.372,0.412,SR,Structural Risk,Diversified Emerging Market,structural,0.6413,0.4019,0.4959,0.8145,0.0218,0.6033,0.7588,0.0733,0.8441,0.2458,0.3271,0.3919,0.3209,0.4105,0.9064,0.0292,0.2181,0.6481,0.0215,0.412,0.2045,0.1904,clean,N/A,HIGH,,True
NER,NER,2016,3.896,3.531,0.365,0.365,0.265,0.136,0.399,0.474,0.27,0.38,0.445,Reform Story,0.301,0.387,0.824,SR,Structural Risk,Diversified Emerging Market,structural,0.7949,0.3507,0.4309,0.6362,0.0233,0.6235,0.7603,0.1528,0.8238,0.2103,0.3284,0.3885,0.2793,0.5592,0.9099,0.0288,0.2383,0.1999,0.0195,0.8242,0.1507,0.4642,clean,N/A,HIGH,,True
NER,NER,2017,4.113,3.748,0.365,0.365,0.271,0.123,0.457,0.442,0.265,0.412,0.496,Moderate Potential,0.314,0.464,0.911,SR,Structural Risk,Diversified Emerging Market,structural,0.6507,0.5279,0.4511,0.5923,0.025,0.5611,0.7268,0.097,0.8038,0.1802,0.3314,0.3838,0.3527,0.4101,0.9098,0.0283,0.2392,0.544,0.0413,0.9107,0.1365,0.5876,clean,N/A,HIGH,,True
NER,NER,2018,4.184,3.819,0.365,0.365,0.286,0.112,0.455,0.425,0.304,0.411,0.493,Reform Story,0.394,0.441,0.727,SL,Stable / Low Opportunity,Diversified Emerging Market,structural,0.8971,0.3833,0.4725,0.7103,0.0236,0.5356,0.7237,0.0807,0.8288,0.1295,0.3266,0.3808,0.5044,0.7121,0.9058,0.0321,0.2398,0.5463,0.0169,0.7268,0.1899,0.5778,clean,N/A,HIGH,,True
NER,NER,2019,4.359,3.994,0.365,0.365,0.329,0.127,0.484,0.421,0.307,0.554,0.477,Moderate Potential,0.35,0.528,0.609,SR,Structural Risk,Diversified Emerging Market,structural,0.7891,0.441,0.4677,0.7902,0.0223,0.5412,0.7053,0.1137,0.8118,0.1294,0.3417,0.3749,0.5083,0.5973,0.9052,0.0359,0.2465,0.744,0.6029,0.6086,0.2186,0.5979,clean,N/A,HIGH,,True
NER,NER,2020,4.54,4.175,0.365,0.365,0.413,0.128,0.425,0.389,0.282,0.548,0.402,Moderate Potential,0.2,0.498,0.704,SR,Structural Risk,Diversified Emerging Market,structural,0.8537,0.5179,0.5126,0.7618,0.0207,0.5476,0.7247,0.0543,0.7772,0.0773,0.3463,0.3217,0.4666,0.7794,0.9193,0.0368,0.2215,0.8995,0.7073,0.7042,0.3542,0.2228,clean,N/A,HIGH,,True
NER,NER,2021,3.283,2.918,0.365,0.365,0.215,0.11,0.406,0.374,0.257,0.398,0.349,Low Takeoff Signal,0.2,0.412,0.551,SL,Stable / Low Opportunity,Diversified Emerging Market,structural,0.1826,0.3019,0.4677,0.6995,0.0206,0.5782,0.6595,0.0667,0.772,0.0857,0.3196,0.317,0.5677,0.1042,0.9141,0.0363,0.2364,0.0121,0.5549,0.5513,0.2447,0.6264,clean,N/A,HIGH,,True
NER,NER,2022,3.949,3.584,0.365,0.365,0.344,0.079,0.573,0.365,0.331,0.435,0.341,Low Takeoff Signal,0.2,0.492,0.414,SL,Stable / Low Opportunity,Diversified Emerging Market,structural,0.893,0.6311,0.5675,0.7539,0.0208,0.688,0.6517,0.0888,0.7109,0.1092,0.3041,0.3206,0.5689,0.8273,0.9085,0.0365,0.2506,0.4122,0.5043,0.4138,0.0944,0.8172,clean,N/A,HIGH,,True
NER,NER,2023,2.284,1.919,0.365,0.365,0.17,0.114,0.324,0.361,0.252,0.38,0.139,Low Takeoff Signal,0.2,0.252,0.045,SL,Stable / Low Opportunity,Diversified Emerging Market,structural,0.3928,0.1744,0.6386,0.3999,0.0191,0.5614,0.6375,0.0763,0.7466,0.0582,0.2567,0.3406,0.5687,0.2438,0.9074,0.036,0.2296,0.2025,0.6781,0.0455,0.0888,0.0358,clean,N/A,HIGH,,True
NER,NER,2024,3.136,2.771,0.365,0.365,0.32,0.09,0.52,0.398,0.316,0.38,0.151,Low Takeoff Signal,0.2,0.414,0.033,SL,Stable / Low Opportunity,Diversified Emerging Market,structural,0.947,0.9564,0.4545,0.4301,0.0152,0.5654,0.6798,0.2895,0.7849,0.0529,0.2145,0.3114,0.5687,0.8799,0.9087,0.0362,0.2133,0.3795,0.3912,0.0334,0.2896,0.3102,clean,N/A,HIGH,,True
NGA,Nigeria,2010,5.036,4.275,0.761,0.761,0.297,0.118,0.417,0.394,0.314,,0.465,Moderate Potential,0.45,0.451,0.5,SL,Stable / Low Opportunity,Diversified Emerging Market,structural,0.8037,0.4485,0.3786,0.3742,0.0917,0.075,0.8683,0.5927,0.9389,0.0319,0.154,0.1406,0.3208,0.6802,0.7912,0.1177,0.1574,,,,,,clean,N/A,MEDIUM,export_growth; gross_capital_formation,False
NGA,Nigeria,2011,4.924,4.163,0.761,0.761,0.275,0.128,0.42,0.413,0.28,,0.467,Moderate Potential,0.45,0.456,0.5,SR,Structural Risk,Diversified Emerging Market,structural,0.6107,0.5061,0.3754,0.5421,0.0967,0.3572,0.8056,0.5639,0.9325,0.0416,0.1665,0.1375,0.2781,0.4978,0.7879,0.1189,0.1745,,,,,,clean,N/A,MEDIUM,export_growth; gross_capital_formation,False
NGA,Nigeria,2012,4.178,3.417,0.761,0.761,0.25,0.108,0.401,0.401,0.3,0.38,0.436,Moderate Potential,0.45,0.384,0.487,SL,Stable / Low Opportunity,Diversified Emerging Market,structural,0.5229,0.5229,0.4038,0.4847,0.0965,0.133,0.8094,0.6034,0.9292,0.0344,0.1602,0.1458,0.298,0.4538,0.7869,0.1186,0.2131,0.1152,0.4331,0.4871,0.1294,0.3775,clean,N/A,MEDIUM,export_growth; gross_capital_formation,True
NGA,Nigeria,2013,4.871,4.11,0.761,0.761,0.354,0.112,0.459,0.423,0.346,0.493,0.471,Moderate Potential,0.45,0.519,0.446,SL,Stable / Low Opportunity,Diversified Emerging Market,structural,0.7535,0.519,0.35,0.5669,0.1493,0.2644,0.8093,0.6348,0.9247,0.0431,0.1469,0.1359,0.3765,0.6773,0.7909,0.1181,0.2211,0.6367,0.4193,0.4455,0.3496,0.6134,clean,N/A,MEDIUM,export_growth; gross_capital_formation,True
NGA,Nigeria,2014,4.793,4.032,0.761,0.761,0.332,0.118,0.431,0.407,0.355,0.533,0.483,Moderate Potential,0.511,0.511,0.424,SL,Stable / Low Opportunity,Diversified Emerging Market,structural,0.7981,0.476,0.3954,0.5574,0.0832,0.273,0.8261,0.5751,0.9251,0.025,0.154,0.124,0.4462,0.7011,0.7816,0.1173,0.2035,0.7027,0.29,0.4237,0.5073,0.7432,clean,N/A,MEDIUM,export_growth; gross_capital_formation,True
NGA,Nigeria,2015,3.964,3.203,0.761,0.761,0.274,0.118,0.361,0.405,0.339,0.452,0.34,Low Takeoff Signal,0.204,0.449,0.447,SL,Stable / Low Opportunity,Diversified Emerging Market,structural,0.4653,0.4781,0.3497,0.4954,0.0887,0.4164,0.8296,0.5048,0.9134,0.0582,0.197,0.1506,0.5704,0.3584,0.7734,0.1163,0.2112,0.6199,0.1611,0.4471,0.7462,0.2836,clean,N/A,MEDIUM,export_growth; gross_capital_formation,True
NGA,Nigeria,2016,3.567,2.806,0.761,0.761,0.195,0.132,0.269,0.408,0.264,0.4,0.349,Low Takeoff Signal,0.131,0.404,0.92,SR,Structural Risk,Diversified Emerging Market,structural,0.1047,0.5078,0.32,0.2568,0.0631,0.3847,0.8268,0.7338,0.8898,0.0578,0.2191,0.1639,0.5675,0.0659,0.7586,0.1156,0.1883,0.0745,0.4594,0.9199,0.6374,0.0808,clean,N/A,MEDIUM,export_growth; gross_capital_formation,True
NGA,Nigeria,2017,3.544,2.783,0.761,0.761,0.232,0.125,0.345,0.433,0.288,0.38,0.287,Low Takeoff Signal,0.073,0.4,0.962,SR,Structural Risk,Diversified Emerging Market,structural,0.2366,0.5098,0.4135,0.4032,0.0633,0.472,0.8186,0.8017,0.8544,0.0398,0.2448,0.1518,0.4332,0.1645,0.7349,0.1157,0.1954,0.0275,0.4754,0.9615,0.5235,0.0257,clean,N/A,MEDIUM,export_growth; gross_capital_formation,True
NGA,Nigeria,2018,3.737,2.976,0.761,0.761,0.228,0.13,0.347,0.443,0.288,0.396,0.346,Low Takeoff Signal,0.121,0.411,0.967,SR,Structural Risk,Diversified Emerging Market,structural,0.3194,0.4762,0.4376,0.424,0.0647,0.5351,0.7949,0.6977,0.8688,0.0366,0.2386,0.1545,0.3747,0.2028,0.7085,0.1162,0.1881,0.0964,0.513,0.9667,0.3048,0.3133,clean,N/A,MEDIUM,export_growth; gross_capital_formation,True
NGA,Nigeria,2019,4.515,3.754,0.761,0.761,0.238,0.136,0.344,0.419,0.298,0.497,0.546,Moderate Potential,0.45,0.455,0.847,SR,Structural Risk,Diversified Emerging Market,structural,0.4342,0.4617,0.412,0.3901,0.0622,0.5327,0.788,0.4543,0.865,0.031,0.2329,0.153,0.3806,0.3306,0.6946,0.1159,0.1792,0.4813,0.4967,0.8474,0.235,0.5207,clean,N/A,MEDIUM,export_growth; gross_capital_formation,True
NGA,Nigeria,2020,4.48,3.719,0.761,0.761,0.284,0.162,0.283,0.407,0.206,0.591,0.468,Moderate Potential,0.45,0.456,0.505,SR,Structural Risk,Diversified Emerging Market,structural,0.3342,0.6076,0.4787,0.4163,0.0733,0.5233,0.7901,0.3705,0.8554,0.0302,0.2275,0.1424,0.4997,0.2828,0.7401,0.1119,0.1803,0.8844,0.6218,0.5053,0.3626,0.7126,clean,N/A,MEDIUM,export_growth; gross_capital_formation,True
NGA,Nigeria,2021,3.658,2.897,0.761,0.761,0.235,0.129,0.361,0.416,0.291,0.461,0.314,Low Takeoff Signal,0.45,0.433,0.141,SR,Structural Risk,Diversified Emerging Market,structural,0.1686,0.5366,0.4229,0.3555,0.079,0.5001,0.7734,0.5147,0.8344,0.0323,0.2062,0.1315,0.478,0.1341,0.7698,0.1104,0.1822,0.5153,0.5523,0.141,0.3487,0.748,clean,N/A,MEDIUM,export_growth; gross_capital_formation,True
NGA,Nigeria,2022,3.269,2.508,0.761,0.761,0.26,0.109,0.412,0.418,0.316,0.38,0.168,Low Takeoff Signal,0.2,0.332,0.062,SL,Stable / Low Opportunity,Diversified Emerging Market,structural,0.5165,0.502,0.4807,0.4071,0.0788,0.423,0.7452,0.574,0.8255,0.0327,0.1932,0.1263,0.4793,0.4568,0.8127,0.1097,0.1556,0.375,0.3821,0.0618,0.1767,0.1454,clean,N/A,MEDIUM,export_growth; gross_capital_formation,True
NGA,Nigeria,2023,3.95,3.189,0.761,0.761,0.26,0.111,0.39,0.418,0.322,0.38,0.357,Low Takeoff Signal,0.45,0.369,0.263,SL,Stable / Low Opportunity,Diversified Emerging Market,structural,0.545,0.5274,0.4186,0.4847,0.0898,0.4158,0.6693,0.6341,0.7844,0.0331,0.2147,0.1537,0.4791,0.4711,0.8268,0.1093,0.1986,0.7159,0.4289,0.2634,0.0506,0.0174,clean,N/A,MEDIUM,export_growth; gross_capital_formation,True
NGA,Nigeria,2024,3.884,3.123,0.761,0.761,0.247,0.109,0.355,0.407,0.347,0.38,0.359,Low Takeoff Signal,0.45,0.375,0.261,SL,Stable / Low Opportunity,Diversified Emerging Market,structural,0.5919,0.4697,0.4237,0.2324,0.0826,0.3378,0.622,0.8982,0.4867,0.0338,0.1967,0.1585,0.4791,0.5102,0.8295,0.11,0.2568,0.9702,0.391,0.2611,0.1006,0.0145,clean,N/A,MEDIUM,export_growth; gross_capital_formation,True
NIC,NIC,2010,5.469,5.091,0.378,0.378,0.443,0.067,0.469,0.288,0.488,,0.472,Moderate Potential,0.45,0.472,0.5,SL,Stable / Low Opportunity,Diversified Emerging Market,structural,0.4312,0.5617,0.4874,0.5144,0.4118,0.1868,0.6734,0.2882,0.0751,0.3483,0.233,0.2155,0.681,0.4286,0.6786,0.4603,0.31,,,,,,clean,N/A,HIGH,,False
NIC,NIC,2011,6.611,6.233,0.378,0.378,0.637,0.049,0.572,0.325,0.54,,0.498,Moderate Potential,0.45,0.548,0.5,RO,Robust Opportunity,High-Growth Emerging Market,structural,0.6813,0.477,0.5865,0.763,0.4011,0.4611,0.6918,0.2634,0.053,0.4109,0.2529,0.213,0.6824,0.68,0.7314,0.4601,0.3175,,,,,,clean,N/A,HIGH,,False
NIC,NIC,2012,6.39,6.012,0.378,0.378,0.685,0.087,0.568,0.334,0.555,0.647,0.503,Moderate Potential,0.45,0.643,0.43,RO,Robust Opportunity,High-Growth Emerging Market,structural,0.6335,0.5307,0.5125,0.7587,0.3804,0.4226,0.713,0.2877,0.0469,0.4097,0.2329,0.227,0.6712,0.6314,0.7807,0.4604,0.3404,0.9049,0.5534,0.4301,0.8333,0.9397,clean,N/A,HIGH,,True
NIC,NIC,2013,6.266,5.888,0.378,0.378,0.641,0.103,0.538,0.342,0.541,0.706,0.536,Moderate Potential,0.45,0.605,0.57,RO,Robust Opportunity,High-Growth Emerging Market,structural,0.6297,0.4552,0.651,0.7656,0.3596,0.4034,0.7163,0.2317,0.045,0.4666,0.2466,0.2346,0.6444,0.6504,0.7622,0.461,0.3579,0.7118,0.7915,0.5698,0.7593,0.9728,clean,N/A,HIGH,,True
NIC,NIC,2014,5.79,5.412,0.378,0.378,0.613,0.089,0.533,0.35,0.544,0.657,0.446,Moderate Potential,0.407,0.586,0.361,RO,Robust Opportunity,High-Growth Emerging Market,structural,0.6581,0.4844,0.5911,0.704,0.3494,0.3543,0.7358,0.2648,0.0648,0.5255,0.2153,0.1948,0.6528,0.682,0.7727,0.4604,0.3487,0.714,0.8775,0.361,0.7891,0.7118,clean,N/A,HIGH,,True
NIC,NIC,2015,5.122,4.744,0.378,0.378,0.622,0.047,0.538,0.366,0.569,0.496,0.246,Low Takeoff Signal,0.487,0.51,0.048,FO,Fragile Opportunity,High-Growth Emerging Market,structural,0.6784,0.4371,0.5614,0.8455,0.3445,0.5806,0.7674,0.199,0.1064,0.518,0.1849,0.1863,0.6838,0.6915,0.7654,0.4619,0.3767,0.315,0.6177,0.0475,0.8303,0.7731,clean,N/A,HIGH,,True
NIC,NIC,2016,5.019,4.641,0.378,0.378,0.607,0.05,0.542,0.364,0.554,0.502,0.24,Low Takeoff Signal,0.459,0.493,0.049,FO,Fragile Opportunity,High-Growth Emerging Market,structural,0.6888,0.4885,0.6856,0.7834,0.3321,0.5636,0.7768,0.2533,0.1577,0.5415,0.1919,0.1631,0.6562,0.6986,0.8006,0.4634,0.3343,0.3644,0.5981,0.0485,0.8077,0.9324,clean,N/A,HIGH,,True
NIC,NIC,2017,5.316,4.938,0.378,0.378,0.572,0.034,0.551,0.359,0.547,0.429,0.376,Low Takeoff Signal,0.463,0.484,0.219,SL,Stable / Low Opportunity,High-Growth Emerging Market,structural,0.6136,0.4847,0.523,0.7806,0.3329,0.5356,0.7439,0.2302,0.1642,0.5342,0.2069,0.1631,0.6957,0.6119,0.8201,0.4649,0.2908,0.4804,0.1211,0.219,0.6836,0.6387,clean,N/A,HIGH,,True
NIC,NIC,2018,2.797,2.419,0.378,0.378,0.212,0.082,0.344,0.303,0.358,0.38,0.215,Low Takeoff Signal,0.392,0.3,0.072,SL,Stable / Low Opportunity,Commodity Exporter,structural,0.0247,0.408,0.5011,0.4564,0.3265,0.5355,0.7037,0.5091,0.1008,0.1479,0.1134,0.1386,0.7025,0.0223,0.7212,0.4645,0.279,0.0302,0.0868,0.0723,0.3191,0.6512,clean,N/A,HIGH,,True
NIC,NIC,2019,2.541,2.163,0.378,0.378,0.203,0.095,0.308,0.334,0.358,0.38,0.157,Low Takeoff Signal,0.35,0.233,0.039,SL,Stable / Low Opportunity,Commodity Exporter,structural,0.0807,0.465,0.4505,0.1819,0.3222,0.5362,0.6615,0.8308,0.0956,0.1939,0.1107,0.1359,0.7231,0.0712,0.7059,0.4617,0.2443,0.0678,0.0316,0.0386,0.0754,0.136,clean,N/A,HIGH,,True
NIC,NIC,2020,3.876,3.498,0.378,0.378,0.431,0.083,0.379,0.35,0.398,0.38,0.187,Low Takeoff Signal,0.35,0.278,0.056,SL,Stable / Low Opportunity,Diversified Emerging Market,structural,0.5824,0.4748,0.5618,0.3467,0.6254,0.5478,0.6916,0.7853,0.141,0.3614,0.1066,0.1382,0.714,0.5808,0.7244,0.4545,0.2444,0.1012,0.2745,0.0564,0.0841,0.3717,clean,N/A,HIGH,secondary_school_enrolment,True
NIC,NIC,2021,4.483,4.105,0.378,0.378,0.523,0.038,0.631,0.329,0.506,0.466,0.217,Low Takeoff Signal,0.35,0.551,0.042,SL,Stable / Low Opportunity,High-Growth Emerging Market,structural,0.8434,0.6369,0.5121,0.5018,0.6282,0.5615,0.6845,0.412,0.151,0.4264,0.0879,0.1222,0.6692,0.8108,0.7147,0.4535,0.1784,0.7652,0.5511,0.0422,0.2364,0.7999,clean,N/A,HIGH,secondary_school_enrolment,True
NIC,NIC,2022,3.925,3.547,0.378,0.378,0.443,0.08,0.536,0.355,0.447,0.553,0.182,Low Takeoff Signal,0.2,0.556,0.044,SL,Stable / Low Opportunity,High-Growth Emerging Market,structural,0.4645,0.4682,0.5941,0.3677,0.7271,0.5692,0.6968,0.4497,0.1498,0.5326,0.0894,0.1225,0.6701,0.4618,0.7222,0.4532,0.1544,0.9664,0.9127,0.0444,0.6436,0.577,clean,N/A,HIGH,secondary_school_enrolment,True
NIC,NIC,2023,4.068,3.69,0.378,0.378,0.471,0.114,0.442,0.44,0.455,0.584,0.179,Low Takeoff Signal,0.2,0.518,0.045,SL,Stable / Low Opportunity,High-Growth Emerging Market,structural,0.6432,0.4416,0.6427,0.4266,0.3043,0.5718,0.728,0.8623,0.2132,0.5776,0.0773,0.1197,0.6699,0.6329,0.72,0.4525,0.1495,0.9806,0.9324,0.0455,0.622,0.7967,clean,N/A,HIGH,,True
NIC,NIC,2024,3.62,3.242,0.378,0.378,0.409,0.09,0.441,0.435,0.445,0.389,0.149,Low Takeoff Signal,0.2,0.399,0.033,SL,Stable / Low Opportunity,High-Growth Emerging Market,structural,0.5451,0.2703,0.5691,0.5844,0.2915,0.5791,0.7522,0.7557,0.2696,0.6073,0.0762,0.0972,0.67,0.539,0.7104,0.4549,0.1499,0.1737,0.3944,0.0334,0.7646,0.5956,clean,N/A,HIGH,,True
NLD,NLD,2010,7.984,6.975,1.009,1.009,0.794,0.151,0.466,0.721,0.626,,0.469,Moderate Potential,0.45,0.463,0.5,FO,Fragile Opportunity,Advanced Economy,structural,0.1511,0.4459,0.5123,0.2654,0.9578,0.8289,0.2973,0.6679,0.4589,0.9041,0.9702,0.9802,0.7839,0.2052,0.7171,0.8674,0.959,,,,,,clean,N/A,HIGH,external_debt_pct_gni,False
NLD,NLD,2011,8.527,7.518,1.009,1.009,0.912,0.104,0.583,0.695,0.701,,0.442,Moderate Potential,0.45,0.391,0.5,RO,Robust Opportunity,Advanced Economy,structural,0.3466,0.4529,0.977,0.2595,0.967,0.7003,0.2812,0.6631,0.3467,0.925,0.9718,0.9798,0.7911,0.4126,0.7422,0.8645,0.968,,,,,,clean,N/A,HIGH,external_debt_pct_gni,False
NLD,NLD,2012,7.915,6.906,1.009,1.009,0.843,0.12,0.527,0.669,0.644,0.427,0.514,Reform Story,0.45,0.392,0.825,FO,Fragile Opportunity,Advanced Economy,stable,0.2779,0.4545,0.8606,0.2107,0.8922,0.6577,0.2564,0.6837,0.2468,0.9269,0.973,0.9814,0.7747,0.3258,0.6982,0.8622,0.9656,0.4325,0.9669,0.8254,0.1161,0.0874,clean,N/A,HIGH,external_debt_pct_gni,True
NLD,NLD,2013,7.828,6.819,1.009,1.009,0.867,0.111,0.544,0.667,0.663,0.451,0.454,Reform Story,0.45,0.306,0.727,RO,Robust Opportunity,Advanced Economy,structural,0.2431,0.4476,0.994,0.2097,0.8731,0.6977,0.2768,0.7411,0.1465,0.9208,0.9722,0.9775,0.773,0.3205,0.6592,0.8559,0.9656,0.4024,0.9599,0.7268,0.1861,0.1884,clean,N/A,HIGH,external_debt_pct_gni,True
NLD,NLD,2014,8.117,7.108,1.009,1.009,0.87,0.113,0.519,0.685,0.708,0.548,0.531,Moderate Potential,0.41,0.471,0.823,RO,Robust Opportunity,Advanced Economy,structural,0.3009,0.4717,0.7377,0.1786,0.8661,0.7459,0.2834,0.8469,0.2019,0.9122,0.9749,0.9781,0.7837,0.4288,0.6655,0.853,0.9635,0.7111,0.6958,0.8231,0.2699,0.3111,clean,N/A,HIGH,external_debt_pct_gni,True
NLD,NLD,2015,8.367,7.358,1.009,1.009,0.928,0.085,0.629,0.663,0.731,0.692,0.512,Moderate Potential,0.359,0.456,0.891,RO,Robust Opportunity,Advanced Economy,structural,0.4112,0.5275,0.9952,0.3723,0.8778,0.6434,0.371,0.8446,0.1947,0.8962,0.9762,0.9737,0.7508,0.5216,0.7051,0.851,0.9688,0.6903,0.6694,0.8909,0.8162,0.6012,clean,N/A,HIGH,external_debt_pct_gni,True
NLD,NLD,2016,8.415,7.406,1.009,1.009,0.917,0.109,0.586,0.695,0.743,0.737,0.543,Moderate Potential,0.426,0.467,0.861,RO,Robust Opportunity,Advanced Economy,structural,0.4445,0.4629,0.9992,0.2748,0.8691,0.5909,0.4456,0.9104,0.4653,0.8982,0.9761,0.9742,0.7926,0.5537,0.7172,0.8507,0.9755,0.9346,0.7454,0.8607,0.9118,0.6905,clean,N/A,HIGH,external_debt_pct_gni,True
NLD,NLD,2017,8.409,7.4,1.009,1.009,0.907,0.097,0.592,0.704,0.759,0.672,0.556,Pre-Breakout Signal,0.414,0.588,0.733,RO,Robust Opportunity,Advanced Economy,structural,0.4188,0.4546,0.7566,0.2772,0.8846,0.5646,0.5137,0.9234,0.4855,0.8796,0.976,0.9708,0.7936,0.4992,0.7618,0.8517,0.9761,0.948,0.5408,0.7333,0.8781,0.5838,clean,N/A,HIGH,external_debt_pct_gni,True
NLD,NLD,2018,7.172,6.163,1.009,1.009,0.731,0.146,0.416,0.71,0.751,0.405,0.476,Moderate Potential,0.485,0.528,0.413,FO,Fragile Opportunity,Advanced Economy,stable,0.361,0.4709,0.1806,0.2749,0.8799,0.5355,0.5695,0.9231,0.4608,0.8795,0.9745,0.9753,0.7603,0.4535,0.7926,0.8512,0.9754,0.6871,0.0169,0.4132,0.933,0.16,clean,N/A,HIGH,external_debt_pct_gni,True
NLD,NLD,2019,6.809,5.8,1.009,1.009,0.773,0.145,0.452,0.721,0.753,0.38,0.313,Low Takeoff Signal,0.25,0.468,0.255,FO,Fragile Opportunity,Advanced Economy,stable,0.4438,0.4488,0.2754,0.3456,0.8832,0.5383,0.6258,0.855,0.558,0.8582,0.9741,0.9749,0.7646,0.5084,0.8002,0.8524,0.9709,0.4585,0.0263,0.2547,0.9479,0.0761,clean,N/A,HIGH,external_debt_pct_gni,True
NLD,NLD,2020,6.935,5.926,1.009,1.009,0.78,0.167,0.387,0.692,0.585,0.388,0.337,Low Takeoff Signal,0.25,0.501,0.301,FO,Fragile Opportunity,Knowledge / Service Economy,structural,0.4823,0.5178,0.1743,0.399,0.9684,0.5517,0.6564,0.8512,0.4372,0.8624,0.9746,0.9799,0.792,0.5206,0.7885,0.8432,0.969,0.5305,0.0171,0.3013,0.871,0.3389,clean,N/A,HIGH,external_debt_pct_gni,True
NLD,NLD,2021,7.29,6.281,1.009,1.009,0.825,0.109,0.576,0.734,0.822,0.425,0.368,Low Takeoff Signal,0.25,0.576,0.342,RO,Robust Opportunity,Advanced Economy,stable,0.5543,0.3622,0.2856,0.4138,0.9679,0.567,0.6674,0.9034,0.4914,0.8707,0.9719,0.9793,0.7847,0.5833,0.7612,0.842,0.97,0.7185,0.0356,0.3423,0.8958,0.2769,clean,N/A,HIGH,external_debt_pct_gni,True
NLD,NLD,2022,7.724,6.715,1.009,1.009,0.91,0.097,0.597,0.747,0.807,0.569,0.361,Low Takeoff Signal,0.25,0.618,0.295,RO,Robust Opportunity,Advanced Economy,structural,0.5628,0.3504,0.5016,0.4237,0.9714,0.5758,0.6738,0.7899,0.5711,0.845,0.9702,0.9754,0.7852,0.5866,0.7736,0.835,0.9656,0.8211,0.9807,0.2951,0.8241,0.2977,clean,N/A,HIGH,external_debt_pct_gni,True
NLD,NLD,2023,6.451,5.442,1.009,1.009,0.72,0.189,0.396,0.784,0.658,0.435,0.293,Low Takeoff Signal,0.25,0.642,0.142,FO,Fragile Opportunity,Advanced Economy,stable,0.218,0.3012,0.006,0.3136,0.9701,0.6011,0.7028,0.8963,0.683,0.8357,0.9692,0.9748,0.7851,0.2471,0.7476,0.8312,0.9652,0.2078,0.4164,0.1421,0.6604,0.8307,clean,N/A,HIGH,external_debt_pct_gni,True
NLD,NLD,2024,7.179,6.17,1.009,1.009,0.854,0.155,0.485,0.775,0.717,0.485,0.294,Low Takeoff Signal,0.25,0.52,0.183,FO,Fragile Opportunity,Advanced Economy,structural,0.304,0.3836,0.3836,0.3007,0.971,0.57,0.7166,0.9125,0.6064,0.8039,0.9682,0.9748,0.7852,0.3632,0.7349,0.8304,0.9666,0.1627,0.7387,0.1829,0.7687,0.5931,clean,N/A,HIGH,external_debt_pct_gni,True
NOR,NOR,2010,7.46,6.606,0.854,0.854,0.724,0.175,0.462,0.738,0.535,,0.472,Moderate Potential,0.45,0.47,0.5,FO,Fragile Opportunity,Advanced Economy,structural,0.1217,0.2948,0.4712,0.5227,0.914,0.7665,0.5061,0.7713,0.2353,0.9542,0.9797,0.9781,0.5523,0.1209,0.7582,0.9044,0.9583,,,,,,clean,N/A,HIGH,external_debt_pct_gni,False
NOR,NOR,2011,7.988,7.134,0.854,0.854,0.811,0.191,0.481,0.824,0.6,,0.487,Moderate Potential,0.45,0.517,0.5,FO,Fragile Opportunity,Advanced Economy,structural,0.3018,0.3961,0.3732,0.515,0.9088,0.782,0.6824,0.77,0.6385,0.9528,0.9822,0.9819,0.5214,0.305,0.7759,0.9023,0.9682,,,,,,clean,N/A,HIGH,external_debt_pct_gni,False
NOR,NOR,2012,8.547,7.693,0.854,0.854,0.925,0.149,0.544,0.778,0.675,0.635,0.611,Pre-Breakout Signal,0.45,0.635,0.833,FO,Fragile Opportunity,Advanced Economy,structural,0.4472,0.44,0.4763,0.5313,0.8966,0.7703,0.6792,0.7795,0.372,0.9486,0.9817,0.9835,0.5025,0.4538,0.7753,0.9047,0.9691,0.9036,0.4363,0.833,0.9383,0.4877,clean,N/A,HIGH,external_debt_pct_gni,True
NOR,NOR,2013,8.169,7.315,0.854,0.854,0.859,0.153,0.504,0.758,0.647,0.506,0.604,Pre-Breakout Signal,0.45,0.589,0.876,FO,Fragile Opportunity,Advanced Economy,structural,0.3135,0.4041,0.303,0.6148,0.8929,0.6543,0.6897,0.7975,0.3231,0.9488,0.9824,0.9846,0.5161,0.3305,0.7613,0.9046,0.9738,0.7256,0.1152,0.876,0.908,0.1887,clean,N/A,HIGH,external_debt_pct_gni,True
NOR,NOR,2014,7.352,6.498,0.854,0.854,0.865,0.15,0.536,0.771,0.682,0.454,0.369,Low Takeoff Signal,0.174,0.544,0.563,FO,Fragile Opportunity,Advanced Economy,structural,0.3458,0.459,0.3915,0.6246,0.8798,0.6265,0.7261,0.8993,0.4238,0.9297,0.9799,0.984,0.5048,0.3875,0.7873,0.9014,0.9697,0.7732,0.0407,0.5627,0.9188,0.1681,clean,N/A,HIGH,external_debt_pct_gni,True
NOR,NOR,2015,6.953,6.099,0.854,0.854,0.854,0.139,0.54,0.758,0.692,0.49,0.275,Low Takeoff Signal,0.095,0.55,0.424,FO,Fragile Opportunity,Advanced Economy,structural,0.3851,0.4844,0.386,0.6013,0.8847,0.5983,0.7163,0.9278,0.4849,0.9341,0.9799,0.9847,0.5405,0.4356,0.7401,0.9018,0.9686,0.6506,0.5533,0.424,0.777,0.0741,clean,N/A,HIGH,external_debt_pct_gni,True
NOR,NOR,2016,6.544,5.69,0.854,0.854,0.765,0.153,0.496,0.739,0.679,0.38,0.295,Low Takeoff Signal,0.123,0.552,0.392,FO,Fragile Opportunity,Advanced Economy,stable,0.3053,0.4476,0.1068,0.6455,0.8926,0.5597,0.7118,0.8661,0.5507,0.9361,0.9805,0.9821,0.6138,0.3627,0.7056,0.9018,0.9678,0.5252,0.0195,0.3916,0.6918,0.0885,clean,N/A,HIGH,external_debt_pct_gni,True
NOR,NOR,2017,7.3,6.446,0.854,0.854,0.852,0.128,0.55,0.752,0.706,0.553,0.374,Low Takeoff Signal,0.201,0.571,0.471,FO,Fragile Opportunity,Advanced Economy,structural,0.3862,0.4052,0.4264,0.674,0.8972,0.5619,0.71,0.886,0.5771,0.9303,0.9823,0.9838,0.565,0.4422,0.7187,0.9035,0.9697,0.623,0.5451,0.4709,0.54,0.5856,clean,N/A,HIGH,external_debt_pct_gni,True
NOR,NOR,2018,7.458,6.604,0.854,0.854,0.808,0.153,0.507,0.759,0.643,0.557,0.484,Moderate Potential,0.269,0.56,0.809,FO,Fragile Opportunity,Advanced Economy,structural,0.2041,0.4087,0.4228,0.6532,0.8997,0.5355,0.7006,0.9224,0.5985,0.9317,0.9824,0.9805,0.478,0.2608,0.7245,0.9044,0.9694,0.4726,0.5851,0.8093,0.3864,0.5932,clean,N/A,HIGH,external_debt_pct_gni,True
NOR,NOR,2019,7.688,6.834,0.854,0.854,0.868,0.129,0.567,0.737,0.661,0.562,0.457,Moderate Potential,0.25,0.578,0.703,FO,Fragile Opportunity,Advanced Economy,structural,0.3263,0.4458,0.4508,0.7488,0.9103,0.5391,0.6978,0.7614,0.5886,0.9271,0.9814,0.9793,0.4849,0.3772,0.7133,0.9051,0.9654,0.4101,0.7486,0.7032,0.4075,0.5393,clean,N/A,HIGH,external_debt_pct_gni,True
NOR,NOR,2020,8.183,7.329,0.854,0.854,0.954,0.139,0.547,0.708,0.635,0.681,0.466,Moderate Potential,0.25,0.64,0.664,FO,Fragile Opportunity,Knowledge / Service Economy,structural,0.6387,0.5309,0.4591,0.8573,0.9143,0.5507,0.7159,0.6561,0.5199,0.9428,0.9831,0.9805,0.5593,0.6761,0.7301,0.9057,0.965,0.7871,0.8943,0.6644,0.5936,0.648,clean,N/A,HIGH,external_debt_pct_gni,True
NOR,NOR,2021,7.444,6.59,0.854,0.854,0.82,0.141,0.599,0.777,0.661,0.68,0.461,Moderate Potential,0.25,0.65,0.631,FO,Fragile Opportunity,Advanced Economy,structural,0.3514,0.3446,0.4632,0.5733,0.9138,0.5752,0.7386,0.9616,0.5618,0.9284,0.9829,0.9808,0.416,0.3917,0.661,0.9053,0.959,0.7189,0.6265,0.6315,0.8035,0.6745,clean,N/A,HIGH,external_debt_pct_gni,True
NOR,NOR,2022,7.441,6.587,0.854,0.854,0.832,0.171,0.542,0.818,0.653,0.696,0.443,Moderate Potential,0.25,0.646,0.557,FO,Fragile Opportunity,Advanced Economy,structural,0.444,0.3731,0.5143,0.34,0.9078,0.6509,0.7796,0.9934,0.698,0.9069,0.9794,0.9799,0.4173,0.4684,0.7101,0.9048,0.9551,0.9664,0.6704,0.5572,0.8259,0.8121,clean,N/A,HIGH,external_debt_pct_gni,True
NOR,NOR,2023,6.776,5.922,0.854,0.854,0.75,0.178,0.511,0.771,0.562,0.406,0.381,Low Takeoff Signal,0.25,0.455,0.506,FO,Fragile Opportunity,Advanced Economy,stable,0.2634,0.4114,0.5142,0.5497,0.9018,0.5774,0.7109,0.9742,0.3869,0.906,0.9807,0.982,0.4171,0.2836,0.6627,0.9028,0.9597,0.2121,0.4356,0.5058,0.5939,0.284,clean,N/A,HIGH,external_debt_pct_gni,True
NOR,NOR,2024,6.986,6.132,0.854,0.854,0.818,0.169,0.553,0.789,0.606,0.411,0.337,Low Takeoff Signal,0.25,0.49,0.308,FO,Fragile Opportunity,Advanced Economy,stable,0.3967,0.5285,0.4705,0.5521,0.8929,0.5839,0.7212,0.9792,0.4995,0.9123,0.9791,0.9769,0.417,0.4313,0.6246,0.9026,0.9633,0.1682,0.6898,0.308,0.2976,0.5921,clean,N/A,HIGH,external_debt_pct_gni,True
NPL,NPL,2010,4.618,4.12,0.498,0.498,0.264,0.114,0.425,0.363,0.286,,0.471,Moderate Potential,0.45,0.468,0.5,SL,Stable / Low Opportunity,Diversified Emerging Market,structural,0.4785,0.1641,0.35,0.9555,0.1994,0.1999,0.6092,0.4499,0.8406,0.0682,0.1989,0.2552,0.7645,0.5808,0.4405,0.0566,0.1773,,,,,,clean,N/A,HIGH,,False
NPL,NPL,2011,4.542,4.044,0.498,0.498,0.256,0.127,0.392,0.4,0.283,,0.461,Moderate Potential,0.45,0.44,0.5,SR,Structural Risk,Diversified Emerging Market,structural,0.4679,0.3817,0.3307,0.6303,0.2311,0.3883,0.6486,0.4892,0.8773,0.0876,0.2192,0.2183,0.7889,0.5419,0.4423,0.0564,0.1936,,,,,,clean,N/A,HIGH,,False
NPL,NPL,2012,4.976,4.478,0.498,0.498,0.333,0.118,0.489,0.408,0.299,0.514,0.606,Pre-Breakout Signal,0.45,0.554,0.95,SL,Stable / Low Opportunity,Diversified Emerging Market,structural,0.5449,0.598,0.3841,0.6609,0.2643,0.151,0.6369,0.613,0.8798,0.098,0.3196,0.1887,0.779,0.6027,0.4543,0.0561,0.201,0.7037,0.4003,0.9502,0.6569,0.057,clean,N/A,HIGH,,True
NPL,NPL,2013,5.025,4.527,0.498,0.498,0.334,0.137,0.475,0.442,0.293,0.566,0.617,Pre-Breakout Signal,0.45,0.591,0.938,SR,Structural Risk,Diversified Emerging Market,structural,0.5149,0.542,0.3236,0.7186,0.2797,0.2742,0.6847,0.6149,0.8728,0.1532,0.3328,0.2031,0.7809,0.6371,0.4588,0.0556,0.1989,0.6592,0.4813,0.9382,0.7741,0.1913,clean,N/A,HIGH,,True
NPL,NPL,2014,4.536,4.038,0.498,0.498,0.423,0.133,0.546,0.471,0.32,0.583,0.348,Low Takeoff Signal,0.081,0.632,0.951,SR,Structural Risk,Diversified Emerging Market,structural,0.7745,0.5941,0.3798,0.7888,0.297,0.2677,0.7469,0.7158,0.8797,0.2335,0.3327,0.2407,0.7783,0.8728,0.449,0.0551,0.2282,0.753,0.4596,0.9513,0.9188,0.2058,clean,N/A,HIGH,,True
NPL,NPL,2015,4.909,4.411,0.498,0.498,0.372,0.146,0.478,0.472,0.307,0.602,0.529,Moderate Potential,0.301,0.611,0.861,SR,Structural Risk,Diversified Emerging Market,structural,0.6007,0.4688,0.3382,0.7803,0.3072,0.4297,0.7942,0.8305,0.8769,0.1773,0.3199,0.2412,0.732,0.6944,0.4394,0.0551,0.2243,0.6759,0.5792,0.861,0.9036,0.2561,clean,N/A,HIGH,,True
NPL,NPL,2016,3.877,3.379,0.498,0.498,0.276,0.154,0.356,0.49,0.275,0.495,0.386,Low Takeoff Signal,0.275,0.499,0.426,SR,Structural Risk,Diversified Emerging Market,structural,0.2368,0.2889,0.299,0.6684,0.3374,0.4779,0.8233,0.872,0.8595,0.2178,0.33,0.2314,0.7597,0.3278,0.4231,0.055,0.2402,0.3327,0.603,0.4263,0.9118,0.3611,clean,N/A,HIGH,,True
NPL,NPL,2017,5.99,5.492,0.498,0.498,0.512,0.148,0.614,0.525,0.337,0.693,0.619,Pre-Breakout Signal,0.495,0.682,0.716,SR,Structural Risk,High-Growth Emerging Market,structural,0.9104,0.4727,0.414,0.9512,0.3759,0.5549,0.8212,0.6097,0.8584,0.3609,0.3797,0.2532,0.7784,0.9434,0.4012,0.055,0.2334,0.6033,0.6452,0.7157,0.8781,0.7585,clean,N/A,HIGH,,True
NPL,NPL,2018,6.306,5.808,0.498,0.498,0.509,0.146,0.606,0.492,0.341,0.721,0.712,Strong Pre-Breakout Signal,0.548,0.71,0.967,SR,Structural Risk,Diversified Emerging Market,structural,0.9162,0.498,0.4378,0.9626,0.3696,0.5354,0.7759,0.2375,0.8708,0.3678,0.4144,0.2704,0.758,0.9555,0.3783,0.0554,0.2652,0.7185,0.6416,0.9667,0.7444,0.9621,clean,N/A,HIGH,,True
NPL,NPL,2019,5.419,4.921,0.498,0.498,0.492,0.133,0.608,0.489,0.334,0.635,0.49,Moderate Potential,0.2,0.686,0.94,SR,Structural Risk,Diversified Emerging Market,structural,0.8354,0.4622,0.4141,0.9755,0.4558,0.5363,0.757,0.2694,0.8579,0.4093,0.3945,0.2628,0.7561,0.8495,0.3653,0.0556,0.2719,0.9139,0.6085,0.9401,0.3175,0.8893,clean,N/A,HIGH,,True
NPL,NPL,2020,4.936,4.438,0.498,0.498,0.428,0.178,0.421,0.515,0.216,0.588,0.452,Moderate Potential,0.2,0.544,0.94,SR,Structural Risk,Diversified Emerging Market,structural,0.5744,0.4133,0.4784,0.8309,0.5316,0.5443,0.7372,0.5319,0.8416,0.4908,0.409,0.2589,0.772,0.5314,0.3164,0.0577,0.2504,0.9012,0.6914,0.9399,0.1198,0.6268,clean,N/A,HIGH,,True
NPL,NPL,2021,5.181,4.683,0.498,0.498,0.323,0.125,0.523,0.489,0.299,0.427,0.678,Pre-Breakout Signal,0.875,0.497,0.724,SR,Structural Risk,High-Growth Emerging Market,structural,0.4288,0.0325,0.4227,0.9266,0.509,0.5833,0.726,0.2058,0.8264,0.5009,0.4217,0.2938,0.7801,0.3666,0.3315,0.0563,0.2559,0.0121,0.5521,0.724,0.0989,0.7544,clean,N/A,HIGH,,True
NPL,NPL,2022,5.973,5.475,0.498,0.498,0.442,0.098,0.67,0.463,0.324,0.471,0.718,Strong Pre-Breakout Signal,0.875,0.586,0.724,SL,Stable / Low Opportunity,High-Growth Emerging Market,structural,0.6039,0.9464,0.4833,0.9434,0.5051,0.6202,0.7256,0.148,0.8256,0.4311,0.4425,0.287,0.7807,0.6379,0.3366,0.0562,0.2784,0.2485,0.3832,0.7238,0.2473,0.8724,clean,N/A,HIGH,,True
NPL,NPL,2023,5.018,4.52,0.498,0.498,0.392,0.134,0.536,0.523,0.302,0.431,0.529,Moderate Potential,0.35,0.521,0.872,SR,Structural Risk,High-Growth Emerging Market,structural,0.421,0.5479,0.411,0.8609,0.6069,0.5597,0.6841,0.5132,0.8181,0.4576,0.4437,0.297,0.7806,0.5499,0.3185,0.0559,0.2715,0.2019,0.3053,0.872,0.1651,0.7339,clean,N/A,HIGH,,True
NPL,NPL,2024,5.343,4.845,0.498,0.498,0.449,0.133,0.582,0.55,0.318,0.426,0.534,Moderate Potential,0.35,0.538,0.866,SR,Structural Risk,High-Growth Emerging Market,structural,0.5528,0.6967,0.4171,0.8436,0.6064,0.5735,0.673,0.7433,0.8131,0.4401,0.4607,0.3055,0.7807,0.6921,0.3128,0.0563,0.2869,0.3099,0.3116,0.8656,0.165,0.5926,clean,N/A,HIGH,,True
NZL,NZL,2010,7.115,6.349,0.766,0.766,0.679,0.175,0.411,0.725,0.553,,0.467,Moderate Potential,0.45,0.456,0.5,FO,Fragile Opportunity,Advanced Economy,structural,0.1596,0.3322,0.341,0.2804,0.9408,0.6606,0.6825,0.4445,0.4348,0.9543,0.9753,0.9872,0.7457,0.17,0.5021,0.8411,0.964,,,,,,clean,N/A,HIGH,external_debt_pct_gni,False
NZL,NZL,2011,7.761,6.995,0.766,0.766,0.789,0.157,0.453,0.736,0.64,,0.481,Moderate Potential,0.45,0.499,0.5,FO,Fragile Opportunity,Advanced Economy,structural,0.3692,0.4216,0.3406,0.2889,0.9326,0.723,0.6204,0.4458,0.4711,0.9563,0.9795,0.9867,0.763,0.4139,0.5024,0.8386,0.9769,,,,,,clean,N/A,HIGH,external_debt_pct_gni,False
NZL,NZL,2012,7.781,7.015,0.766,0.766,0.871,0.145,0.487,0.725,0.668,0.58,0.503,Moderate Potential,0.45,0.6,0.466,FO,Fragile Opportunity,Advanced Economy,structural,0.4298,0.4486,0.4157,0.3129,0.9215,0.7923,0.623,0.441,0.4041,0.9549,0.9759,0.985,0.76,0.475,0.4966,0.8369,0.9773,0.8278,0.9118,0.4664,0.1813,0.9575,clean,N/A,HIGH,external_debt_pct_gni,True
NZL,NZL,2013,7.923,7.157,0.766,0.766,0.877,0.139,0.481,0.712,0.695,0.612,0.534,Moderate Potential,0.45,0.614,0.553,FO,Fragile Opportunity,Advanced Economy,structural,0.4366,0.4206,0.3107,0.3629,0.8995,0.6781,0.6559,0.4542,0.3397,0.9544,0.9741,0.986,0.7612,0.5041,0.5884,0.8361,0.9744,0.8991,0.5583,0.5533,0.5435,0.6564,clean,N/A,HIGH,external_debt_pct_gni,True
NZL,NZL,2014,7.83,7.064,0.766,0.766,0.9,0.128,0.531,0.727,0.714,0.631,0.474,Moderate Potential,0.355,0.617,0.487,FO,Fragile Opportunity,Advanced Economy,structural,0.5504,0.4669,0.4139,0.4062,0.8961,0.7005,0.6785,0.4431,0.4238,0.9581,0.9744,0.985,0.7595,0.5362,0.618,0.8347,0.9808,0.8947,0.6397,0.4867,0.7008,0.5759,clean,N/A,HIGH,external_debt_pct_gni,True
NZL,NZL,2015,7.286,6.52,0.766,0.766,0.865,0.128,0.529,0.732,0.706,0.581,0.375,Low Takeoff Signal,0.208,0.625,0.412,FO,Fragile Opportunity,Advanced Economy,structural,0.5721,0.5068,0.3312,0.4205,0.8826,0.652,0.7179,0.5208,0.4849,0.9615,0.975,0.9853,0.7181,0.5144,0.6224,0.8338,0.9794,0.8961,0.6215,0.4118,0.8463,0.3729,clean,N/A,HIGH,external_debt_pct_gni,True
NZL,NZL,2016,7.427,6.661,0.766,0.766,0.855,0.13,0.521,0.73,0.708,0.586,0.429,Moderate Potential,0.263,0.619,0.498,FO,Fragile Opportunity,Advanced Economy,structural,0.6039,0.4589,0.3306,0.4252,0.8739,0.5842,0.7557,0.5751,0.5507,0.9643,0.975,0.9846,0.759,0.5045,0.6308,0.8333,0.9797,0.7834,0.5697,0.4976,0.9111,0.364,clean,N/A,HIGH,external_debt_pct_gni,True
NZL,NZL,2017,7.27,6.504,0.766,0.766,0.833,0.13,0.526,0.731,0.7,0.593,0.418,Moderate Potential,0.288,0.593,0.429,FO,Fragile Opportunity,Advanced Economy,structural,0.4818,0.4231,0.4215,0.4607,0.8693,0.5621,0.7747,0.4578,0.5771,0.9662,0.9739,0.9838,0.7437,0.4007,0.6342,0.8336,0.9805,0.5991,0.6007,0.429,0.8781,0.5864,clean,N/A,HIGH,external_debt_pct_gni,True
NZL,NZL,2018,7.308,6.542,0.766,0.766,0.85,0.12,0.531,0.714,0.716,0.504,0.403,Moderate Potential,0.301,0.546,0.398,FO,Fragile Opportunity,Advanced Economy,structural,0.5246,0.4506,0.4474,0.4515,0.8653,0.5355,0.7996,0.3736,0.5179,0.9633,0.9736,0.9808,0.7184,0.4493,0.6549,0.8347,0.9769,0.4152,0.6242,0.3981,0.8976,0.3303,clean,N/A,HIGH,external_debt_pct_gni,True
NZL,NZL,2019,6.554,5.788,0.766,0.766,0.807,0.135,0.516,0.718,0.698,0.401,0.259,Low Takeoff Signal,0.25,0.491,0.128,FO,Fragile Opportunity,Advanced Economy,stable,0.4456,0.4346,0.4236,0.4513,0.9146,0.5388,0.7753,0.4555,0.5419,0.9591,0.9713,0.9823,0.7141,0.4247,0.6664,0.8363,0.976,0.2007,0.8605,0.1279,0.7346,0.1928,clean,N/A,HIGH,external_debt_pct_gni,True
NZL,NZL,2020,6.954,6.188,0.766,0.766,0.891,0.144,0.455,0.694,0.627,0.5,0.244,Low Takeoff Signal,0.25,0.486,0.105,FO,Fragile Opportunity,Knowledge / Service Economy,structural,0.692,0.3985,0.507,0.4945,0.8975,0.5507,0.7377,0.5284,0.4454,0.9645,0.9715,0.9828,0.7347,0.6499,0.6956,0.8349,0.9771,0.5286,0.8583,0.1055,0.7506,0.3652,clean,N/A,HIGH,external_debt_pct_gni,True
NZL,NZL,2021,6.721,5.955,0.766,0.766,0.812,0.087,0.588,0.673,0.787,0.432,0.298,Low Takeoff Signal,0.25,0.537,0.184,RO,Robust Opportunity,Advanced Economy,stable,0.403,0.2471,0.4429,0.5746,0.9017,0.5706,0.692,0.2667,0.4587,0.9574,0.9695,0.9825,0.7501,0.4662,0.7306,0.835,0.9715,0.7136,0.8675,0.1839,0.1807,0.3297,clean,N/A,HIGH,external_debt_pct_gni,True
NZL,NZL,2022,6.937,6.171,0.766,0.766,0.838,0.09,0.598,0.676,0.783,0.385,0.318,Low Takeoff Signal,0.25,0.504,0.245,RO,Robust Opportunity,Advanced Economy,stable,0.4608,0.3936,0.5355,0.6012,0.8795,0.6324,0.6877,0.2283,0.5522,0.9475,0.9698,0.9816,0.7507,0.5551,0.7264,0.8364,0.9731,0.3785,0.9802,0.2453,0.0309,0.5182,clean,N/A,HIGH,external_debt_pct_gni,True
NZL,NZL,2023,6.834,6.068,0.766,0.766,0.811,0.117,0.538,0.661,0.661,0.38,0.33,Low Takeoff Signal,0.25,0.435,0.332,RO,Robust Opportunity,Advanced Economy,stable,0.3688,0.6881,0.4701,0.5243,0.8741,0.5781,0.6854,0.2436,0.3103,0.9501,0.9687,0.98,0.7506,0.2946,0.6715,0.8349,0.9738,0.2092,0.5005,0.3319,0.1088,0.4208,clean,N/A,HIGH,external_debt_pct_gni,True
NZL,NZL,2024,6.539,5.773,0.766,0.766,0.771,0.121,0.508,0.656,0.654,0.38,0.309,Low Takeoff Signal,0.25,0.419,0.276,FO,Fragile Opportunity,Advanced Economy,stable,0.322,0.477,0.4292,0.4569,0.8796,0.5837,0.6401,0.2681,0.2795,0.9441,0.9659,0.9756,0.7507,0.2908,0.5544,0.8377,0.9733,0.1604,0.2707,0.2763,0.1428,0.5933,clean,N/A,HIGH,external_debt_pct_gni,True
OMN,OMN,2010,5.748,5.135,0.613,0.613,0.436,0.205,0.505,0.693,0.253,,0.494,Moderate Potential,0.45,0.537,0.5,SR,Structural Risk,Advanced Economy,structural,0.234,0.5327,0.3857,0.7458,0.6902,0.6452,0.8913,0.6896,0.4449,0.815,0.7542,0.6829,0.0165,0.1336,0.6224,0.9168,0.8383,,,,,,clean,N/A,HIGH,secondary_school_enrolment; external_debt_pct_gni,False
OMN,OMN,2011,5.118,4.505,0.613,0.613,0.312,0.222,0.54,0.682,0.142,,0.506,Moderate Potential,0.45,0.575,0.5,SR,Structural Risk,Advanced Economy,structural,0.428,0.4359,0.3746,0.6234,0.9155,0.6671,0.8931,0.7407,0.5386,0.7457,0.6928,0.5417,0.0109,0.0389,0.5797,0.9162,0.8104,,,,,,archetype_mismatch,MEDIUM,HIGH,external_debt_pct_gni,False
OMN,OMN,2012,5.025,4.412,0.613,0.613,0.444,0.193,0.647,0.669,0.211,0.493,0.42,Moderate Potential,0.45,0.61,0.251,SR,Structural Risk,High-Growth Emerging Market,structural,0.7355,0.4712,0.4045,0.7284,0.8877,0.5844,0.8932,0.7052,0.5341,0.7665,0.714,0.5589,0.0096,0.1724,0.5725,0.9152,0.8344,0.9051,0.3869,0.2512,0.6992,0.377,clean,N/A,HIGH,external_debt_pct_gni,True
OMN,OMN,2013,5.457,4.844,0.613,0.613,0.51,0.196,0.636,0.677,0.245,0.581,0.441,Moderate Potential,0.45,0.656,0.271,SR,Structural Risk,Advanced Economy,structural,0.6529,0.5187,0.3769,0.8137,0.8564,0.7273,0.8925,0.6886,0.5482,0.7568,0.7023,0.5432,0.0068,0.1696,0.5837,0.9145,0.8325,0.93,0.528,0.2711,0.7325,0.6229,archetype_mismatch,MEDIUM,HIGH,external_debt_pct_gni,True
OMN,OMN,2014,4.56,3.947,0.613,0.613,0.443,0.202,0.525,0.683,0.262,0.556,0.292,Low Takeoff Signal,0.272,0.571,0.145,SR,Structural Risk,Advanced Economy,structural,0.27,0.4257,0.4086,0.6924,0.8488,0.6873,0.9068,0.7362,0.5458,0.8053,0.6726,0.5903,0.0069,0.0842,0.5797,0.9132,0.832,0.7148,0.4689,0.1455,0.7998,0.7034,clean,N/A,HIGH,external_debt_pct_gni,True
OMN,OMN,2015,5.848,5.235,0.613,0.613,0.644,0.125,0.59,0.608,0.442,0.484,0.35,Low Takeoff Signal,0.225,0.606,0.308,FO,Fragile Opportunity,High-Growth Emerging Market,structural,0.6983,0.4345,0.2608,0.9063,0.773,0.6545,0.874,0.0992,0.5259,0.8304,0.6692,0.579,0.0468,0.3937,0.5812,0.9112,0.7854,0.6381,0.0369,0.3077,0.6864,0.7615,clean,N/A,HIGH,external_debt_pct_gni,True
OMN,OMN,2016,5.683,5.07,0.613,0.613,0.652,0.089,0.617,0.542,0.471,0.413,0.292,Low Takeoff Signal,0.233,0.538,0.186,RO,Robust Opportunity,Diversified Emerging Market,structural,0.7359,0.4255,0.4377,0.9047,0.7733,0.591,0.79,0.0564,0.4008,0.8115,0.6701,0.5616,0.0485,0.3451,0.607,0.9101,0.7937,0.437,0.6005,0.186,0.0927,0.8097,clean,N/A,HIGH,external_debt_pct_gni,True
OMN,OMN,2017,4.584,3.971,0.613,0.613,0.43,0.116,0.538,0.526,0.367,0.38,0.319,Low Takeoff Signal,0.309,0.469,0.21,SL,Stable / Low Opportunity,Advanced Economy,structural,0.2,0.3834,0.4596,0.8976,0.7672,0.5617,0.6916,0.0591,0.4088,0.823,0.6556,0.5633,0.04,0.1007,0.6954,0.9099,0.7954,0.4388,0.6495,0.21,0.0347,0.5543,clean,N/A,HIGH,external_debt_pct_gni,True
OMN,OMN,2018,5.189,4.576,0.613,0.613,0.472,0.127,0.567,0.551,0.355,0.442,0.425,Moderate Potential,0.411,0.521,0.348,SR,Structural Risk,High-Growth Emerging Market,structural,0.2483,0.4504,0.4979,0.8185,0.7904,0.5356,0.646,0.3404,0.4496,0.8161,0.659,0.5637,0.0279,0.2382,0.7726,0.9102,0.7429,0.4454,0.9122,0.3477,0.0412,0.6279,clean,N/A,HIGH,external_debt_pct_gni,True
OMN,OMN,2019,4.893,4.28,0.613,0.613,0.386,0.132,0.478,0.54,0.353,0.38,0.471,Moderate Potential,0.45,0.465,0.504,SR,Structural Risk,Advanced Economy,structural,0.1569,0.4449,0.4324,0.6194,0.7714,0.5396,0.5722,0.356,0.3634,0.809,0.6862,0.6311,0.02,0.2414,0.7369,0.9099,0.7302,0.0678,0.9423,0.5044,0.0483,0.513,clean,N/A,HIGH,external_debt_pct_gni,True
OMN,OMN,2020,6.019,5.406,0.613,0.613,0.58,0.112,0.428,0.468,0.408,0.433,0.492,Reform Story,0.45,0.431,0.639,RO,Robust Opportunity,Knowledge / Service Economy,structural,0.5125,0.424,0.511,0.7253,0.6735,0.5551,0.5226,0.0246,0.4127,0.7968,0.6851,0.5603,0.024,0.6731,0.6633,0.9076,0.7361,0.0634,0.6791,0.6391,0.0355,0.7753,clean,N/A,HIGH,external_debt_pct_gni,True
OMN,OMN,2021,5.488,4.875,0.613,0.613,0.433,0.133,0.607,0.514,0.335,0.592,0.565,Pre-Breakout Signal,0.45,0.597,0.691,SR,Structural Risk,High-Growth Emerging Market,structural,0.2538,0.6846,0.5468,0.7132,0.6698,0.5875,0.5625,0.2864,0.3675,0.7764,0.6762,0.5694,0.0276,0.3708,0.7672,0.9069,0.7098,0.7182,0.8237,0.6914,0.0493,0.7956,clean,N/A,HIGH,external_debt_pct_gni,True
OMN,OMN,2022,6.245,5.632,0.613,0.613,0.523,0.193,0.625,0.651,0.305,0.73,0.641,Pre-Breakout Signal,0.45,0.701,0.874,SR,Structural Risk,High-Growth Emerging Market,structural,0.7428,0.485,0.5674,0.6534,0.6283,0.7085,0.7348,0.7111,0.6011,0.7909,0.732,0.5727,0.0279,0.4978,0.5526,0.9077,0.734,0.9664,0.6493,0.8742,0.8209,0.878,clean,N/A,HIGH,external_debt_pct_gni,True
OMN,OMN,2023,4.35,4.412,-0.062,0.613,0.418,0.231,0.526,0.661,0.207,0.75,0.46,Moderate Potential,0.2,0.625,0.848,SR,Structural Risk,Advanced Economy,recovery_bounce,0.3705,0.4956,0.8106,0.6827,0.638,0.6042,0.7672,0.6711,0.5085,0.8201,0.7295,0.6635,0.0278,0.087,0.569,0.9056,0.7331,0.9625,0.9725,0.8483,0.9656,0.8455,archetype_mismatch,MEDIUM,HIGH,external_debt_pct_gni,True
OMN,OMN,2024,5.109,4.496,0.613,0.613,0.433,0.212,0.539,0.684,0.236,0.615,0.461,Moderate Potential,0.2,0.589,0.918,SR,Structural Risk,Advanced Economy,structural,0.3529,0.6317,0.6709,0.5932,0.6772,0.5954,0.7809,0.6719,0.4659,0.8583,0.765,0.7659,0.0278,0.1321,0.5737,0.9052,0.8054,0.2333,0.9741,0.9182,0.9726,0.5933,archetype_mismatch,MEDIUM,HIGH,external_debt_pct_gni,True
PAK,Pakistan,2010,4.017,3.201,0.816,0.816,0.146,0.114,0.223,0.268,0.31,,0.393,Low Takeoff Signal,0.45,0.278,0.5,SL,Stable / Low Opportunity,Diversified Emerging Market,structural,0.1624,0.4145,0.3624,0.1266,0.0427,0.0747,0.3232,0.4516,0.732,0.0144,0.2414,0.1256,0.741,0.0962,0.904,0.2027,0.2217,,,,,,clean,N/A,HIGH,,False
PAK,Pakistan,2011,4.252,3.436,0.816,0.816,0.18,0.107,0.249,0.283,0.378,,0.406,Moderate Potential,0.45,0.307,0.5,SL,Stable / Low Opportunity,Diversified Emerging Market,structural,0.4119,0.426,0.3343,0.1085,0.0434,0.2434,0.339,0.5099,0.762,0.0103,0.1447,0.1213,0.7523,0.3468,0.8956,0.2056,0.2082,,,,,,clean,N/A,HIGH,,False
PAK,Pakistan,2012,2.987,2.171,0.816,0.816,0.164,0.092,0.239,0.29,0.389,0.399,0.218,Low Takeoff Signal,0.45,0.368,0.051,SL,Stable / Low Opportunity,Diversified Emerging Market,structural,0.4626,0.3169,0.3826,0.1194,0.0417,0.1587,0.3357,0.4851,0.8042,0.0119,0.1656,0.1252,0.7353,0.4393,0.7935,0.2035,0.1964,0.8808,0.2367,0.0505,0.5691,0.3868,clean,N/A,HIGH,,True
PAK,Pakistan,2013,4.165,3.349,0.816,0.816,0.258,0.114,0.312,0.341,0.417,0.552,0.405,Moderate Potential,0.45,0.521,0.266,SL,Stable / Low Opportunity,Diversified Emerging Market,structural,0.5848,0.5059,0.33,0.1189,0.0444,0.3916,0.3612,0.5136,0.8286,0.0129,0.1809,0.1483,0.742,0.5825,0.8253,0.2014,0.2012,0.93,0.4214,0.2663,0.5707,0.9728,clean,N/A,HIGH,,True
PAK,Pakistan,2014,4.079,3.263,0.816,0.816,0.243,0.135,0.281,0.328,0.427,0.641,0.403,Moderate Potential,0.274,0.518,0.471,SR,Structural Risk,Diversified Emerging Market,structural,0.584,0.3988,0.3926,0.1066,0.0462,0.2608,0.377,0.5227,0.8303,0.0151,0.196,0.1923,0.7398,0.5912,0.8578,0.1954,0.2178,0.8947,0.579,0.4714,0.6531,0.8795,clean,N/A,HIGH,,True
PAK,Pakistan,2015,5.166,4.35,0.816,0.816,0.301,0.159,0.286,0.377,0.435,0.735,0.618,Pre-Breakout Signal,0.436,0.606,0.952,SR,Structural Risk,Diversified Emerging Market,structural,0.6245,0.4101,0.3479,0.1453,0.0527,0.5779,0.4269,0.6168,0.8347,0.0142,0.2104,0.196,0.7205,0.6339,0.8125,0.192,0.2287,0.8558,0.6751,0.9521,0.7745,0.9553,clean,N/A,HIGH,,True
PAK,Pakistan,2016,5.501,4.685,0.816,0.816,0.366,0.147,0.343,0.367,0.475,0.737,0.614,Pre-Breakout Signal,0.415,0.644,0.917,SR,Structural Risk,Diversified Emerging Market,structural,0.8521,0.4579,0.3184,0.1507,0.0516,0.5628,0.4314,0.5996,0.8175,0.0181,0.2089,0.1943,0.7626,0.8614,0.8446,0.2018,0.2364,0.8748,0.6861,0.9173,0.8123,0.9574,clean,N/A,HIGH,,True
PAK,Pakistan,2017,5.219,4.403,0.816,0.816,0.305,0.141,0.316,0.354,0.452,0.691,0.626,Pre-Breakout Signal,0.509,0.553,0.922,SR,Structural Risk,Diversified Emerging Market,structural,0.5933,0.4132,0.4149,0.1359,0.05,0.5418,0.441,0.4133,0.7922,0.0224,0.2216,0.2055,0.7631,0.583,0.8144,0.2122,0.2309,0.6068,0.6025,0.9216,0.7433,0.8355,clean,N/A,HIGH,,True
PAK,Pakistan,2018,5.448,4.632,0.816,0.816,0.354,0.119,0.381,0.34,0.471,0.648,0.617,Pre-Breakout Signal,0.493,0.548,0.921,SL,Stable / Low Opportunity,Diversified Emerging Market,structural,0.8291,0.5209,0.4406,0.1513,0.0531,0.5354,0.3973,0.3146,0.7946,0.0303,0.2302,0.2002,0.7306,0.8023,0.7722,0.2242,0.2404,0.7441,0.6211,0.9208,0.4668,0.6583,clean,N/A,HIGH,,True
PAK,Pakistan,2019,4.292,3.476,0.816,0.816,0.226,0.084,0.316,0.323,0.406,0.38,0.488,Reform Story,0.35,0.39,0.934,SL,Stable / Low Opportunity,Diversified Emerging Market,structural,0.4646,0.4989,0.4157,0.1174,0.056,0.5351,0.2863,0.3905,0.7501,0.0337,0.2411,0.1913,0.7223,0.4132,0.7198,0.1925,0.2551,0.3815,0.601,0.9339,0.0975,0.0498,clean,N/A,HIGH,,True
PAK,Pakistan,2020,4.429,3.613,0.816,0.816,0.274,0.105,0.254,0.339,0.349,0.38,0.453,Reform Story,0.35,0.325,0.905,SL,Stable / Low Opportunity,Diversified Emerging Market,structural,0.6389,0.5643,0.483,0.1359,0.0529,0.537,0.4005,0.5032,0.7401,0.0662,0.2367,0.1866,0.7424,0.6064,0.7428,0.2035,0.2378,0.1248,0.6872,0.9049,0.0722,0.0608,clean,N/A,HIGH,,True
PAK,Pakistan,2021,4.648,3.832,0.816,0.816,0.306,0.092,0.372,0.359,0.459,0.481,0.467,Reform Story,0.35,0.448,0.685,SL,Stable / Low Opportunity,Diversified Emerging Market,structural,0.5747,0.3469,0.4238,0.1139,0.0578,0.5439,0.4379,0.5111,0.7346,0.0632,0.2385,0.201,0.7519,0.4857,0.7148,0.2105,0.25,0.7009,0.5523,0.6852,0.4469,0.0212,clean,N/A,HIGH,,True
PAK,Pakistan,2022,4.26,3.444,0.816,0.816,0.272,0.082,0.355,0.333,0.436,0.415,0.41,Moderate Potential,0.35,0.391,0.523,SL,Stable / Low Opportunity,Diversified Emerging Market,structural,0.5475,0.4126,0.4865,0.1359,0.0583,0.4232,0.3661,0.3814,0.7432,0.0475,0.2193,0.1923,0.7526,0.5135,0.7238,0.2109,0.2203,0.3499,0.3773,0.5234,0.7377,0.0864,clean,N/A,HIGH,,True
PAK,Pakistan,2023,3.158,2.342,0.816,0.816,0.177,0.105,0.258,0.343,0.352,0.38,0.246,Low Takeoff Signal,0.45,0.294,0.099,SL,Stable / Low Opportunity,Diversified Emerging Market,structural,0.2298,0.484,0.4271,0.0977,0.0685,0.4127,0.358,0.5089,0.7007,0.0341,0.1945,0.1664,0.7524,0.2232,0.7132,0.2088,0.2002,0.2025,0.3965,0.0986,0.6051,0.0174,clean,N/A,HIGH,,True
PAK,Pakistan,2024,3.205,2.389,0.816,0.816,0.232,0.098,0.302,0.363,0.411,0.38,0.177,Low Takeoff Signal,0.45,0.29,0.033,SL,Stable / Low Opportunity,Diversified Emerging Market,structural,0.491,0.3538,0.4301,0.0851,0.0897,0.5042,0.4341,0.5412,0.7228,0.0301,0.1939,0.1703,0.7526,0.4686,0.7123,0.2091,0.2039,0.161,0.3911,0.0334,0.4617,0.0145,clean,N/A,HIGH,,True
PAN,PAN,2010,8.011,7.425,0.586,0.586,0.856,0.045,0.576,0.496,0.664,,0.501,Moderate Potential,0.45,0.557,0.5,RO,Robust Opportunity,High-Growth Emerging Market,structural,0.6232,0.3796,0.5669,0.9457,0.4201,0.5735,0.5728,0.2603,0.6657,0.5571,0.532,0.4109,0.7975,0.5843,0.6367,0.6072,0.7288,,,,,,market_depth_limited,MEDIUM,HIGH,external_debt_pct_gni,False
PAN,PAN,2011,8.578,7.992,0.586,0.586,0.943,0.015,0.7,0.489,0.756,,0.528,Moderate Potential,0.45,0.65,0.5,RO,Robust Opportunity,High-Growth Emerging Market,structural,0.9224,0.5931,0.6604,0.924,0.4065,0.5357,0.608,0.2522,0.5679,0.6019,0.574,0.4017,0.8077,0.9137,0.7065,0.6332,0.7475,,,,,,market_depth_limited,MEDIUM,HIGH,external_debt_pct_gni,False
PAN,PAN,2012,7.427,6.841,0.586,0.586,0.938,0.007,0.637,0.481,0.734,0.493,0.354,Low Takeoff Signal,0.45,0.584,0.15,RO,Robust Opportunity,High-Growth Emerging Market,structural,0.7643,0.4994,0.5268,0.9685,0.3858,0.5661,0.6426,0.3395,0.5062,0.591,0.4572,0.3685,0.7966,0.7456,0.7469,0.6259,0.7222,0.8728,0.434,0.1498,0.9038,0.3807,market_depth_limited,MEDIUM,HIGH,external_debt_pct_gni,True
PAN,PAN,2013,6.773,6.187,0.586,0.586,0.889,0.033,0.588,0.498,0.695,0.471,0.245,Low Takeoff Signal,0.45,0.508,0.052,FO,Fragile Opportunity,High-Growth Emerging Market,structural,0.7312,0.3789,0.6251,0.9739,0.4345,0.538,0.6649,0.3155,0.6144,0.5854,0.4638,0.3808,0.7981,0.728,0.7409,0.6131,0.7055,0.7047,0.4873,0.0518,0.8868,0.3613,market_depth_limited,MEDIUM,HIGH,external_debt_pct_gni,True
PAN,PAN,2014,7.3,6.714,0.586,0.586,0.838,0.066,0.565,0.51,0.66,0.597,0.469,Moderate Potential,0.442,0.568,0.404,RO,Robust Opportunity,High-Growth Emerging Market,structural,0.641,0.3531,0.6056,0.9823,0.4175,0.6891,0.6721,0.1407,0.4189,0.7084,0.5227,0.4124,0.7978,0.6227,0.6942,0.6087,0.7033,0.4838,0.5971,0.4035,0.8553,0.8118,market_depth_limited,MEDIUM,HIGH,external_debt_pct_gni,True
PAN,PAN,2015,7.256,6.67,0.586,0.586,0.843,0.053,0.597,0.548,0.673,0.493,0.45,Moderate Potential,0.4,0.543,0.414,RO,Robust Opportunity,High-Growth Emerging Market,structural,0.7196,0.4499,0.6097,0.9686,0.4195,0.6471,0.7171,0.243,0.5899,0.7917,0.5043,0.3947,0.7619,0.6988,0.6889,0.5927,0.7043,0.0212,0.5288,0.4137,0.838,0.9553,market_depth_limited,MEDIUM,HIGH,external_debt_pct_gni,True
PAN,PAN,2016,7.574,6.988,0.586,0.586,0.83,0.073,0.587,0.55,0.653,0.605,0.558,Pre-Breakout Signal,0.394,0.56,0.834,RO,Robust Opportunity,High-Growth Emerging Market,structural,0.6897,0.3992,0.7486,0.9558,0.4999,0.5828,0.7531,0.2948,0.6837,0.7978,0.5166,0.3545,0.7973,0.6576,0.6682,0.5642,0.6961,0.0919,0.6831,0.8335,0.8691,0.9219,market_depth_limited,MEDIUM,HIGH,external_debt_pct_gni,True
PAN,PAN,2017,7.357,6.771,0.586,0.586,0.813,0.065,0.605,0.54,0.649,0.592,0.522,Moderate Potential,0.403,0.617,0.583,RO,Robust Opportunity,High-Growth Emerging Market,structural,0.7186,0.4362,0.5043,0.9807,0.4084,0.5693,0.7535,0.293,0.6217,0.7967,0.5063,0.3338,0.7991,0.6803,0.5705,0.5575,0.6621,0.5493,0.326,0.5826,0.833,0.8827,market_depth_limited,MEDIUM,HIGH,external_debt_pct_gni,True
PAN,PAN,2018,6.387,5.801,0.586,0.586,0.746,0.055,0.575,0.506,0.612,0.432,0.354,Low Takeoff Signal,0.389,0.504,0.21,RO,Robust Opportunity,High-Growth Emerging Market,structural,0.5856,0.4751,0.5007,0.9737,0.4023,0.5356,0.7369,0.2066,0.5964,0.7589,0.4662,0.3404,0.7684,0.5291,0.5765,0.5247,0.6599,0.5228,0.0169,0.2104,0.7579,0.66,market_depth_limited,MEDIUM,HIGH,external_debt_pct_gni,True
PAN,PAN,2019,5.566,4.98,0.586,0.586,0.67,0.082,0.543,0.533,0.566,0.38,0.239,Low Takeoff Signal,0.35,0.413,0.081,FO,Fragile Opportunity,High-Growth Emerging Market,structural,0.5288,0.4409,0.4802,0.9505,0.3985,0.5399,0.7045,0.3497,0.7332,0.7708,0.4534,0.333,0.761,0.4908,0.4566,0.4875,0.6593,0.1409,0.0514,0.0806,0.4895,0.5884,clean,N/A,HIGH,external_debt_pct_gni,True
PAN,PAN,2020,3.179,2.593,0.586,0.586,0.237,0.166,0.285,0.486,0.132,0.38,0.226,Low Takeoff Signal,0.35,0.299,0.098,SR,Structural Risk,Diversified Emerging Market,structural,0.0287,0.3953,0.4294,0.5408,0.3925,0.5564,0.5832,0.6321,0.4922,0.7519,0.4685,0.326,0.7714,0.0252,0.1191,0.4897,0.6565,0.0514,0.0171,0.0977,0.1088,0.9722,clean,N/A,HIGH,external_debt_pct_gni,True
PAN,PAN,2021,6.493,5.907,0.586,0.586,0.696,0.037,0.674,0.491,0.58,0.413,0.458,Moderate Potential,0.35,0.56,0.495,RO,Robust Opportunity,High-Growth Emerging Market,structural,0.978,0.8251,0.4511,0.8424,0.3922,0.5944,0.6323,0.4936,0.4022,0.7639,0.4778,0.3325,0.6757,0.9678,0.3409,0.4883,0.6223,0.7182,0.0356,0.4951,0.0646,0.7904,market_depth_limited,MEDIUM,HIGH,external_debt_pct_gni,True
PAN,PAN,2022,7.218,6.632,0.586,0.586,0.776,0.066,0.674,0.56,0.568,0.521,0.539,Moderate Potential,0.35,0.621,0.759,RO,Robust Opportunity,High-Growth Emerging Market,structural,0.8685,0.8179,0.5258,0.9195,0.3868,0.7012,0.6304,0.541,0.7543,0.7871,0.4959,0.3206,0.6766,0.8744,0.3847,0.4109,0.5555,0.9664,0.1118,0.759,0.2446,0.8493,market_depth_limited,MEDIUM,HIGH,external_debt_pct_gni,True
PAN,PAN,2023,7.155,6.569,0.586,0.586,0.823,0.077,0.604,0.51,0.59,0.622,0.452,Moderate Potential,0.2,0.632,0.788,RO,Robust Opportunity,High-Growth Emerging Market,structural,0.833,0.5324,0.5139,0.965,0.3975,0.596,0.6415,0.3423,0.5675,0.7614,0.492,0.3209,0.6764,0.8244,0.4492,0.5085,0.5452,0.9806,0.432,0.7885,0.5592,0.6174,market_depth_limited,MEDIUM,HIGH,external_debt_pct_gni,True
PAN,PAN,2024,6.06,5.474,0.586,0.586,0.645,0.116,0.523,0.532,0.492,0.588,0.414,Moderate Potential,0.2,0.577,0.657,RO,Robust Opportunity,Diversified Emerging Market,structural,0.4608,0.431,0.4986,0.9186,0.385,0.6018,0.5825,0.5193,0.6251,0.7485,0.4785,0.3356,0.6765,0.4636,0.345,0.4749,0.4973,0.598,0.9741,0.6566,0.3535,0.5794,clean,N/A,HIGH,external_debt_pct_gni,True
PER,Peru,2010,7.783,6.997,0.786,0.786,0.774,0.081,0.57,0.531,0.556,,0.505,Moderate Potential,0.45,0.572,0.5,RO,Robust Opportunity,High-Growth Emerging Market,structural,0.8268,0.3386,0.4913,0.4541,0.7793,0.8128,0.7338,0.4418,0.7581,0.2553,0.3662,0.4459,0.4145,0.8861,0.8135,0.282,0.6522,,,,,,clean,N/A,HIGH,,False
PER,Peru,2011,7.48,6.694,0.786,0.786,0.718,0.087,0.553,0.52,0.53,,0.504,Moderate Potential,0.45,0.569,0.5,RO,Robust Opportunity,High-Growth Emerging Market,structural,0.682,0.4511,0.4404,0.4528,0.7838,0.6057,0.7541,0.464,0.7656,0.3171,0.3862,0.4455,0.4274,0.7265,0.8074,0.2772,0.6707,,,,,,clean,N/A,HIGH,,False
PER,Peru,2012,7.108,6.322,0.786,0.786,0.762,0.082,0.559,0.516,0.546,0.503,0.474,Moderate Potential,0.45,0.544,0.43,RO,Robust Opportunity,High-Growth Emerging Market,structural,0.6167,0.4492,0.5124,0.4686,0.7574,0.6996,0.7835,0.4654,0.6999,0.3109,0.3637,0.4104,0.478,0.6425,0.8082,0.2938,0.6343,0.3564,0.6094,0.4298,0.9191,0.3716,clean,N/A,HIGH,,True
PER,Peru,2013,6.931,6.145,0.786,0.786,0.745,0.067,0.559,0.503,0.562,0.419,0.451,Moderate Potential,0.45,0.507,0.394,RO,Robust Opportunity,High-Growth Emerging Market,structural,0.6989,0.4141,0.4937,0.5292,0.7878,0.5985,0.7967,0.4131,0.7259,0.3184,0.3516,0.3942,0.5372,0.7566,0.8055,0.2958,0.6296,0.2059,0.5576,0.3939,0.917,0.188,clean,N/A,HIGH,,True
PER,Peru,2014,5.396,4.61,0.786,0.786,0.561,0.091,0.476,0.503,0.523,0.38,0.3,Low Takeoff Signal,0.239,0.419,0.266,SL,Stable / Low Opportunity,High-Growth Emerging Market,structural,0.3823,0.3866,0.4258,0.4911,0.7591,0.5556,0.8084,0.4001,0.7136,0.4068,0.3418,0.335,0.5899,0.4437,0.7924,0.2837,0.6516,0.021,0.2395,0.2658,0.907,0.1682,clean,N/A,HIGH,,True
PER,Peru,2015,5.798,5.012,0.786,0.786,0.625,0.074,0.52,0.497,0.554,0.38,0.316,Low Takeoff Signal,0.17,0.466,0.415,RO,Robust Opportunity,High-Growth Emerging Market,structural,0.5273,0.4876,0.4462,0.4743,0.7544,0.547,0.8087,0.4314,0.7087,0.4488,0.38,0.3265,0.6015,0.566,0.8085,0.2858,0.6622,0.1026,0.3659,0.4152,0.832,0.1904,clean,N/A,HIGH,,True
PER,Peru,2016,6.345,5.559,0.786,0.786,0.671,0.085,0.54,0.532,0.552,0.445,0.399,Low Takeoff Signal,0.189,0.502,0.729,RO,Robust Opportunity,High-Growth Emerging Market,structural,0.6235,0.5581,0.4682,0.3712,0.7716,0.5624,0.8283,0.5697,0.7092,0.5358,0.4256,0.3514,0.5825,0.635,0.7791,0.2757,0.657,0.3222,0.1735,0.7288,0.7469,0.2552,clean,N/A,HIGH,,True
PER,Peru,2017,6.334,5.548,0.786,0.786,0.58,0.122,0.491,0.538,0.504,0.592,0.533,Moderate Potential,0.298,0.574,0.962,FO,Fragile Opportunity,High-Growth Emerging Market,structural,0.3917,0.4722,0.4588,0.3006,0.7601,0.5636,0.8202,0.5798,0.7466,0.5137,0.4097,0.3205,0.5352,0.3781,0.772,0.2654,0.6322,0.3619,0.5454,0.9615,0.6385,0.6644,clean,N/A,HIGH,,True
PER,Peru,2018,6.333,5.547,0.786,0.786,0.622,0.121,0.495,0.528,0.523,0.631,0.468,Moderate Potential,0.319,0.583,0.568,FO,Fragile Opportunity,High-Growth Emerging Market,structural,0.5924,0.4558,0.4624,0.313,0.7444,0.5355,0.8152,0.5459,0.7633,0.5249,0.3736,0.3251,0.5414,0.516,0.7597,0.258,0.6533,0.6311,0.6263,0.5678,0.5814,0.851,clean,N/A,HIGH,,True
PER,Peru,2019,5.751,4.965,0.786,0.786,0.547,0.113,0.453,0.546,0.517,0.442,0.42,Moderate Potential,0.35,0.479,0.447,SL,Stable / Low Opportunity,Diversified Emerging Market,structural,0.4376,0.4373,0.4305,0.3011,0.7407,0.5387,0.8122,0.5681,0.7916,0.5634,0.3759,0.3541,0.6707,0.3835,0.7806,0.259,0.67,0.4123,0.0983,0.4468,0.5043,0.87,clean,N/A,HIGH,,True
PER,Peru,2020,4.212,3.426,0.786,0.786,0.348,0.16,0.322,0.523,0.25,0.38,0.291,Low Takeoff Signal,0.45,0.305,0.165,SR,Structural Risk,Diversified Emerging Market,structural,0.1397,0.4124,0.4776,0.2486,0.7476,0.5496,0.7948,0.6457,0.753,0.4684,0.383,0.3342,0.5726,0.1338,0.6893,0.2569,0.6375,0.0514,0.0662,0.1648,0.5512,0.4399,clean,N/A,HIGH,,True
PER,Peru,2021,5.829,5.043,0.786,0.786,0.578,0.064,0.632,0.497,0.497,0.4,0.395,Low Takeoff Signal,0.45,0.528,0.242,RO,Robust Opportunity,High-Growth Emerging Market,structural,0.9373,0.5441,0.4568,0.4203,0.765,0.5672,0.778,0.4477,0.6991,0.4613,0.3511,0.338,0.3123,0.9232,0.7547,0.2947,0.5661,0.7385,0.4754,0.2418,0.3941,0.1503,clean,N/A,HIGH,,True
PER,Peru,2022,5.151,4.365,0.786,0.786,0.467,0.098,0.519,0.468,0.437,0.49,0.373,Low Takeoff Signal,0.2,0.493,0.559,SL,Stable / Low Opportunity,High-Growth Emerging Market,structural,0.415,0.3511,0.5441,0.3984,0.7808,0.6148,0.7952,0.4018,0.6996,0.3033,0.3759,0.2908,0.3136,0.4338,0.7727,0.293,0.5702,0.4314,0.642,0.5589,0.4102,0.4084,clean,N/A,HIGH,,True
PER,Peru,2023,4.969,4.183,0.786,0.786,0.424,0.135,0.45,0.502,0.38,0.521,0.387,Low Takeoff Signal,0.2,0.495,0.627,SR,Structural Risk,High-Growth Emerging Market,structural,0.2306,0.5297,0.4663,0.27,0.8593,0.5874,0.8007,0.5891,0.7203,0.2747,0.3821,0.2836,0.3134,0.2529,0.7308,0.3033,0.5935,0.2285,0.5129,0.6271,0.5172,0.7213,clean,N/A,HIGH,,True
PER,Peru,2024,5.502,4.716,0.786,0.786,0.524,0.11,0.51,0.518,0.433,0.455,0.385,Low Takeoff Signal,0.2,0.492,0.622,SL,Stable / Low Opportunity,High-Growth Emerging Market,structural,0.5166,0.532,0.4669,0.2887,0.8321,0.5856,0.801,0.6726,0.7343,0.3295,0.3737,0.2738,0.3133,0.5368,0.7065,0.3122,0.5705,0.2325,0.4174,0.622,0.3901,0.6128,clean,N/A,HIGH,,True
PHL,Philippines,2010,7.475,6.613,0.862,0.862,0.711,0.06,0.49,0.434,0.624,,0.493,Moderate Potential,0.45,0.532,0.5,RO,Robust Opportunity,High-Growth Emerging Market,structural,0.7493,0.629,0.3492,0.2834,0.4991,0.6971,0.4421,0.5912,0.7907,0.0702,0.3005,0.2367,0.7459,0.6942,0.7451,0.5046,0.4964,,,,,,clean,N/A,HIGH,secondary_school_enrolment,False
PHL,Philippines,2011,6.431,5.569,0.862,0.862,0.537,0.096,0.401,0.453,0.564,,0.463,Moderate Potential,0.45,0.446,0.5,SL,Stable / Low Opportunity,High-Growth Emerging Market,structural,0.5014,0.3937,0.3416,0.2926,0.5727,0.6276,0.4777,0.5611,0.8023,0.1108,0.352,0.3114,0.7464,0.454,0.7499,0.5088,0.5242,,,,,,clean,N/A,HIGH,secondary_school_enrolment,False
PHL,Philippines,2012,7.786,6.924,0.862,0.862,0.771,0.094,0.475,0.472,0.647,0.664,0.629,Pre-Breakout Signal,0.45,0.616,0.95,RO,Robust Opportunity,High-Growth Emerging Market,structural,0.6519,0.4614,0.3985,0.2448,0.6486,0.6855,0.4947,0.5813,0.8294,0.16,0.3636,0.2993,0.7635,0.6234,0.7524,0.5351,0.5812,0.7029,0.6714,0.9502,0.7537,0.4451,clean,N/A,HIGH,secondary_school_enrolment,True
PHL,Philippines,2013,7.905,7.043,0.862,0.862,0.789,0.084,0.5,0.484,0.646,0.63,0.634,Pre-Breakout Signal,0.45,0.637,0.938,RO,Robust Opportunity,High-Growth Emerging Market,structural,0.7584,0.4378,0.3591,0.2952,0.7218,0.5391,0.5465,0.6438,0.8236,0.1871,0.3877,0.3523,0.7711,0.7472,0.7585,0.5482,0.5398,0.7064,0.8274,0.9382,0.8482,0.192,clean,N/A,HIGH,secondary_school_enrolment,True
PHL,Philippines,2014,7.728,6.866,0.862,0.862,0.767,0.1,0.491,0.52,0.646,0.654,0.618,Pre-Breakout Signal,0.408,0.646,0.951,RO,Robust Opportunity,High-Growth Emerging Market,structural,0.801,0.5397,0.4213,0.3021,0.5025,0.6361,0.6071,0.7031,0.8329,0.2463,0.4242,0.3345,0.7568,0.8004,0.7482,0.5331,0.5615,0.716,0.9314,0.9513,0.9188,0.3065,clean,N/A,HIGH,,True
PHL,Philippines,2015,7.483,6.621,0.862,0.862,0.763,0.108,0.494,0.511,0.666,0.739,0.555,Pre-Breakout Signal,0.35,0.674,0.757,RO,Robust Opportunity,High-Growth Emerging Market,structural,0.8006,0.5429,0.385,0.3351,0.5016,0.636,0.6597,0.7629,0.834,0.2034,0.3894,0.3271,0.7388,0.8023,0.7722,0.553,0.5599,0.7598,0.907,0.7575,0.9036,0.6967,clean,N/A,HIGH,,True
PHL,Philippines,2016,7.254,6.392,0.862,0.862,0.793,0.06,0.544,0.474,0.688,0.603,0.447,Moderate Potential,0.356,0.622,0.395,RO,Robust Opportunity,High-Growth Emerging Market,structural,0.8834,0.5334,0.4139,0.4964,0.5027,0.5745,0.7174,0.66,0.837,0.0937,0.3682,0.3119,0.7757,0.8892,0.794,0.556,0.571,0.5746,0.8581,0.3953,0.9118,0.546,clean,N/A,HIGH,,True
PHL,Philippines,2017,6.763,5.901,0.862,0.862,0.792,0.042,0.576,0.465,0.692,0.562,0.312,Low Takeoff Signal,0.366,0.614,0.117,RO,Robust Opportunity,High-Growth Emerging Market,structural,0.8092,0.5533,0.4526,0.5667,0.4747,0.5538,0.7112,0.5906,0.841,0.1221,0.319,0.3041,0.7686,0.8093,0.7949,0.5751,0.5724,0.5956,0.9577,0.1173,0.8781,0.5955,clean,N/A,HIGH,,True
PHL,Philippines,2018,6.496,5.634,0.862,0.862,0.777,0.028,0.564,0.457,0.677,0.438,0.261,Low Takeoff Signal,0.384,0.533,0.072,RO,Robust Opportunity,High-Growth Emerging Market,structural,0.8435,0.5383,0.4648,0.6238,0.4447,0.5354,0.7225,0.466,0.8479,0.1594,0.3009,0.3059,0.7408,0.8506,0.803,0.5932,0.5176,0.5347,0.8945,0.0723,0.8366,0.0804,clean,N/A,HIGH,,True
PHL,Philippines,2019,6.219,5.357,0.862,0.862,0.763,0.036,0.538,0.47,0.681,0.413,0.204,Low Takeoff Signal,0.35,0.495,0.039,FO,Fragile Opportunity,Diversified Emerging Market,structural,0.8015,0.4483,0.4327,0.5951,0.5369,0.5385,0.7314,0.5583,0.8498,0.1748,0.2995,0.3074,0.7431,0.814,0.7981,0.5861,0.5449,0.4199,0.6271,0.0386,0.7217,0.2603,clean,N/A,HIGH,,True
PHL,Philippines,2020,4.08,3.218,0.862,0.862,0.359,0.14,0.287,0.472,0.333,0.38,0.216,Low Takeoff Signal,0.35,0.319,0.079,SR,Structural Risk,Diversified Emerging Market,structural,0.1872,0.4111,0.5014,0.2188,0.5737,0.5472,0.671,0.7614,0.8316,0.2001,0.3009,0.3181,0.7604,0.1827,0.8286,0.5614,0.5425,0.0514,0.5516,0.0786,0.6368,0.3599,clean,N/A,HIGH,,True
PHL,Philippines,2021,6.385,5.523,0.862,0.862,0.583,0.036,0.505,0.434,0.657,0.38,0.521,Moderate Potential,0.875,0.46,0.33,RO,Robust Opportunity,High-Growth Emerging Market,structural,0.5052,0.389,0.4553,0.3584,0.5404,0.5912,0.6084,0.4757,0.8131,0.1649,0.291,0.3127,0.7347,0.5053,0.7833,0.5598,0.5341,0.1124,0.5293,0.3302,0.1611,0.8141,clean,N/A,HIGH,,True
PHL,Philippines,2022,6.789,5.927,0.862,0.862,0.743,0.012,0.589,0.429,0.677,0.428,0.393,Low Takeoff Signal,0.2,0.517,0.626,RO,Robust Opportunity,High-Growth Emerging Market,structural,0.7212,0.5382,0.5136,0.5193,0.6332,0.6206,0.5812,0.387,0.8034,0.2125,0.3169,0.315,0.7354,0.7555,0.7944,0.5409,0.5397,0.3497,0.3827,0.626,0.03,0.8777,clean,N/A,HIGH,,True
PHL,Philippines,2023,6.986,6.124,0.862,0.862,0.771,0.047,0.522,0.455,0.664,0.489,0.406,Moderate Potential,0.2,0.51,0.71,RO,Robust Opportunity,High-Growth Emerging Market,structural,0.73,0.4423,0.4825,0.4999,0.6319,0.5828,0.5901,0.4183,0.8076,0.2805,0.3319,0.3201,0.7353,0.7588,0.7846,0.5397,0.5637,0.5406,0.4341,0.7103,0.0506,0.7082,clean,N/A,HIGH,,True
PHL,Philippines,2024,7.051,6.189,0.862,0.862,0.757,0.055,0.512,0.447,0.666,0.54,0.444,Moderate Potential,0.2,0.568,0.844,RO,Robust Opportunity,High-Growth Emerging Market,structural,0.7365,0.4759,0.4598,0.5257,0.5248,0.5786,0.5777,0.3692,0.7936,0.2798,0.3458,0.3268,0.7354,0.7714,0.7852,0.5438,0.5689,0.9702,0.3845,0.8442,0.222,0.5933,clean,N/A,HIGH,,True
PNG,PNG,2010,4.654,4.213,0.441,0.441,0.271,0.124,0.469,0.394,0.251,,0.486,Moderate Potential,0.45,0.513,0.5,SR,Structural Risk,Diversified Emerging Market,structural,0.9172,0.8043,0.3424,0.1988,0.1082,0.5768,0.8098,0.2679,0.5274,0.2009,0.2807,0.1798,0.0496,0.8409,0.8728,0.0911,0.3153,,,,,,clean,N/A,MEDIUM,export_growth; gross_capital_formation; secondary_school_enrolment,False
PNG,PNG,2011,4.034,3.593,0.441,0.441,0.178,0.133,0.368,0.358,0.197,,0.453,Moderate Potential,0.45,0.419,0.5,SR,Structural Risk,Diversified Emerging Market,structural,0.3019,0.6393,0.3248,0.4997,0.1224,0.6222,0.8152,0.305,0.0811,0.2333,0.2957,0.1767,0.1035,0.2098,0.8542,0.0895,0.327,,,,,,clean,N/A,MEDIUM,export_growth; gross_capital_formation; secondary_school_enrolment,False
PNG,PNG,2012,3.809,3.368,0.441,0.441,0.238,0.086,0.426,0.322,0.308,0.399,0.439,Moderate Potential,0.45,0.447,0.418,SL,Stable / Low Opportunity,High-Growth Emerging Market,structural,0.5443,0.4838,0.3789,0.7031,0.062,0.4804,0.7966,0.1658,0.1331,0.245,0.2708,0.1806,0.2777,0.4738,0.8512,0.0876,0.3013,0.3201,0.3967,0.4184,0.5791,0.2792,clean,N/A,MEDIUM,export_growth; gross_capital_formation,True
PNG,PNG,2013,3.687,3.246,0.441,0.441,0.265,0.073,0.467,0.317,0.329,0.38,0.365,Low Takeoff Signal,0.45,0.452,0.224,SL,Stable / Low Opportunity,Diversified Emerging Market,structural,0.54,0.6832,0.3163,0.6835,0.0615,0.5961,0.7541,0.0814,0.0213,0.2859,0.2563,0.1792,0.3748,0.4371,0.8509,0.0859,0.3201,0.3215,0.506,0.2237,0.3347,0.2653,clean,N/A,MEDIUM,export_growth; gross_capital_formation,True
PNG,PNG,2014,4.331,3.89,0.441,0.441,0.397,0.088,0.495,0.405,0.388,0.433,0.346,Low Takeoff Signal,0.173,0.503,0.503,SL,Stable / Low Opportunity,Diversified Emerging Market,structural,0.9918,0.5648,0.3797,0.5061,0.0598,0.3443,0.7531,0.9072,0.0916,0.296,0.3297,0.2008,0.2332,0.9875,0.8532,0.0862,0.4124,0.803,0.5579,0.5028,0.1926,0.1623,clean,N/A,MEDIUM,export_growth; gross_capital_formation,True
PNG,PNG,2015,3.986,3.545,0.441,0.441,0.344,0.1,0.461,0.402,0.354,0.44,0.33,Low Takeoff Signal,0.149,0.513,0.497,SL,Stable / Low Opportunity,Diversified Emerging Market,structural,0.8153,0.4835,0.3361,0.7245,0.0605,0.4979,0.7583,0.9529,0.0775,0.2852,0.3141,0.1981,0.2063,0.7362,0.8571,0.0862,0.3399,0.9137,0.6586,0.4973,0.1583,0.1365,clean,N/A,MEDIUM,export_growth; gross_capital_formation,True
PNG,PNG,2016,3.924,3.483,0.441,0.441,0.32,0.111,0.452,0.408,0.324,0.46,0.348,Low Takeoff Signal,0.127,0.523,0.706,SL,Stable / Low Opportunity,Diversified Emerging Market,structural,0.7748,0.5101,0.2697,0.6978,0.0553,0.523,0.752,0.9754,0.1544,0.2758,0.3097,0.1911,0.1115,0.6726,0.8616,0.086,0.3099,0.586,0.5666,0.7058,0.2019,0.2409,clean,N/A,MEDIUM,export_growth; gross_capital_formation,True
PNG,PNG,2017,3.828,3.387,0.441,0.441,0.281,0.127,0.437,0.433,0.283,0.465,0.381,Low Takeoff Signal,0.215,0.481,0.564,SR,Structural Risk,Diversified Emerging Market,structural,0.4985,0.4787,0.3913,0.7751,0.0555,0.542,0.763,0.9875,0.2968,0.2343,0.3078,0.1889,0.1152,0.3849,0.8596,0.0859,0.2811,0.4423,0.2831,0.5636,0.5118,0.5255,clean,N/A,MEDIUM,export_growth; gross_capital_formation,True
PNG,PNG,2018,2.978,2.537,0.441,0.441,0.206,0.131,0.381,0.429,0.231,0.395,0.257,Low Takeoff Signal,0.248,0.42,0.152,SR,Structural Risk,Diversified Emerging Market,structural,0.1221,0.5678,0.4486,0.551,0.082,0.5354,0.7269,0.9717,0.2844,0.2437,0.29,0.207,0.1456,0.0689,0.8531,0.0854,0.3126,0.0302,0.6415,0.1518,0.4009,0.9185,clean,N/A,MEDIUM,export_growth; gross_capital_formation,True
PNG,PNG,2019,3.461,3.02,0.441,0.441,0.284,0.11,0.443,0.423,0.311,0.404,0.273,Low Takeoff Signal,0.35,0.474,0.108,SL,Stable / Low Opportunity,Diversified Emerging Market,structural,0.6682,0.4554,0.4227,0.6765,0.0875,0.5382,0.72,0.9641,0.284,0.2425,0.2749,0.1871,0.1673,0.5661,0.8528,0.0845,0.2964,0.0934,0.8184,0.1078,0.3167,0.9686,clean,N/A,MEDIUM,export_growth; gross_capital_formation,True
PNG,PNG,2020,4.029,3.588,0.441,0.441,0.316,0.152,0.313,0.446,0.232,0.482,0.384,Low Takeoff Signal,0.45,0.41,0.295,SR,Structural Risk,Diversified Emerging Market,structural,0.5256,0.4895,0.4798,0.662,0.0752,0.5436,0.6955,0.98,0.4053,0.2596,0.2906,0.3145,0.1367,0.4688,0.8709,0.0861,0.2783,0.4203,0.8051,0.295,0.3193,0.6275,clean,N/A,MEDIUM,export_growth; gross_capital_formation,True
PNG,PNG,2021,3.426,2.985,0.441,0.441,0.164,0.153,0.269,0.44,0.149,0.402,0.444,Moderate Potential,0.45,0.366,0.546,SR,Structural Risk,Diversified Emerging Market,structural,0.103,0.1469,0.4142,0.263,0.081,0.5725,0.6486,0.9401,0.3553,0.2781,0.3001,0.282,0.0372,0.087,0.8652,0.0846,0.2179,0.0874,0.553,0.5463,0.0752,0.784,clean,N/A,MEDIUM,export_growth; gross_capital_formation,True
PNG,PNG,2022,3.746,3.305,0.441,0.441,0.231,0.173,0.42,0.489,0.18,0.557,0.433,Moderate Potential,0.2,0.508,0.887,SR,Structural Risk,Diversified Emerging Market,structural,0.6089,0.2307,0.5333,0.4315,0.0807,0.684,0.6753,0.9294,0.4541,0.2913,0.3515,0.3109,0.0375,0.5677,0.8573,0.0848,0.2261,0.5806,0.4866,0.8872,0.216,0.8987,clean,N/A,MEDIUM,export_growth; gross_capital_formation,True
PNG,PNG,2023,3.69,3.249,0.441,0.441,0.216,0.169,0.421,0.503,0.167,0.48,0.44,Moderate Potential,0.2,0.505,0.938,SR,Structural Risk,Diversified Emerging Market,structural,0.5891,0.4657,0.4094,0.6128,0.1209,0.5833,0.6195,0.8801,0.5553,0.3556,0.3686,0.3074,0.0375,0.5404,0.854,0.0825,0.2352,0.313,0.4355,0.9378,0.1514,0.8535,clean,N/A,MEDIUM,export_growth; gross_capital_formation,True
PNG,PNG,2024,3.776,3.335,0.441,0.441,0.224,0.184,0.394,0.511,0.169,0.571,0.452,Moderate Potential,0.2,0.565,0.9,SR,Structural Risk,Diversified Emerging Market,structural,0.5662,0.5962,0.4005,0.3957,0.1122,0.5953,0.6136,0.9648,0.668,0.3297,0.3468,0.2477,0.0374,0.5152,0.8558,0.0825,0.2688,0.9671,0.3815,0.8998,0.2227,0.9398,clean,N/A,MEDIUM,export_growth; gross_capital_formation,True
POL,POL,2010,7.612,6.636,0.976,0.976,0.727,0.136,0.465,0.644,0.574,,0.476,Moderate Potential,0.45,0.482,0.5,FO,Fragile Opportunity,Advanced Economy,structural,0.2976,0.4967,0.4412,0.3028,0.8218,0.7401,0.3602,0.373,0.5638,0.9204,0.8253,0.8072,0.675,0.4936,0.3007,0.736,0.8559,,,,,,clean,N/A,HIGH,external_debt_pct_gni,False
POL,POL,2011,7.93,6.954,0.976,0.976,0.771,0.105,0.523,0.596,0.586,,0.497,Moderate Potential,0.45,0.547,0.5,RO,Robust Opportunity,Advanced Economy,structural,0.6068,0.4722,0.415,0.3633,0.8158,0.6121,0.3558,0.3954,0.2087,0.9215,0.8725,0.8336,0.6643,0.7049,0.2543,0.7355,0.8382,,,,,,clean,N/A,HIGH,external_debt_pct_gni,False
POL,POL,2012,7.298,6.322,0.976,0.976,0.684,0.15,0.447,0.657,0.533,0.491,0.591,Pre-Breakout Signal,0.45,0.516,0.95,FO,Fragile Opportunity,Advanced Economy,structural,0.3883,0.4562,0.4039,0.2931,0.8032,0.7143,0.3824,0.4376,0.5379,0.9186,0.8739,0.8501,0.6979,0.4604,0.2504,0.74,0.8402,0.6461,0.0434,0.9502,0.6186,0.3984,clean,N/A,HIGH,external_debt_pct_gni,True
POL,POL,2013,6.94,5.964,0.976,0.976,0.625,0.141,0.441,0.627,0.519,0.452,0.58,Pre-Breakout Signal,0.45,0.513,0.902,FO,Fragile Opportunity,Advanced Economy,structural,0.29,0.467,0.3209,0.2363,0.8736,0.732,0.3886,0.4864,0.227,0.9048,0.8691,0.8517,0.7029,0.4096,0.2379,0.7466,0.853,0.2088,0.032,0.9016,0.5854,0.6835,clean,N/A,HIGH,external_debt_pct_gni,True
POL,POL,2014,8.044,7.068,0.976,0.976,0.833,0.146,0.517,0.685,0.615,0.695,0.575,Pre-Breakout Signal,0.371,0.64,0.846,FO,Fragile Opportunity,Advanced Economy,structural,0.5613,0.4751,0.4668,0.2978,0.8555,0.785,0.4715,0.4494,0.5668,0.91,0.8751,0.8476,0.6962,0.7468,0.3147,0.7513,0.8543,0.6893,0.5369,0.8463,0.7724,0.9125,clean,N/A,HIGH,external_debt_pct_gni,True
POL,POL,2015,7.671,6.695,0.976,0.976,0.838,0.126,0.529,0.679,0.665,0.65,0.463,Moderate Potential,0.363,0.639,0.424,FO,Fragile Opportunity,Advanced Economy,structural,0.645,0.5104,0.4287,0.3119,0.8433,0.6654,0.5252,0.5976,0.5433,0.9203,0.8615,0.8579,0.7178,0.7825,0.3974,0.7519,0.8326,0.6483,0.6763,0.424,0.8887,0.9463,clean,N/A,HIGH,external_debt_pct_gni,True
POL,POL,2016,7.213,6.237,0.976,0.976,0.806,0.111,0.514,0.64,0.67,0.596,0.384,Low Takeoff Signal,0.38,0.593,0.234,RO,Robust Opportunity,Advanced Economy,structural,0.5164,0.531,0.4839,0.2872,0.839,0.5904,0.528,0.6256,0.5336,0.8297,0.8412,0.8595,0.713,0.6892,0.4906,0.7577,0.826,0.7895,0.9251,0.2338,0.8811,0.4951,clean,N/A,HIGH,external_debt_pct_gni,True
POL,POL,2017,6.806,5.83,0.976,0.976,0.821,0.09,0.541,0.64,0.715,0.519,0.249,Low Takeoff Signal,0.413,0.574,0.052,FO,Fragile Opportunity,Advanced Economy,structural,0.6649,0.4749,0.4408,0.2633,0.8426,0.5589,0.5787,0.5586,0.5533,0.8379,0.8084,0.852,0.6791,0.7798,0.5725,0.7612,0.7996,0.9134,0.6934,0.0519,0.8626,0.3504,clean,N/A,HIGH,external_debt_pct_gni,True
POL,POL,2018,7.21,6.234,0.976,0.976,0.871,0.074,0.572,0.626,0.754,0.45,0.286,Low Takeoff Signal,0.5,0.533,0.072,RO,Robust Opportunity,Advanced Economy,structural,0.8364,0.4888,0.4696,0.3194,0.851,0.5356,0.607,0.4997,0.4965,0.8414,0.7895,0.8379,0.6766,0.9192,0.6597,0.7632,0.8171,0.8623,0.5428,0.0723,0.7793,0.1333,clean,N/A,HIGH,external_debt_pct_gni,True
POL,POL,2019,6.626,5.65,0.976,0.976,0.842,0.096,0.531,0.645,0.763,0.402,0.167,Low Takeoff Signal,0.2,0.492,0.039,FO,Fragile Opportunity,Advanced Economy,stable,0.6775,0.4612,0.4418,0.2953,0.8457,0.5378,0.651,0.5846,0.5527,0.8521,0.779,0.8186,0.7475,0.7978,0.7127,0.7669,0.8318,0.5739,0.595,0.0386,0.8418,0.0504,clean,N/A,HIGH,external_debt_pct_gni,True
POL,POL,2020,6.775,5.799,0.976,0.976,0.859,0.119,0.431,0.61,0.645,0.475,0.183,Low Takeoff Signal,0.2,0.462,0.056,FO,Fragile Opportunity,Knowledge / Service Economy,structural,0.5944,0.5419,0.5232,0.2762,0.8688,0.5488,0.628,0.7247,0.3901,0.8225,0.7593,0.8217,0.7714,0.7295,0.7402,0.7613,0.8061,0.8079,0.6925,0.0564,0.8426,0.1254,clean,N/A,HIGH,external_debt_pct_gni,True
POL,POL,2021,6.572,5.596,0.976,0.976,0.823,0.062,0.613,0.625,0.777,0.451,0.181,Low Takeoff Signal,0.2,0.567,0.042,FO,Fragile Opportunity,Advanced Economy,structural,0.6097,0.495,0.4868,0.3933,0.8531,0.5515,0.6448,0.4864,0.5336,0.8296,0.7445,0.8121,0.7644,0.7752,0.6925,0.7756,0.7945,0.6756,0.9622,0.0422,0.849,0.0385,clean,N/A,HIGH,external_debt_pct_gni,True
POL,POL,2022,6.486,5.51,0.976,0.976,0.814,0.081,0.58,0.634,0.77,0.384,0.171,Low Takeoff Signal,0.2,0.493,0.041,FO,Fragile Opportunity,Advanced Economy,stable,0.5793,0.4341,0.564,0.3829,0.8298,0.494,0.6695,0.4743,0.5522,0.8209,0.7327,0.8096,0.765,0.6965,0.69,0.7888,0.8053,0.3482,0.9807,0.0412,0.8068,0.0307,clean,N/A,HIGH,external_debt_pct_gni,True
POL,POL,2023,6.216,5.24,0.976,0.976,0.744,0.128,0.449,0.655,0.676,0.406,0.201,Low Takeoff Signal,0.2,0.417,0.086,FO,Fragile Opportunity,Advanced Economy,stable,0.2764,0.5259,0.5735,0.2056,0.8344,0.5679,0.6591,0.6398,0.4475,0.8063,0.7338,0.8353,0.7649,0.4207,0.6559,0.799,0.815,0.2019,0.8434,0.0859,0.5929,0.3983,clean,N/A,HIGH,external_debt_pct_gni,True
POL,POL,2024,7.416,6.44,0.976,0.976,0.819,0.11,0.482,0.654,0.739,0.419,0.421,Moderate Potential,0.25,0.461,0.699,RO,Robust Opportunity,Advanced Economy,stable,0.4889,0.4405,0.4645,0.2171,0.8284,0.5649,0.5968,0.5717,0.464,0.8248,0.8033,0.8442,0.765,0.654,0.6754,0.814,0.8049,0.165,0.3355,0.6987,0.303,0.5915,clean,N/A,HIGH,external_debt_pct_gni,True
PRT,PRT,2010,6.987,6.228,0.759,0.759,0.655,0.118,0.446,0.567,0.556,,0.469,Moderate Potential,0.45,0.464,0.5,RO,Robust Opportunity,Advanced Economy,structural,0.178,0.4372,0.4365,0.3191,0.8815,0.7885,0.0413,0.2598,0.355,0.8621,0.8795,0.8347,0.7979,0.287,0.3252,0.8278,0.8615,,,,,,clean,N/A,HIGH,external_debt_pct_gni,False
PRT,PRT,2011,5.902,5.143,0.759,0.759,0.462,0.142,0.414,0.547,0.417,,0.458,Moderate Potential,0.45,0.433,0.5,SR,Structural Risk,Advanced Economy,structural,0.154,0.4641,0.4337,0.2143,0.883,0.6587,0.0221,0.3747,0.1937,0.876,0.8777,0.8414,0.8082,0.222,0.1514,0.8363,0.8123,,,,,,clean,N/A,HIGH,external_debt_pct_gni,False
PRT,PRT,2012,4.758,3.999,0.759,0.759,0.366,0.15,0.409,0.564,0.344,0.38,0.423,Moderate Potential,0.45,0.389,0.434,SR,Structural Risk,Advanced Economy,stable,0.1719,0.449,0.5097,0.1321,0.8845,0.7324,0.0128,0.4931,0.1396,0.8826,0.8774,0.8467,0.7966,0.2336,0.0683,0.8309,0.8008,0.0263,0.9669,0.4345,0.0391,0.3845,clean,N/A,HIGH,external_debt_pct_gni,True
PRT,PRT,2013,5.704,4.945,0.759,0.759,0.484,0.151,0.445,0.583,0.396,0.491,0.509,Moderate Potential,0.45,0.472,0.642,SR,Structural Risk,Advanced Economy,structural,0.189,0.4879,0.5609,0.1128,0.9166,0.7601,0.0164,0.5804,0.1779,0.872,0.8846,0.8348,0.7986,0.3115,0.0684,0.8311,0.8099,0.3941,0.9599,0.642,0.0286,0.639,clean,N/A,HIGH,external_debt_pct_gni,True
PRT,PRT,2014,6.444,5.685,0.759,0.759,0.565,0.152,0.448,0.587,0.461,0.6,0.592,Pre-Breakout Signal,0.508,0.539,0.791,SR,Structural Risk,Advanced Economy,structural,0.2219,0.4635,0.5049,0.1159,0.8891,0.7521,0.0142,0.5824,0.2039,0.8912,0.8998,0.8259,0.7986,0.4334,0.0989,0.8437,0.7796,0.7137,0.8608,0.7912,0.0367,0.766,clean,N/A,HIGH,external_debt_pct_gni,True
PRT,PRT,2015,6.726,5.967,0.759,0.759,0.594,0.137,0.448,0.584,0.517,0.563,0.627,Pre-Breakout Signal,0.471,0.584,0.952,FO,Fragile Opportunity,Diversified Emerging Market,structural,0.3593,0.5069,0.3501,0.1484,0.8942,0.6472,0.0209,0.6853,0.2285,0.911,0.9131,0.832,0.7612,0.5575,0.1292,0.8507,0.8422,0.9137,0.2475,0.9521,0.3446,0.7226,clean,N/A,HIGH,external_debt_pct_gni,True
PRT,PRT,2016,7.107,6.348,0.759,0.759,0.648,0.119,0.465,0.581,0.57,0.536,0.652,Pre-Breakout Signal,0.548,0.557,0.957,RO,Robust Opportunity,Advanced Economy,structural,0.3958,0.4896,0.4692,0.1531,0.8857,0.5894,0.0252,0.7408,0.339,0.9111,0.9102,0.8227,0.7962,0.6065,0.1886,0.8534,0.8335,0.9346,0.0293,0.9566,0.8457,0.3995,clean,N/A,HIGH,external_debt_pct_gni,True
PRT,PRT,2017,7.566,6.807,0.759,0.759,0.732,0.094,0.515,0.561,0.641,0.579,0.653,Pre-Breakout Signal,0.508,0.604,0.962,RO,Robust Opportunity,Advanced Economy,structural,0.475,0.4683,0.483,0.1688,0.8968,0.562,0.0367,0.7074,0.0923,0.925,0.9202,0.8497,0.7968,0.6439,0.2671,0.8576,0.8534,0.9484,0.4572,0.9615,0.8781,0.1862,clean,N/A,HIGH,external_debt_pct_gni,True
PRT,PRT,2018,7.78,7.021,0.759,0.759,0.782,0.11,0.495,0.584,0.673,0.663,0.639,Pre-Breakout Signal,0.574,0.622,0.746,RO,Robust Opportunity,Advanced Economy,structural,0.4523,0.4648,0.4708,0.1974,0.9029,0.5356,0.0476,0.6491,0.3888,0.9292,0.9157,0.844,0.7639,0.6549,0.3569,0.8598,0.8603,0.9403,0.6241,0.7455,0.933,0.4466,clean,N/A,HIGH,external_debt_pct_gni,True
PRT,PRT,2019,7.413,6.654,0.759,0.759,0.795,0.098,0.499,0.566,0.686,0.642,0.517,Moderate Potential,0.45,0.619,0.491,RO,Robust Opportunity,Advanced Economy,structural,0.4909,0.4548,0.4563,0.2146,0.9108,0.5396,0.0673,0.6351,0.2421,0.9153,0.9106,0.8386,0.7645,0.6281,0.4129,0.859,0.8716,0.6998,0.9423,0.4913,0.9479,0.518,clean,N/A,HIGH,external_debt_pct_gni,True
PRT,PRT,2020,5.828,5.069,0.759,0.759,0.602,0.172,0.37,0.578,0.384,0.586,0.366,Low Takeoff Signal,0.2,0.487,0.533,FO,Fragile Opportunity,Knowledge / Service Economy,structural,0.2417,0.3926,0.5003,0.3025,0.9077,0.5539,0.08,0.5516,0.4598,0.9145,0.9217,0.8348,0.7868,0.2849,0.3661,0.859,0.8382,0.3303,0.5686,0.5329,0.843,0.7478,clean,N/A,HIGH,external_debt_pct_gni,True
PRT,PRT,2021,6.799,6.04,0.759,0.759,0.755,0.077,0.596,0.577,0.657,0.606,0.406,Moderate Potential,0.2,0.626,0.558,RO,Robust Opportunity,Advanced Economy,structural,0.4915,0.4883,0.4627,0.3479,0.9094,0.5933,0.1033,0.5184,0.3583,0.9124,0.9201,0.8454,0.786,0.5166,0.3076,0.8581,0.8168,0.6655,0.3042,0.558,0.8797,0.8025,clean,N/A,HIGH,external_debt_pct_gni,True
PRT,PRT,2022,7.454,6.695,0.759,0.759,0.87,0.042,0.639,0.561,0.723,0.583,0.415,Moderate Potential,0.2,0.604,0.631,RO,Robust Opportunity,Advanced Economy,structural,0.6877,0.7072,0.5514,0.3493,0.9155,0.5954,0.115,0.4849,0.2104,0.9013,0.9166,0.8402,0.7866,0.7272,0.3848,0.8606,0.8381,0.6834,0.4264,0.6307,0.8298,0.4248,clean,N/A,HIGH,external_debt_pct_gni,True
PRT,PRT,2023,7.389,6.63,0.759,0.759,0.841,0.11,0.538,0.614,0.639,0.629,0.442,Moderate Potential,0.25,0.589,0.614,RO,Robust Opportunity,Advanced Economy,structural,0.5241,0.5466,0.5571,0.3351,0.9155,0.5962,0.1924,0.5827,0.4034,0.8785,0.91,0.8429,0.7865,0.5179,0.3174,0.8603,0.83,0.6854,0.4722,0.6143,0.9658,0.6253,clean,N/A,HIGH,external_debt_pct_gni,True
PRT,PRT,2024,6.514,5.755,0.759,0.759,0.78,0.113,0.52,0.619,0.604,0.546,0.289,Low Takeoff Signal,0.25,0.557,0.159,RO,Robust Opportunity,Advanced Economy,structural,0.4008,0.4706,0.5113,0.3366,0.9159,0.577,0.2027,0.6708,0.3735,0.8354,0.9078,0.8511,0.7866,0.4209,0.2771,0.8634,0.8205,0.553,0.7941,0.159,0.9726,0.52,clean,N/A,HIGH,external_debt_pct_gni,True
PRY,PRY,2010,7.35,6.847,0.503,0.503,0.741,0.043,0.573,0.396,0.58,,0.513,Moderate Potential,0.45,0.597,0.5,RO,Robust Opportunity,High-Growth Emerging Market,structural,0.9458,0.6818,0.4087,0.4582,0.4402,0.3436,0.8439,0.4739,0.2505,0.3506,0.278,0.2648,0.7469,0.9584,0.7213,0.4528,0.2874,,,,,,clean,N/A,HIGH,,False
PRY,PRY,2011,6.116,5.613,0.503,0.503,0.54,0.097,0.435,0.457,0.52,,0.472,Moderate Potential,0.45,0.471,0.5,SL,Stable / Low Opportunity,High-Growth Emerging Market,structural,0.5341,0.4038,0.3707,0.4758,0.4723,0.5995,0.854,0.4927,0.4031,0.3625,0.2779,0.2714,0.7758,0.5381,0.6991,0.4581,0.322,,,,,,clean,N/A,HIGH,,False
PRY,PRY,2012,4.304,3.801,0.503,0.503,0.365,0.111,0.361,0.448,0.441,0.422,0.369,Low Takeoff Signal,0.45,0.434,0.242,SL,Stable / Low Opportunity,Diversified Emerging Market,structural,0.2889,0.3744,0.4237,0.3124,0.5629,0.6087,0.8482,0.486,0.4027,0.3614,0.258,0.2549,0.7598,0.2939,0.7354,0.443,0.3251,0.0263,0.4329,0.2418,0.6573,0.9611,clean,N/A,HIGH,,True
PRY,PRY,2013,6.523,6.02,0.503,0.503,0.737,0.069,0.521,0.463,0.592,0.519,0.427,Moderate Potential,0.45,0.58,0.282,RO,Robust Opportunity,High-Growth Emerging Market,structural,0.8406,0.5483,0.3523,0.3555,0.5341,0.5369,0.8431,0.5627,0.5652,0.3541,0.27,0.1946,0.7559,0.8581,0.7506,0.5042,0.3339,0.5714,0.2826,0.2825,0.7112,0.9307,clean,N/A,HIGH,,True
PRY,PRY,2014,6.032,5.529,0.503,0.503,0.643,0.11,0.451,0.5,0.58,0.608,0.433,Moderate Potential,0.281,0.548,0.543,RO,Robust Opportunity,High-Growth Emerging Market,structural,0.7106,0.382,0.435,0.3857,0.5217,0.4943,0.8441,0.5374,0.5921,0.5958,0.3243,0.2002,0.7507,0.7263,0.7059,0.5161,0.3961,0.6465,0.5817,0.543,0.6815,0.5884,clean,N/A,HIGH,,True
PRY,PRY,2015,5.74,5.237,0.503,0.503,0.572,0.115,0.431,0.507,0.55,0.58,0.458,Moderate Potential,0.225,0.545,0.857,SL,Stable / Low Opportunity,High-Growth Emerging Market,structural,0.4968,0.4774,0.3963,0.359,0.5137,0.5786,0.8458,0.6521,0.5521,0.6383,0.3396,0.2045,0.701,0.5001,0.7102,0.4865,0.4319,0.6556,0.6687,0.8569,0.4798,0.3468,clean,N/A,HIGH,,True
PRY,PRY,2016,6.141,5.638,0.503,0.503,0.625,0.113,0.453,0.534,0.573,0.567,0.491,Moderate Potential,0.243,0.56,0.957,RO,Robust Opportunity,High-Growth Emerging Market,structural,0.658,0.5331,0.3955,0.2759,0.4884,0.5546,0.8595,0.85,0.5963,0.6613,0.3608,0.2439,0.7195,0.6561,0.6914,0.4776,0.4411,0.5927,0.6037,0.9566,0.5161,0.3706,clean,N/A,HIGH,,True
PRY,PRY,2017,5.975,5.472,0.503,0.503,0.605,0.106,0.464,0.53,0.576,0.542,0.473,Moderate Potential,0.225,0.543,0.962,RO,Robust Opportunity,High-Growth Emerging Market,structural,0.6315,0.4691,0.4339,0.2952,0.4894,0.5433,0.8542,0.7918,0.6443,0.6062,0.3588,0.2375,0.7399,0.6203,0.5894,0.5143,0.4358,0.2056,0.5936,0.9615,0.5977,0.5645,clean,N/A,HIGH,,True
PRY,PRY,2018,5.593,5.09,0.503,0.503,0.535,0.111,0.422,0.513,0.547,0.517,0.472,Moderate Potential,0.247,0.503,0.934,SL,Stable / Low Opportunity,High-Growth Emerging Market,structural,0.4878,0.4196,0.4437,0.3868,0.4839,0.5355,0.8394,0.5966,0.6513,0.5903,0.3766,0.2274,0.7211,0.47,0.5615,0.4976,0.4635,0.478,0.2034,0.9338,0.5187,0.634,clean,N/A,HIGH,,True
PRY,PRY,2019,4.786,4.283,0.503,0.503,0.367,0.127,0.357,0.509,0.455,0.405,0.5,Reform Story,0.35,0.421,0.927,SR,Structural Risk,Diversified Emerging Market,structural,0.2022,0.4196,0.4219,0.342,0.481,0.5382,0.8199,0.5698,0.6232,0.6222,0.3874,0.2184,0.7193,0.1846,0.5243,0.5078,0.4442,0.1363,0.2547,0.9274,0.3515,0.5343,clean,N/A,HIGH,,True
PRY,PRY,2020,6.061,5.558,0.503,0.503,0.566,0.127,0.356,0.498,0.451,0.449,0.557,Pre-Breakout Signal,0.45,0.441,0.935,SR,Structural Risk,Diversified Emerging Market,structural,0.6644,0.4725,0.4851,0.3322,0.5374,0.5493,0.7819,0.6974,0.5575,0.6149,0.4089,0.2234,0.7127,0.6593,0.5449,0.4468,0.4553,0.1377,0.3861,0.9354,0.2214,0.9083,clean,N/A,HIGH,,True
PRY,PRY,2021,5.555,5.052,0.503,0.503,0.509,0.087,0.485,0.476,0.546,0.502,0.501,Moderate Potential,0.45,0.514,0.552,SL,Stable / Low Opportunity,High-Growth Emerging Market,structural,0.3601,0.2597,0.4347,0.5132,0.523,0.5643,0.7685,0.4959,0.5554,0.5949,0.3482,0.2012,0.7547,0.3467,0.5495,0.4559,0.4417,0.5727,0.5369,0.552,0.101,0.7743,clean,N/A,HIGH,,True
PRY,PRY,2022,4.863,4.36,0.503,0.503,0.423,0.085,0.445,0.434,0.489,0.431,0.438,Moderate Potential,0.45,0.435,0.426,SL,Stable / Low Opportunity,High-Growth Emerging Market,structural,0.2578,0.2207,0.5094,0.6706,0.4764,0.6197,0.7445,0.2925,0.49,0.5825,0.3538,0.1901,0.7553,0.2588,0.5511,0.4924,0.4441,0.3403,0.7479,0.4262,0.0452,0.5954,clean,N/A,HIGH,,True
PRY,PRY,2023,6.043,5.54,0.503,0.503,0.712,0.068,0.525,0.475,0.588,0.491,0.333,Low Takeoff Signal,0.45,0.545,0.132,RO,Robust Opportunity,High-Growth Emerging Market,structural,0.6904,0.9892,0.5034,0.3175,0.4466,0.5845,0.7383,0.5288,0.4522,0.6094,0.3403,0.1744,0.7552,0.6903,0.5841,0.5057,0.4436,0.9493,0.9179,0.1316,0.0736,0.7622,clean,N/A,HIGH,,True
PRY,PRY,2024,4.874,4.371,0.503,0.503,0.569,0.069,0.45,0.436,0.579,0.434,0.221,Low Takeoff Signal,0.2,0.467,0.104,SL,Stable / Low Opportunity,Diversified Emerging Market,structural,0.61,0.3469,0.4696,0.4758,0.4248,0.5719,0.6981,0.362,0.3882,0.6052,0.3419,0.1807,0.7553,0.6147,0.5785,0.5006,0.4657,0.6241,0.9116,0.1043,0.1006,0.5933,clean,N/A,HIGH,,True
QAT,QAT,2010,7.614,6.863,0.751,0.751,0.819,0.163,0.68,0.761,0.443,,0.539,Moderate Potential,0.45,0.688,0.5,FO,Fragile Opportunity,Advanced Economy,structural,0.9989,0.3775,0.4366,0.8298,0.8012,0.8962,0.6725,0.8891,0.1773,0.9301,0.841,0.9384,0.025,0.9996,0.9039,0.9286,0.8415,,,,,,clean,N/A,MEDIUM,export_growth; external_debt_pct_gni,True
QAT,QAT,2011,7.37,6.619,0.751,0.751,0.773,0.174,0.654,0.768,0.419,,0.54,Moderate Potential,0.45,0.691,0.5,FO,Fragile Opportunity,Advanced Economy,structural,0.949,0.5322,0.3339,0.6853,0.772,0.7129,0.6356,0.9425,0.4423,0.926,0.8252,0.9102,0.0265,0.9632,0.9007,0.9289,0.8399,,,,,,clean,N/A,MEDIUM,export_growth; external_debt_pct_gni,True
QAT,QAT,2012,5.857,5.106,0.751,0.751,0.561,0.209,0.553,0.765,0.332,0.38,0.438,Moderate Potential,0.45,0.427,0.437,SR,Structural Risk,Advanced Economy,stable,0.5479,0.5048,0.3803,0.5934,0.7824,0.7002,0.6653,0.9503,0.4226,0.9304,0.842,0.9127,0.0211,0.3318,0.8945,0.9287,0.8629,0.0263,0.0434,0.437,0.6011,0.057,clean,N/A,MEDIUM,export_growth; external_debt_pct_gni,True
QAT,QAT,2013,5.856,5.105,0.751,0.751,0.492,0.217,0.551,0.764,0.293,0.38,0.54,Moderate Potential,0.45,0.5,0.734,SR,Structural Risk,Advanced Economy,stable,0.6775,0.4477,0.2975,0.6382,0.7403,0.623,0.6954,0.9691,0.4344,0.9279,0.8564,0.918,0.0204,0.0769,0.8982,0.9291,0.8627,0.0254,0.032,0.7338,0.717,0.1486,clean,N/A,MEDIUM,export_growth; external_debt_pct_gni,True
QAT,QAT,2014,4.565,3.814,0.751,0.751,0.488,0.208,0.583,0.749,0.294,0.38,0.188,Low Takeoff Signal,0.033,0.481,0.486,SR,Structural Risk,Advanced Economy,stable,0.7138,0.4313,0.3883,0.8161,0.7358,0.5824,0.7713,0.9845,0.4324,0.9175,0.8062,0.8666,0.0234,0.0183,0.903,0.9288,0.8113,0.021,0.0888,0.4862,0.8638,0.1216,clean,N/A,MEDIUM,export_growth; external_debt_pct_gni,True
QAT,QAT,2015,5.173,4.422,0.751,0.751,0.628,0.153,0.615,0.68,0.418,0.38,0.147,Low Takeoff Signal,0.027,0.539,0.237,FO,Fragile Opportunity,Advanced Economy,stable,0.6748,0.4691,0.3509,0.9173,0.7731,0.5636,0.7039,0.9206,0.3527,0.9057,0.7838,0.8599,0.0687,0.0959,0.9079,0.9282,0.8205,0.0696,0.6702,0.2374,0.8331,0.0819,clean,N/A,MEDIUM,export_growth; external_debt_pct_gni,True
QAT,QAT,2016,5.227,4.476,0.751,0.751,0.67,0.129,0.587,0.642,0.479,0.423,0.099,Low Takeoff Signal,0.032,0.562,0.049,FO,Fragile Opportunity,Advanced Economy,stable,0.5203,0.453,0.3029,0.9916,0.7158,0.5824,0.6166,0.3945,0.5729,0.8888,0.7952,0.8572,0.0776,0.1313,0.9125,0.9278,0.8135,0.4233,0.6738,0.0485,0.6067,0.3652,clean,N/A,MEDIUM,export_growth; external_debt_pct_gni,True
QAT,QAT,2017,4.36,3.609,0.751,0.751,0.486,0.155,0.534,0.64,0.384,0.38,0.134,Low Takeoff Signal,0.088,0.465,0.052,SR,Structural Risk,Advanced Economy,stable,0.1038,0.4023,0.413,0.985,0.7706,0.5686,0.5657,0.8159,0.4063,0.8901,0.763,0.8325,0.0659,0.0623,0.9125,0.9277,0.7471,0.0275,0.735,0.0519,0.0757,0.8434,clean,N/A,HIGH,external_debt_pct_gni,True
QAT,QAT,2018,4.771,4.02,0.751,0.751,0.538,0.149,0.551,0.641,0.409,0.38,0.171,Low Takeoff Signal,0.139,0.443,0.072,SR,Structural Risk,Advanced Economy,stable,0.2429,0.4124,0.4238,0.9705,0.771,0.5357,0.562,0.9245,0.2953,0.8948,0.7631,0.8313,0.0466,0.2291,0.911,0.9274,0.7922,0.0302,0.3592,0.0723,0.0412,0.9621,clean,N/A,HIGH,external_debt_pct_gni,True
QAT,QAT,2019,5.267,4.516,0.751,0.751,0.529,0.14,0.558,0.615,0.399,0.38,0.323,Low Takeoff Signal,0.25,0.453,0.293,SR,Structural Risk,Advanced Economy,stable,0.287,0.4253,0.3918,0.9853,0.8036,0.5401,0.4624,0.7075,0.3741,0.8967,0.7688,0.8567,0.0337,0.2,0.9109,0.9266,0.8216,0.0678,0.0571,0.2926,0.0483,0.9686,clean,N/A,HIGH,external_debt_pct_gni,True
QAT,QAT,2020,5.708,4.957,0.751,0.751,0.591,0.157,0.538,0.6,0.293,0.386,0.352,Low Takeoff Signal,0.25,0.499,0.348,FO,Fragile Opportunity,Knowledge / Service Economy,structural,0.5015,0.5378,0.4471,0.9895,0.811,0.5598,0.4775,0.4673,0.5429,0.8993,0.7654,0.8533,0.0169,0.2534,0.922,0.9258,0.8481,0.6709,0.1251,0.3485,0.0355,0.9722,clean,N/A,HIGH,external_debt_pct_gni,True
QAT,QAT,2021,5.943,5.192,0.751,0.751,0.566,0.172,0.558,0.695,0.424,0.627,0.454,Moderate Potential,0.25,0.616,0.64,SR,Structural Risk,Advanced Economy,structural,0.1957,0.1964,0.4082,0.9479,0.6893,0.5669,0.5955,0.9598,0.5338,0.9072,0.7744,0.8502,0.0377,0.9449,0.9143,0.9257,0.8408,0.7214,0.4296,0.6398,0.6879,0.6552,clean,N/A,HIGH,external_debt_pct_gni,True
QAT,QAT,2022,6.088,5.337,0.751,0.751,0.552,0.222,0.59,0.765,0.31,0.701,0.515,Moderate Potential,0.25,0.669,0.88,SR,Structural Risk,Advanced Economy,structural,0.5074,0.2111,0.4816,0.7917,0.7739,0.6502,0.7271,0.9896,0.698,0.9063,0.8094,0.8481,0.0381,0.2161,0.9065,0.925,0.8562,0.7216,0.7695,0.8803,0.8553,0.5331,clean,N/A,HIGH,external_debt_pct_gni,True
QAT,QAT,2023,6.58,5.829,0.751,0.751,0.638,0.216,0.54,0.749,0.349,0.708,0.524,Moderate Potential,0.25,0.697,0.889,FO,Fragile Opportunity,Advanced Economy,structural,0.3815,0.3457,0.3959,0.846,0.7483,0.5978,0.7157,0.9728,0.5738,0.9182,0.8024,0.8408,0.0381,0.5081,0.9051,0.9236,0.868,0.662,0.9521,0.8887,0.9658,0.6283,clean,N/A,HIGH,external_debt_pct_gni,True
QAT,QAT,2024,5.943,5.192,0.751,0.751,0.518,0.237,0.554,0.759,0.251,0.693,0.526,Moderate Potential,0.25,0.687,0.918,SR,Structural Risk,Advanced Economy,structural,0.4223,0.3484,0.4189,0.851,0.7373,0.6125,0.7377,0.9796,0.5927,0.9195,0.8069,0.8349,0.038,0.0628,0.9063,0.9233,0.8749,0.6217,0.8575,0.9182,0.9726,0.594,clean,N/A,HIGH,external_debt_pct_gni,True
ROU,ROU,2010,5.758,4.924,0.834,0.834,0.403,0.13,0.478,0.477,0.335,,0.485,Moderate Potential,0.45,0.51,0.5,SR,Structural Risk,Diversified Emerging Market,structural,0.0151,0.5497,0.3852,0.642,0.8424,0.2775,0.6757,0.3735,0.3185,0.6783,0.6343,0.4318,0.7577,0.0318,0.3428,0.7248,0.6986,,,,,,clean,N/A,HIGH,external_debt_pct_gni,False
ROU,ROU,2011,8.05,7.216,0.834,0.834,0.808,0.088,0.561,0.578,0.595,,0.514,Moderate Potential,0.45,0.602,0.5,RO,Robust Opportunity,Diversified Emerging Market,structural,0.5501,0.5132,0.3513,0.6303,0.8169,0.6735,0.6465,0.404,0.5921,0.6721,0.6554,0.4772,0.7606,0.6925,0.2937,0.7446,0.6841,,,,,,clean,N/A,HIGH,external_debt_pct_gni,False
ROU,ROU,2012,7.108,6.274,0.834,0.834,0.717,0.096,0.495,0.515,0.564,0.529,0.529,Moderate Potential,0.45,0.553,0.606,RO,Robust Opportunity,Diversified Emerging Market,structural,0.4072,0.4314,0.407,0.573,0.7693,0.5423,0.6168,0.426,0.4056,0.6382,0.6471,0.4111,0.746,0.5025,0.3455,0.7405,0.6574,0.9051,0.4296,0.6057,0.1445,0.7159,clean,N/A,HIGH,external_debt_pct_gni,True
ROU,ROU,2013,7.536,6.702,0.834,0.834,0.737,0.125,0.511,0.582,0.534,0.595,0.618,Pre-Breakout Signal,0.45,0.623,0.886,FO,Fragile Opportunity,Diversified Emerging Market,structural,0.2627,0.6144,0.386,0.513,0.7198,0.6815,0.6018,0.5094,0.5834,0.6876,0.6837,0.4456,0.7504,0.4015,0.3186,0.7454,0.6935,0.7993,0.5699,0.8864,0.1568,0.9686,clean,N/A,HIGH,external_debt_pct_gni,True
ROU,ROU,2014,7.605,6.771,0.834,0.834,0.775,0.105,0.526,0.567,0.599,0.607,0.579,Pre-Breakout Signal,0.341,0.641,0.951,RO,Robust Opportunity,Diversified Emerging Market,structural,0.5839,0.5047,0.4214,0.521,0.68,0.6967,0.605,0.5561,0.3146,0.6789,0.7333,0.484,0.7568,0.7916,0.2971,0.751,0.704,0.8947,0.6325,0.9513,0.1516,0.9697,clean,N/A,HIGH,external_debt_pct_gni,True
ROU,ROU,2015,7.653,6.819,0.834,0.834,0.771,0.127,0.501,0.605,0.625,0.694,0.598,Pre-Breakout Signal,0.361,0.665,0.952,FO,Fragile Opportunity,Diversified Emerging Market,structural,0.5174,0.4908,0.4024,0.5328,0.6404,0.6754,0.6633,0.631,0.4681,0.7453,0.7345,0.537,0.7304,0.7147,0.3551,0.7847,0.7165,0.648,0.9047,0.9521,0.5717,0.8645,clean,N/A,HIGH,external_debt_pct_gni,True
ROU,ROU,2016,7.904,7.07,0.834,0.834,0.79,0.124,0.516,0.597,0.639,0.735,0.639,Pre-Breakout Signal,0.421,0.689,0.957,FO,Fragile Opportunity,Advanced Economy,structural,0.4961,0.6017,0.4583,0.4495,0.5949,0.6054,0.6954,0.5734,0.5537,0.7522,0.7263,0.5402,0.7746,0.727,0.3739,0.8073,0.7073,0.6745,0.8672,0.9566,0.8318,0.9574,clean,N/A,HIGH,external_debt_pct_gni,True
ROU,ROU,2017,8.095,7.261,0.834,0.834,0.84,0.086,0.563,0.565,0.712,0.715,0.618,Pre-Breakout Signal,0.465,0.685,0.765,RO,Robust Opportunity,Advanced Economy,structural,0.8792,0.4624,0.448,0.4769,0.59,0.5509,0.7211,0.4388,0.4808,0.6795,0.7377,0.5512,0.7716,0.9448,0.4308,0.8094,0.6939,0.9484,0.8417,0.7652,0.8542,0.5756,clean,N/A,HIGH,external_debt_pct_gni,True
ROU,ROU,2018,7.403,6.569,0.834,0.834,0.797,0.079,0.506,0.562,0.71,0.553,0.491,Moderate Potential,0.559,0.566,0.358,RO,Robust Opportunity,Diversified Emerging Market,structural,0.7616,0.4742,0.4665,0.4006,0.5576,0.5355,0.7316,0.3542,0.582,0.6711,0.7076,0.4995,0.7365,0.9088,0.4855,0.8187,0.6891,0.8396,0.8111,0.358,0.8721,0.1574,clean,N/A,HIGH,external_debt_pct_gni,True
ROU,ROU,2019,6.739,5.905,0.834,0.834,0.768,0.084,0.495,0.578,0.687,0.472,0.349,Low Takeoff Signal,0.2,0.503,0.437,RO,Robust Opportunity,Advanced Economy,structural,0.6176,0.4613,0.4396,0.4864,0.5531,0.5375,0.7353,0.3591,0.5011,0.845,0.7257,0.5115,0.7426,0.7907,0.456,0.8275,0.6749,0.5129,0.6123,0.4372,0.7768,0.0498,clean,N/A,HIGH,external_debt_pct_gni,True
ROU,ROU,2020,6.416,5.582,0.834,0.834,0.701,0.134,0.375,0.554,0.529,0.491,0.36,Low Takeoff Signal,0.2,0.436,0.57,FO,Fragile Opportunity,Knowledge / Service Economy,structural,0.499,0.4686,0.4945,0.5614,0.5494,0.5495,0.6908,0.296,0.4457,0.8399,0.759,0.5277,0.7726,0.6048,0.5301,0.8318,0.6703,0.5607,0.4076,0.5698,0.766,0.1659,clean,N/A,HIGH,external_debt_pct_gni,True
ROU,ROU,2021,6.634,5.8,0.834,0.834,0.702,0.066,0.575,0.56,0.661,0.425,0.419,Moderate Potential,0.2,0.512,0.788,RO,Robust Opportunity,High-Growth Emerging Market,structural,0.494,0.5034,0.4695,0.6439,0.5457,0.5545,0.6578,0.2231,0.478,0.8557,0.7619,0.5634,0.7609,0.6345,0.3792,0.8332,0.6659,0.0692,0.5569,0.7882,0.2851,0.466,clean,N/A,HIGH,external_debt_pct_gni,True
ROU,ROU,2022,6.463,5.629,0.834,0.834,0.668,0.072,0.539,0.535,0.63,0.38,0.422,Moderate Potential,0.2,0.458,0.919,RO,Robust Opportunity,High-Growth Emerging Market,structural,0.5076,0.4896,0.5349,0.6408,0.488,0.4975,0.6404,0.2205,0.3337,0.8245,0.7602,0.5923,0.7616,0.6257,0.2665,0.8347,0.7064,0.3479,0.4965,0.9186,0.074,0.1449,clean,N/A,HIGH,external_debt_pct_gni,True
ROU,ROU,2023,6.192,5.358,0.834,0.834,0.651,0.101,0.462,0.557,0.601,0.38,0.372,Low Takeoff Signal,0.2,0.418,0.672,RO,Robust Opportunity,Diversified Emerging Market,structural,0.4461,0.352,0.5005,0.6592,0.4765,0.5652,0.635,0.255,0.4133,0.8041,0.7527,0.5808,0.7614,0.5621,0.2781,0.8325,0.6852,0.2234,0.4522,0.6723,0.1155,0.3988,clean,N/A,HIGH,external_debt_pct_gni,True
ROU,ROU,2024,5.224,4.39,0.834,0.834,0.535,0.103,0.423,0.526,0.553,0.38,0.277,Low Takeoff Signal,0.2,0.379,0.282,SL,Stable / Low Opportunity,Diversified Emerging Market,structural,0.2902,0.3253,0.456,0.6016,0.4651,0.5542,0.5757,0.1862,0.4371,0.7075,0.7391,0.5837,0.7616,0.4148,0.224,0.8326,0.7004,0.1834,0.3899,0.2823,0.1254,0.5432,clean,N/A,HIGH,external_debt_pct_gni,True
RUS,RUS,2010,4.134,5.63,-1.496,1.101,0.54,0.089,0.458,0.432,0.498,,0.476,Moderate Potential,0.45,0.483,0.5,SL,Stable / Low Opportunity,Diversified Emerging Market,structural,0.4416,0.4,0.4105,0.3916,0.6936,0.2167,0.8638,0.6082,0.7898,0.2783,0.2042,0.1534,0.3251,0.6149,0.5105,0.9038,0.3451,,,,,,sanctions_compliance_risk,HIGH,HIGH,secondary_school_enrolment,False
RUS,RUS,2011,6.056,5.955,0.101,1.101,0.592,0.099,0.491,0.484,0.493,,0.489,Moderate Potential,0.45,0.521,0.5,RO,Robust Opportunity,High-Growth Emerging Market,structural,0.5352,0.4034,0.3906,0.4558,0.7498,0.5453,0.8587,0.6116,0.777,0.2207,0.2864,0.1854,0.3151,0.6341,0.5697,0.9007,0.3466,,,,,,sanctions_compliance_risk,HIGH,HIGH,,False
RUS,RUS,2012,5.655,5.554,0.101,1.101,0.622,0.09,0.5,0.456,0.502,0.526,0.471,Moderate Potential,0.45,0.537,0.427,RO,Robust Opportunity,High-Growth Emerging Market,structural,0.5126,0.434,0.4178,0.466,0.7465,0.4256,0.8558,0.5938,0.7844,0.2375,0.1922,0.164,0.3254,0.5718,0.5941,0.9005,0.3288,0.6179,0.2789,0.4269,0.5575,0.7554,sanctions_compliance_risk,HIGH,HIGH,,True
RUS,RUS,2013,2.938,5.214,-2.276,1.101,0.545,0.09,0.471,0.452,0.492,0.465,0.492,Moderate Potential,0.45,0.489,0.549,SL,Stable / Low Opportunity,Diversified Emerging Market,structural,0.3693,0.4622,0.4243,0.4148,0.7235,0.3523,0.8504,0.5784,0.7625,0.2723,0.2198,0.1796,0.3322,0.4725,0.6221,0.8987,0.3444,0.1747,0.5577,0.5491,0.5828,0.4615,sanctions_compliance_risk,HIGH,HIGH,,True
RUS,RUS,2014,2.101,3.317,-1.216,1.101,0.39,0.092,0.428,0.436,0.439,0.38,0.198,Low Takeoff Signal,0.045,0.396,0.495,SL,Stable / Low Opportunity,Diversified Emerging Market,structural,0.2215,0.4271,0.4012,0.3722,0.7073,0.1374,0.8471,0.6751,0.7961,0.2844,0.232,0.2265,0.2905,0.1876,0.6197,0.8986,0.3284,0.021,0.3753,0.4955,0.5149,0.1243,sanctions_compliance_risk,HIGH,HIGH,,True
RUS,RUS,2015,2.101,2.784,-0.683,1.101,0.351,0.097,0.406,0.425,0.414,0.38,0.107,Low Takeoff Signal,0.013,0.362,0.292,SL,Stable / Low Opportunity,Diversified Emerging Market,structural,0.1138,0.4819,0.3463,0.3713,0.7073,0.3364,0.866,0.8478,0.7073,0.2489,0.2122,0.2155,0.3199,0.1714,0.5403,0.8976,0.2901,0.0212,0.1419,0.2917,0.5899,0.0741,sanctions_compliance_risk,HIGH,HIGH,,True
RUS,RUS,2016,2.184,3.676,-1.492,1.101,0.473,0.1,0.443,0.46,0.477,0.47,0.172,Low Takeoff Signal,0.022,0.482,0.574,SL,Stable / Low Opportunity,Diversified Emerging Market,structural,0.2168,0.4746,0.4111,0.4219,0.6952,0.5375,0.8843,0.7605,0.6627,0.2717,0.2229,0.2376,0.3576,0.3225,0.522,0.8952,0.3239,0.0976,0.5823,0.5743,0.7569,0.3453,sanctions_compliance_risk,HIGH,HIGH,,True
RUS,RUS,2017,2.361,4.449,-2.088,1.101,0.546,0.118,0.476,0.497,0.5,0.61,0.278,Low Takeoff Signal,0.088,0.585,0.443,SL,Stable / Low Opportunity,Diversified Emerging Market,structural,0.3239,0.4367,0.4319,0.4552,0.7178,0.5561,0.884,0.7346,0.7467,0.366,0.2306,0.2118,0.3364,0.4395,0.5166,0.9006,0.331,0.5588,0.5481,0.4431,0.8201,0.9211,sanctions_compliance_risk,HIGH,HIGH,,True
RUS,RUS,2018,2.614,4.676,-2.062,1.101,0.555,0.142,0.479,0.53,0.463,0.675,0.328,Low Takeoff Signal,0.118,0.635,0.502,SR,Structural Risk,High-Growth Emerging Market,structural,0.4334,0.4771,0.4411,0.3426,0.7363,0.5354,0.8874,0.8841,0.7869,0.4277,0.2325,0.222,0.208,0.6023,0.4715,0.8998,0.3579,0.9332,0.6241,0.5021,0.8052,0.9621,sanctions_compliance_risk,HIGH,HIGH,,True
RUS,RUS,2019,5.728,5.627,0.101,1.101,0.579,0.137,0.472,0.522,0.489,0.686,0.556,Pre-Breakout Signal,0.45,0.64,0.603,FO,Fragile Opportunity,Diversified Emerging Market,structural,0.4331,0.4392,0.4283,0.3919,0.7521,0.5381,0.8877,0.7644,0.7907,0.4126,0.2236,0.2518,0.2183,0.5655,0.5277,0.9006,0.3587,0.9757,0.6031,0.6028,0.7264,0.9686,sanctions_compliance_risk,HIGH,HIGH,,True
RUS,RUS,2020,5.349,5.74,-0.391,1.101,0.641,0.14,0.399,0.507,0.439,0.577,0.494,Moderate Potential,0.45,0.514,0.527,FO,Fragile Opportunity,High-Growth Emerging Market,structural,0.5571,0.5149,0.4823,0.5134,0.63,0.544,0.8761,0.7228,0.7959,0.3688,0.2327,0.2346,0.3373,0.6373,0.5505,0.8996,0.3346,0.8931,0.4861,0.5275,0.8114,0.3718,sanctions_compliance_risk,HIGH,HIGH,,True
RUS,RUS,2021,2.69,4.734,-2.044,1.101,0.463,0.119,0.53,0.535,0.424,0.504,0.482,Moderate Potential,0.45,0.541,0.456,SL,Stable / Low Opportunity,High-Growth Emerging Market,structural,0.5185,0.2839,0.4445,0.4583,0.6388,0.553,0.8825,0.8307,0.8113,0.3805,0.2133,0.24,0.1465,0.6223,0.5515,0.8982,0.3595,0.7277,0.5575,0.456,0.8344,0.0288,sanctions_compliance_risk,HIGH,HIGH,,True
RUS,RUS,2022,2.211,2.945,-0.734,1.101,0.267,0.156,0.369,0.539,0.297,0.38,0.278,Low Takeoff Signal,0.45,0.358,0.119,SR,Structural Risk,High-Growth Emerging Market,structural,0.1832,0.0589,0.4571,0.4413,0.6403,0.5643,0.8848,0.8726,0.8546,0.2693,0.1782,0.2449,0.1474,0.2512,0.5589,0.8986,0.1827,0.2699,0.2422,0.1186,0.6791,0.2593,sanctions_compliance_risk,HIGH,HIGH,,True
RUS,RUS,2023,2.659,3.266,-0.607,1.101,0.405,0.117,0.496,0.501,0.361,0.38,0.161,Low Takeoff Signal,0.2,0.381,0.045,SL,Stable / Low Opportunity,High-Growth Emerging Market,structural,0.6133,0.0849,0.386,0.7001,0.6457,0.5598,0.8785,0.6673,0.8596,0.2395,0.1758,0.2098,0.1473,0.7391,0.6569,0.897,0.1811,0.2336,0.0528,0.0455,0.4397,0.2173,sanctions_compliance_risk,HIGH,HIGH,,True
RUS,RUS,2024,2.17,3.075,-0.905,1.101,0.379,0.119,0.494,0.499,0.345,0.38,0.148,Low Takeoff Signal,0.2,0.39,0.033,SL,Stable / Low Opportunity,High-Growth Emerging Market,structural,0.619,0.1221,0.4048,0.6724,0.6385,0.5279,0.8751,0.7036,0.8507,0.2318,0.1581,0.2182,0.1471,0.7519,0.7501,0.8978,0.1324,0.431,0.2076,0.0334,0.266,0.2049,sanctions_compliance_risk,HIGH,HIGH,,True
RWA,Rwanda,2010,5.984,5.661,0.323,0.323,0.564,0.158,0.388,0.626,0.504,,0.449,Moderate Potential,0.45,0.408,0.5,SR,Structural Risk,High-Growth Emerging Market,structural,0.7493,0.4212,0.4297,0.2876,0.0518,0.9022,0.7963,0.3406,0.8685,0.4933,0.3794,0.6836,0.5972,0.639,0.5478,0.4205,0.3797,,,,,,clean,N/A,HIGH,,False
RWA,Rwanda,2011,6.209,5.886,0.323,0.323,0.591,0.122,0.429,0.552,0.528,,0.471,Moderate Potential,0.45,0.468,0.5,FO,Fragile Opportunity,High-Growth Emerging Market,structural,0.7796,0.6197,0.3618,0.2994,0.0661,0.4464,0.7946,0.3577,0.8445,0.4829,0.398,0.6821,0.6237,0.7142,0.5437,0.4206,0.4328,,,,,,clean,N/A,HIGH,,False
RWA,Rwanda,2012,6.563,6.24,0.323,0.323,0.662,0.136,0.437,0.591,0.537,0.552,0.601,Pre-Breakout Signal,0.45,0.543,0.95,FO,Fragile Opportunity,High-Growth Emerging Market,structural,0.7267,0.5009,0.4405,0.4052,0.0726,0.6156,0.7969,0.3249,0.8233,0.5021,0.4363,0.7398,0.6106,0.679,0.5534,0.4208,0.4493,0.8735,0.4344,0.9502,0.6378,0.1881,clean,N/A,HIGH,,True
RWA,Rwanda,2013,6.01,5.687,0.323,0.323,0.574,0.134,0.426,0.577,0.503,0.482,0.58,Pre-Breakout Signal,0.45,0.494,0.938,SR,Structural Risk,High-Growth Emerging Market,structural,0.6133,0.5975,0.4231,0.472,0.041,0.5496,0.7376,0.3431,0.7636,0.4908,0.4681,0.7433,0.5838,0.5427,0.5533,0.4207,0.4923,0.5184,0.5577,0.9382,0.4145,0.1707,clean,N/A,HIGH,,True
RWA,Rwanda,2014,5.74,5.417,0.323,0.323,0.571,0.127,0.421,0.578,0.542,0.448,0.51,Moderate Potential,0.328,0.464,0.951,SR,Structural Risk,High-Growth Emerging Market,structural,0.7871,0.4921,0.4659,0.415,0.0788,0.6229,0.7313,0.1741,0.7048,0.5336,0.488,0.7707,0.554,0.7108,0.5402,0.419,0.589,0.4724,0.6415,0.9513,0.2091,0.1684,clean,N/A,HIGH,,True
RWA,Rwanda,2015,6.253,5.93,0.323,0.323,0.637,0.114,0.452,0.558,0.579,0.534,0.552,Pre-Breakout Signal,0.351,0.545,0.952,RO,Robust Opportunity,High-Growth Emerging Market,structural,0.9189,0.507,0.3867,0.4712,0.0692,0.5426,0.7287,0.1214,0.6608,0.6453,0.5097,0.7694,0.5099,0.884,0.5333,0.4192,0.598,0.6478,0.67,0.9521,0.1298,0.4723,clean,N/A,HIGH,,True
RWA,Rwanda,2016,5.783,5.46,0.323,0.323,0.574,0.091,0.47,0.509,0.546,0.414,0.518,Moderate Potential,0.332,0.477,0.957,SL,Stable / Low Opportunity,High-Growth Emerging Market,structural,0.8122,0.5694,0.4492,0.5592,0.0602,0.5147,0.6794,0.0725,0.5807,0.5987,0.5221,0.7862,0.4866,0.7305,0.5253,0.4197,0.5838,0.5735,0.5765,0.9566,0.0539,0.1158,clean,N/A,HIGH,,True
RWA,Rwanda,2017,5.862,5.539,0.323,0.323,0.56,0.111,0.48,0.535,0.512,0.508,0.56,Pre-Breakout Signal,0.408,0.521,0.882,SL,Stable / Low Opportunity,High-Growth Emerging Market,structural,0.5394,0.758,0.45,0.4682,0.0647,0.5684,0.6331,0.1464,0.5279,0.6609,0.5159,0.7653,0.5288,0.4284,0.5021,0.4235,0.5894,0.554,0.5489,0.8825,0.0973,0.5877,clean,N/A,HIGH,,True
RWA,Rwanda,2018,5.957,5.634,0.323,0.323,0.619,0.093,0.468,0.51,0.583,0.508,0.498,Moderate Potential,0.411,0.495,0.625,RO,Robust Opportunity,Diversified Emerging Market,structural,0.9471,0.5291,0.4742,0.363,0.0674,0.5356,0.5957,0.1358,0.4617,0.6781,0.5156,0.7408,0.5951,0.9096,0.498,0.4212,0.5764,0.5297,0.6311,0.6251,0.0492,0.7038,clean,N/A,HIGH,,True
RWA,Rwanda,2019,6.172,5.849,0.323,0.323,0.696,0.063,0.536,0.492,0.596,0.441,0.441,Moderate Potential,0.35,0.506,0.493,RO,Robust Opportunity,High-Growth Emerging Market,structural,0.9432,0.5313,0.4353,0.6279,0.0769,0.5359,0.5589,0.1195,0.4463,0.661,0.5152,0.7398,0.6086,0.9199,0.4964,0.4228,0.5681,0.493,0.6498,0.4927,0.0483,0.5202,clean,N/A,HIGH,,True
RWA,Rwanda,2020,4.622,4.299,0.323,0.323,0.413,0.14,0.282,0.466,0.387,0.456,0.436,Reform Story,0.35,0.382,0.66,SR,Structural Risk,Diversified Emerging Market,structural,0.5128,0.4675,0.4955,0.5287,0.0731,0.5463,0.5148,0.0704,0.3667,0.6822,0.5629,0.7533,0.5644,0.4491,0.5855,0.4172,0.5917,0.8414,0.4618,0.6596,0.0355,0.3722,clean,N/A,HIGH,,True
RWA,Rwanda,2021,5.313,4.99,0.323,0.323,0.531,0.08,0.503,0.472,0.555,0.497,0.451,Moderate Potential,0.2,0.537,0.953,SL,Stable / Low Opportunity,High-Growth Emerging Market,structural,0.8613,0.2666,0.4431,0.6596,0.0733,0.5996,0.5105,0.1192,0.3093,0.6712,0.5897,0.7457,0.6626,0.7743,0.311,0.5002,0.6007,0.7194,0.219,0.9526,0.0493,0.7543,clean,N/A,HIGH,,True
RWA,Rwanda,2022,5.565,5.242,0.323,0.323,0.59,0.07,0.546,0.498,0.547,0.387,0.432,Moderate Potential,0.2,0.481,0.938,RO,Robust Opportunity,High-Growth Emerging Market,structural,0.7517,0.9103,0.5129,0.5745,0.073,0.4183,0.5432,0.2248,0.372,0.6274,0.5944,0.7682,0.6635,0.7027,0.2863,0.4813,0.6074,0.3482,0.1533,0.9378,0.4154,0.2658,clean,N/A,HIGH,,True
RWA,Rwanda,2023,6.359,6.036,0.323,0.323,0.721,0.087,0.523,0.491,0.578,0.579,0.456,Moderate Potential,0.2,0.562,0.938,RO,Robust Opportunity,Diversified Emerging Market,structural,0.8818,0.9614,0.5274,0.5105,0.081,0.5664,0.5154,0.1164,0.287,0.6258,0.6234,0.8166,0.6633,0.8307,0.3971,0.4381,0.6356,0.2843,0.5685,0.9378,0.5621,0.7305,clean,N/A,HIGH,,True
RWA,Rwanda,2024,6.499,6.176,0.323,0.323,0.738,0.079,0.536,0.466,0.597,0.61,0.47,Moderate Potential,0.2,0.621,0.918,RO,Robust Opportunity,Diversified Emerging Market,structural,0.9101,0.784,0.5048,0.6521,0.0924,0.549,0.4652,0.0833,0.1892,0.6192,0.6365,0.8011,0.6634,0.8731,0.4589,0.4421,0.6536,0.8776,0.9741,0.9182,0.308,0.4937,clean,N/A,HIGH,,True
SAU,SAU,2010,6.097,5.078,1.019,1.019,0.418,0.172,0.536,0.603,0.258,,0.506,Moderate Potential,0.45,0.576,0.5,SR,Structural Risk,Diversified Emerging Market,structural,0.5046,0.3564,0.3597,0.8055,0.7083,0.6878,0.8744,0.8129,0.4449,0.4576,0.5067,0.5097,0.0093,0.783,0.268,0.916,0.6683,,,,,,clean,N/A,HIGH,secondary_school_enrolment; external_debt_pct_gni,False
SAU,SAU,2011,6.033,5.014,1.019,1.019,0.39,0.183,0.615,0.621,0.205,,0.53,Moderate Potential,0.45,0.656,0.5,SR,Structural Risk,High-Growth Emerging Market,structural,0.919,0.4976,0.3372,0.5804,0.7473,0.6966,0.8884,0.9003,0.5386,0.386,0.5168,0.4612,0.0042,0.798,0.2651,0.9171,0.6919,,,,,,clean,N/A,HIGH,secondary_school_enrolment; external_debt_pct_gni,False
SAU,SAU,2012,5.037,4.018,1.019,1.019,0.329,0.189,0.536,0.603,0.183,0.526,0.484,Moderate Potential,0.45,0.58,0.428,SR,Structural Risk,High-Growth Emerging Market,structural,0.5986,0.4492,0.3885,0.5602,0.7325,0.6371,0.9008,0.8919,0.5341,0.3519,0.4987,0.4833,0.0029,0.4553,0.2882,0.9178,0.6283,0.7051,0.3673,0.4278,0.9383,0.3786,clean,N/A,HIGH,secondary_school_enrolment; external_debt_pct_gni,True
SAU,SAU,2013,4.708,3.689,1.019,1.019,0.26,0.194,0.484,0.601,0.159,0.475,0.496,Moderate Potential,0.45,0.546,0.495,SR,Structural Risk,Diversified Emerging Market,structural,0.4662,0.4184,0.3272,0.5649,0.6847,0.6211,0.9039,0.901,0.5482,0.3368,0.5073,0.4925,0.0023,0.1783,0.243,0.9186,0.6459,0.5112,0.3875,0.4953,0.9248,0.2328,clean,N/A,HIGH,external_debt_pct_gni,True
SAU,SAU,2014,3.691,2.672,1.019,1.019,0.283,0.175,0.53,0.596,0.195,0.38,0.179,Low Takeoff Signal,0.111,0.5,0.094,SR,Structural Risk,Diversified Emerging Market,structural,0.5734,0.401,0.3811,0.6883,0.7472,0.6363,0.9169,0.8777,0.5967,0.4498,0.3919,0.4751,0.0019,0.4606,0.1953,0.9189,0.6229,0.3497,0.3292,0.0942,0.9188,0.3208,clean,N/A,HIGH,external_debt_pct_gni,True
SAU,SAU,2015,4.422,3.403,1.019,1.019,0.403,0.128,0.589,0.524,0.292,0.394,0.201,Low Takeoff Signal,0.103,0.543,0.138,SR,Structural Risk,High-Growth Emerging Market,structural,0.6659,0.4512,0.3483,0.8168,0.784,0.625,0.9122,0.2745,0.5259,0.3806,0.4606,0.5181,0.0227,0.2923,0.1946,0.918,0.6276,0.067,0.6358,0.1384,0.8326,0.3777,clean,N/A,HIGH,external_debt_pct_gni,True
SAU,SAU,2016,5.051,4.032,1.019,1.019,0.458,0.146,0.552,0.534,0.32,0.573,0.295,Low Takeoff Signal,0.115,0.599,0.387,SR,Structural Risk,Diversified Emerging Market,structural,0.3622,0.5106,0.4474,0.663,0.8062,0.5884,0.8947,0.4885,0.4743,0.3817,0.4877,0.6213,0.0259,0.1562,0.2752,0.9179,0.5989,0.3574,0.8205,0.3865,0.6208,0.9073,clean,N/A,HIGH,external_debt_pct_gni,True
SAU,SAU,2017,4.496,3.477,1.019,1.019,0.331,0.159,0.474,0.561,0.272,0.436,0.33,Low Takeoff Signal,0.218,0.501,0.328,SR,Structural Risk,Diversified Emerging Market,structural,0.2668,0.3735,0.4056,0.5621,0.8141,0.5796,0.8728,0.7179,0.6389,0.3107,0.4283,0.619,0.0208,0.3869,0.1073,0.9183,0.5557,0.2947,0.5888,0.3277,0.2171,0.9504,clean,N/A,HIGH,external_debt_pct_gni,True
SAU,SAU,2018,5.194,4.175,1.019,1.019,0.357,0.162,0.508,0.573,0.269,0.475,0.486,Moderate Potential,0.354,0.506,0.673,SR,Structural Risk,High-Growth Emerging Market,structural,0.491,0.4713,0.4495,0.3656,0.8145,0.5355,0.867,0.9168,0.544,0.3223,0.4749,0.637,0.0189,0.9031,0.1142,0.9206,0.5572,0.2985,0.641,0.6729,0.1093,0.6546,clean,N/A,HIGH,external_debt_pct_gni,True
SAU,SAU,2019,4.939,3.92,1.019,1.019,0.368,0.152,0.486,0.567,0.308,0.414,0.399,Low Takeoff Signal,0.25,0.475,0.56,SR,Structural Risk,Diversified Emerging Market,structural,0.3773,0.4208,0.412,0.5493,0.7921,0.54,0.8467,0.7892,0.5617,0.3417,0.5022,0.6519,0.0182,0.5607,0.1957,0.9126,0.5993,0.3081,0.5715,0.5604,0.0989,0.532,clean,N/A,HIGH,external_debt_pct_gni,True
SAU,SAU,2020,5.305,4.286,1.019,1.019,0.382,0.162,0.41,0.537,0.22,0.389,0.479,Reform Story,0.45,0.407,0.621,SR,Structural Risk,Diversified Emerging Market,structural,0.4862,0.4646,0.4758,0.5057,0.7961,0.5432,0.818,0.3831,0.6588,0.3482,0.4959,0.6843,0.0361,0.2827,0.1775,0.9163,0.6148,0.7421,0.3553,0.6209,0.1653,0.0608,clean,N/A,HIGH,external_debt_pct_gni,True
SAU,SAU,2021,6.041,5.022,1.019,1.019,0.494,0.145,0.605,0.575,0.367,0.616,0.516,Moderate Potential,0.25,0.641,0.931,SR,Structural Risk,High-Growth Emerging Market,structural,0.5752,0.2548,0.4532,0.6397,0.7948,0.6041,0.8243,0.7589,0.5413,0.3984,0.507,0.6592,0.0498,0.813,0.4254,0.9166,0.6952,0.7351,0.7765,0.9315,0.2939,0.5528,clean,N/A,HIGH,external_debt_pct_gni,True
SAU,SAU,2022,7.116,6.097,1.019,1.019,0.672,0.162,0.723,0.659,0.376,0.722,0.546,Moderate Potential,0.25,0.75,0.938,FO,Fragile Opportunity,High-Growth Emerging Market,structural,0.8956,0.76,0.511,0.6139,0.9214,0.7017,0.8587,0.9197,0.6825,0.4377,0.6085,0.6791,0.0502,0.7754,0.5012,0.9184,0.7639,0.9664,0.6579,0.9378,0.7013,0.8987,clean,N/A,HIGH,external_debt_pct_gni,True
SAU,SAU,2023,5.954,4.935,1.019,1.019,0.475,0.203,0.55,0.66,0.259,0.665,0.519,Moderate Potential,0.25,0.65,0.938,SR,Structural Risk,Advanced Economy,structural,0.2987,0.1974,0.4759,0.7965,0.924,0.6059,0.8434,0.7048,0.7273,0.4906,0.6421,0.7553,0.0502,0.1196,0.5734,0.9179,0.7807,0.4849,0.8571,0.9378,0.5925,0.8552,clean,N/A,HIGH,external_debt_pct_gni,True
SAU,SAU,2024,5.871,4.852,1.019,1.019,0.475,0.18,0.588,0.661,0.283,0.479,0.496,Moderate Potential,0.25,0.582,0.918,SR,Structural Risk,Advanced Economy,structural,0.3871,0.4415,0.4527,0.8385,0.8527,0.5983,0.8207,0.5375,0.6892,0.6172,0.6805,0.8344,0.0501,0.1426,0.6467,0.917,0.812,0.1677,0.4265,0.9182,0.3004,0.9398,clean,N/A,HIGH,external_debt_pct_gni,True
SDN,SDN,2010,3.691,3.19,0.501,0.501,0.124,0.105,0.318,0.189,0.232,,0.422,Moderate Potential,0.45,0.343,0.5,SL,Stable / Low Opportunity,Diversified Emerging Market,structural,0.3692,0.4341,0.4289,0.2815,0.0808,0.0183,0.1506,0.4358,0.6002,0.0152,0.0999,0.0798,0.3871,0.2018,0.2253,0.5032,0.0783,,,,,,clean,N/A,HIGH,,False
SDN,SDN,2011,2.877,2.376,0.501,0.501,0.097,0.112,0.191,0.183,0.249,,0.375,Low Takeoff Signal,0.45,0.245,0.5,SL,Stable / Low Opportunity,Commodity Exporter,structural,0.1031,0.0175,0.4033,0.4068,0.0607,0.1037,0.1355,0.4197,0.5455,0.0202,0.0913,0.0813,0.3002,0.7469,0.1217,0.4946,0.0856,,,,,,clean,N/A,HIGH,,True
SDN,SDN,2012,2.437,1.936,0.501,0.501,0.055,0.086,0.167,0.096,0.181,0.38,0.317,Low Takeoff Signal,0.45,0.243,0.285,SL,Stable / Low Opportunity,Diversified Emerging Market,structural,0.0151,0.047,0.4895,0.2508,0.0686,0.0,0.0224,0.2693,0.2572,0.023,0.0929,0.0739,0.6016,0.1309,0.1566,0.4851,0.0759,0.0263,0.891,0.2853,0.0391,0.057,clean,N/A,HIGH,,True
SDN,SDN,2013,2.772,2.271,0.501,0.501,0.099,0.074,0.4,0.114,0.249,0.38,0.344,Low Takeoff Signal,0.45,0.377,0.226,SL,Stable / Low Opportunity,Diversified Emerging Market,structural,0.385,0.885,0.4602,0.1737,0.0772,0.0,0.0541,0.263,0.3854,0.0269,0.0927,0.0729,0.5428,0.3167,0.1948,0.4767,0.0684,0.5838,0.6438,0.2263,0.0286,0.1486,clean,N/A,HIGH,,True
SDN,SDN,2014,3.666,3.165,0.501,0.501,0.16,0.088,0.43,0.166,0.294,0.48,0.5,Moderate Potential,0.697,0.473,0.362,SL,Stable / Low Opportunity,Diversified Emerging Market,structural,0.6448,0.9235,0.4353,0.1094,0.0798,0.0042,0.1414,0.3392,0.5822,0.0233,0.0948,0.0836,0.6117,0.505,0.2239,0.4727,0.0712,0.726,0.5999,0.3621,0.5923,0.1216,clean,N/A,HIGH,,True
SDN,SDN,2015,3.589,3.088,0.501,0.501,0.139,0.126,0.264,0.191,0.273,0.581,0.511,Moderate Potential,0.857,0.466,0.311,SR,Structural Risk,Diversified Emerging Market,structural,0.3903,0.4274,0.4301,0.0861,0.0825,0.3439,0.1215,0.2502,0.641,0.0296,0.0865,0.0916,0.6452,0.2496,0.2637,0.4632,0.0647,0.9137,0.6005,0.3109,0.8325,0.4919,clean,N/A,HIGH,,True
SDN,SDN,2016,3.442,2.941,0.501,0.501,0.139,0.108,0.272,0.158,0.306,0.526,0.47,Moderate Potential,0.711,0.479,0.283,SL,Stable / Low Opportunity,Diversified Emerging Market,structural,0.5679,0.4148,0.4081,0.0457,0.0695,0.2629,0.068,0.3423,0.5799,0.0251,0.0869,0.09,0.6763,0.3731,0.2936,0.4576,0.0711,0.9346,0.0991,0.2828,0.9,0.9574,clean,N/A,HIGH,,True
SDN,SDN,2017,3.079,2.578,0.501,0.501,0.126,0.082,0.275,0.165,0.264,0.403,0.389,Low Takeoff Signal,0.4,0.377,0.389,SL,Stable / Low Opportunity,Commodity Exporter,structural,0.2292,0.4741,0.444,0.042,0.0788,0.4088,0.0124,0.1473,0.5407,0.0371,0.1002,0.0902,0.7057,0.1094,0.3146,0.4474,0.0675,0.495,0.3305,0.3894,0.0485,0.9504,clean,N/A,HIGH,,True
SDN,SDN,2018,2.917,2.416,0.501,0.501,0.094,0.085,0.241,0.168,0.199,0.38,0.391,Low Takeoff Signal,0.328,0.288,0.687,SL,Stable / Low Opportunity,Commodity Exporter,structural,0.0356,0.501,0.4713,0.0359,0.0713,0.5324,0.0008,0.062,0.3478,0.0503,0.1024,0.0871,0.5329,0.0102,0.3383,0.4404,0.0619,0.0302,0.652,0.6874,0.0412,0.0387,clean,N/A,HIGH,,True
SDN,SDN,2019,3.163,2.662,0.501,0.501,0.092,0.084,0.246,0.163,0.206,0.38,0.462,Reform Story,0.45,0.305,0.772,SL,Stable / Low Opportunity,Commodity Exporter,structural,0.1065,0.4692,0.4354,0.0927,0.0745,0.5058,0.0007,0.0654,0.3505,0.0563,0.0959,0.0899,0.3851,0.0495,0.3759,0.4333,0.0602,0.0678,0.5982,0.7718,0.0483,0.0498,clean,N/A,HIGH,,True
SDN,SDN,2020,3.292,2.791,0.501,0.501,0.125,0.082,0.233,0.15,0.209,0.38,0.449,Reform Story,0.45,0.289,0.747,SL,Stable / Low Opportunity,Commodity Exporter,structural,0.497,0.596,0.513,0.0211,0.0707,0.135,0.0003,0.0245,0.2793,0.0948,0.1053,0.0938,0.2437,0.407,0.4548,0.4426,0.0654,0.0849,0.693,0.7474,0.0355,0.0608,clean,N/A,HIGH,,True
SDN,SDN,2021,3.196,2.695,0.501,0.501,0.124,0.086,0.247,0.198,0.216,0.38,0.424,Reform Story,0.45,0.293,0.608,SL,Stable / Low Opportunity,Commodity Exporter,structural,0.0666,0.389,0.4356,0.0108,0.0705,0.0001,0.0088,0.214,0.4514,0.0496,0.1094,0.1121,0.3114,0.047,0.5076,0.4486,0.0667,0.2321,0.3306,0.6075,0.1923,0.0212,clean,N/A,HIGH,,True
SDN,SDN,2022,3.362,2.861,0.501,0.501,0.126,0.1,0.263,0.212,0.228,0.446,0.467,Reform Story,0.45,0.378,0.626,SL,Stable / Low Opportunity,Diversified Emerging Market,structural,0.2035,0.5684,0.4965,0.0092,0.0703,0.0135,0.0047,0.175,0.6617,0.0344,0.1005,0.0887,0.3127,0.142,0.6429,0.4524,0.0622,0.813,0.0752,0.6256,0.8874,0.0305,clean,N/A,HIGH,,True
SDN,SDN,2023,2.513,2.012,0.501,0.501,0.068,0.11,0.117,0.226,0.037,0.38,0.319,Low Takeoff Signal,0.45,0.281,0.246,SL,Stable / Low Opportunity,Diversified Emerging Market,structural,0.0,0.0035,0.4566,0.0067,0.0737,0.0681,0.0002,0.3753,0.5162,0.0272,0.07,0.0879,0.3125,0.0,0.6271,0.4467,0.0555,0.1982,0.0528,0.2463,0.593,0.8552,clean,N/A,HIGH,,True
SDN,SDN,2024,2.009,1.508,0.501,0.501,0.075,0.109,0.126,0.239,0.105,0.38,0.168,Low Takeoff Signal,0.45,0.25,0.033,SL,Stable / Low Opportunity,Diversified Emerging Market,structural,0.001,0.0234,0.4448,0.0082,0.0674,0.0136,0.0001,0.3834,0.635,0.0324,0.059,0.0795,0.3124,0.0013,0.6292,0.445,0.0475,0.1604,0.0853,0.0334,0.258,0.9398,clean,N/A,HIGH,,True
SEN,Senegal,2010,4.409,3.967,0.442,0.442,0.278,0.158,0.264,0.5,0.364,,0.407,Moderate Potential,0.45,0.308,0.5,SR,Structural Risk,Diversified Emerging Market,structural,0.3198,0.2784,0.3798,0.2676,0.0693,0.6355,0.6196,0.4131,0.7798,0.3947,0.4321,0.3178,0.7196,0.2178,0.8823,0.1399,0.3383,,,,,,clean,N/A,HIGH,,False
SEN,Senegal,2011,4.49,4.048,0.442,0.442,0.287,0.163,0.284,0.514,0.353,,0.416,Moderate Potential,0.45,0.328,0.5,SR,Structural Risk,Diversified Emerging Market,structural,0.3167,0.4201,0.3691,0.3036,0.0945,0.6893,0.643,0.3664,0.6964,0.4675,0.4302,0.391,0.7247,0.2429,0.8785,0.1382,0.3701,,,,,,clean,N/A,HIGH,,False
SEN,Senegal,2012,5.67,5.228,0.442,0.442,0.47,0.162,0.387,0.53,0.415,0.658,0.609,Pre-Breakout Signal,0.45,0.586,0.907,SR,Structural Risk,High-Growth Emerging Market,structural,0.5115,0.4856,0.4045,0.4695,0.1082,0.7833,0.6372,0.3425,0.5943,0.5482,0.4915,0.454,0.6633,0.4478,0.8546,0.1327,0.4083,0.7089,0.4289,0.9075,0.6503,0.9686,clean,N/A,HIGH,,True
SEN,Senegal,2013,5.313,4.871,0.442,0.442,0.399,0.179,0.341,0.535,0.394,0.68,0.616,Pre-Breakout Signal,0.45,0.587,0.938,SR,Structural Risk,Diversified Emerging Market,structural,0.422,0.3938,0.3714,0.4539,0.1221,0.7725,0.6298,0.3243,0.5773,0.5864,0.5046,0.4726,0.6997,0.3009,0.8313,0.1305,0.4208,0.7053,0.5476,0.9382,0.6496,0.9728,clean,N/A,HIGH,,True
SEN,Senegal,2014,5.911,5.469,0.442,0.442,0.521,0.151,0.441,0.533,0.443,0.659,0.599,Pre-Breakout Signal,0.386,0.625,0.951,SR,Structural Risk,High-Growth Emerging Market,structural,0.7915,0.4668,0.4238,0.5559,0.1282,0.7766,0.5818,0.2991,0.4328,0.5508,0.5256,0.6005,0.6962,0.6321,0.8076,0.1309,0.4092,0.8947,0.6128,0.9513,0.4314,0.97,clean,N/A,HIGH,,True
SEN,Senegal,2015,5.663,5.221,0.442,0.442,0.518,0.127,0.464,0.515,0.454,0.564,0.534,Moderate Potential,0.31,0.575,0.924,SR,Structural Risk,Diversified Emerging Market,structural,0.8018,0.537,0.3987,0.5492,0.128,0.6315,0.6044,0.3722,0.4116,0.5663,0.5191,0.614,0.6219,0.6706,0.783,0.1318,0.4453,0.9137,0.7471,0.924,0.2218,0.3492,clean,N/A,HIGH,,True
SEN,Senegal,2016,5.433,4.991,0.442,0.442,0.465,0.126,0.447,0.496,0.43,0.542,0.55,Moderate Potential,0.382,0.55,0.84,SR,Structural Risk,High-Growth Emerging Market,structural,0.8386,0.4841,0.4073,0.533,0.1194,0.5667,0.6071,0.4608,0.4637,0.5155,0.5475,0.584,0.6073,0.7056,0.8212,0.0972,0.4371,0.8768,0.8297,0.8403,0.2085,0.2493,clean,N/A,HIGH,,True
SEN,Senegal,2017,5.538,5.096,0.442,0.442,0.513,0.099,0.519,0.456,0.456,0.547,0.508,Moderate Potential,0.409,0.582,0.557,SL,Stable / Low Opportunity,High-Growth Emerging Market,structural,0.8387,0.4664,0.4475,0.7766,0.1197,0.5775,0.4527,0.2253,0.3903,0.5529,0.52,0.5648,0.672,0.7165,0.8288,0.1099,0.4224,0.9484,0.9011,0.5575,0.1054,0.5706,clean,N/A,HIGH,,True
SEN,Senegal,2018,5.352,4.91,0.442,0.442,0.504,0.079,0.531,0.421,0.455,0.479,0.468,Moderate Potential,0.46,0.529,0.415,SL,Stable / Low Opportunity,Diversified Emerging Market,structural,0.8336,0.5028,0.4729,0.8483,0.1153,0.5356,0.4524,0.1745,0.1918,0.5381,0.5182,0.5839,0.6698,0.6759,0.8391,0.1239,0.4174,0.5463,0.9122,0.4147,0.0626,0.6209,clean,N/A,HIGH,,True
SEN,Senegal,2019,4.8,4.358,0.442,0.442,0.474,0.076,0.512,0.422,0.448,0.425,0.361,Low Takeoff Signal,0.2,0.5,0.491,SL,Stable / Low Opportunity,High-Growth Emerging Market,structural,0.6806,0.5062,0.4568,0.8335,0.0787,0.5395,0.3522,0.2321,0.2053,0.6349,0.5282,0.5634,0.6588,0.5283,0.8543,0.1391,0.4234,0.2932,0.9423,0.4907,0.0483,0.542,clean,N/A,HIGH,,True
SEN,Senegal,2020,5.004,4.562,0.442,0.442,0.527,0.086,0.44,0.39,0.399,0.398,0.338,Low Takeoff Signal,0.2,0.41,0.495,SL,Stable / Low Opportunity,Diversified Emerging Market,structural,0.7716,0.436,0.5865,0.9391,0.0762,0.5488,0.393,0.0922,0.1825,0.5984,0.5323,0.5429,0.6434,0.7071,0.8669,0.1344,0.4236,0.3407,0.8943,0.4948,0.0355,0.3713,clean,N/A,HIGH,,True
SEN,Senegal,2021,4.861,4.419,0.442,0.442,0.477,0.037,0.613,0.373,0.461,0.38,0.373,Low Takeoff Signal,0.2,0.497,0.552,SL,Stable / Low Opportunity,Diversified Emerging Market,structural,0.5773,0.7325,0.5388,0.9625,0.0778,0.5859,0.3059,0.0967,0.1313,0.5719,0.5149,0.575,0.648,0.4329,0.8597,0.1342,0.417,0.4271,0.9647,0.5519,0.0493,0.0212,clean,N/A,HIGH,,True
SEN,Senegal,2022,4.435,3.993,0.442,0.442,0.398,0.048,0.537,0.339,0.43,0.38,0.373,Low Takeoff Signal,0.2,0.447,0.622,SL,Stable / Low Opportunity,Diversified Emerging Market,structural,0.4848,0.3313,0.6246,0.9882,0.0785,0.5512,0.2124,0.05,0.0555,0.5157,0.5315,0.5708,0.6489,0.3989,0.8557,0.1358,0.4221,0.3061,0.9807,0.6223,0.03,0.1915,clean,N/A,HIGH,,True
SEN,Senegal,2023,4.526,4.084,0.442,0.442,0.447,0.057,0.53,0.329,0.435,0.445,0.325,Low Takeoff Signal,0.2,0.388,0.465,SL,Stable / Low Opportunity,Diversified Emerging Market,structural,0.6286,0.2191,0.8854,0.9874,0.0761,0.6033,0.1353,0.0294,0.0185,0.5352,0.5178,0.5837,0.6488,0.5269,0.8527,0.1344,0.4123,0.2077,0.9725,0.4652,0.0506,0.7913,clean,N/A,HIGH,,True
SEN,Senegal,2024,4.742,4.3,0.442,0.442,0.507,0.035,0.574,0.336,0.458,0.38,0.295,Low Takeoff Signal,0.2,0.451,0.284,SL,Stable / Low Opportunity,Diversified Emerging Market,structural,0.7643,0.7145,0.553,0.9662,0.0696,0.5986,0.0995,0.0925,0.0217,0.531,0.5046,0.6204,0.6488,0.6754,0.8542,0.1352,0.4192,0.3296,0.404,0.2836,0.1006,0.6694,clean,N/A,HIGH,,True
SGP,SGP,2010,8.633,7.744,0.889,0.889,0.985,0.051,0.803,0.684,0.874,,0.535,Moderate Potential,0.45,0.673,0.5,RO,Robust Opportunity,Advanced Economy,structural,0.9886,0.5869,0.872,0.6657,0.9337,0.6067,0.0445,0.9156,0.4181,0.9318,0.9495,0.983,0.8025,0.9889,0.7535,0.8808,0.9787,,,,,,clean,N/A,HIGH,secondary_school_enrolment; external_debt_pct_gni,True
SGP,SGP,2011,8.946,8.057,0.889,0.889,0.966,0.051,0.679,0.655,0.792,,0.512,Moderate Potential,0.45,0.593,0.5,RO,Robust Opportunity,Advanced Economy,structural,0.6744,0.4717,0.7814,0.5768,0.9256,0.5705,0.0391,0.8817,0.2547,0.9295,0.9525,0.9818,0.8102,0.6229,0.765,0.8762,0.9757,,,,,,clean,N/A,HIGH,secondary_school_enrolment; external_debt_pct_gni,False
SGP,SGP,2012,8.416,7.527,0.889,0.889,0.936,0.069,0.661,0.643,0.749,0.38,0.548,Reform Story,0.45,0.417,0.95,RO,Robust Opportunity,Advanced Economy,stable,0.5332,0.4343,0.7121,0.6896,0.9297,0.5881,0.0389,0.8342,0.151,0.9414,0.9604,0.9823,0.7994,0.4799,0.772,0.8773,0.9821,0.0263,0.0434,0.9502,0.0677,0.3819,clean,N/A,HIGH,secondary_school_enrolment; external_debt_pct_gni,True
SGP,SGP,2013,8.667,7.778,0.889,0.889,0.977,0.053,0.683,0.674,0.779,0.55,0.556,Pre-Breakout Signal,0.45,0.476,0.855,RO,Robust Opportunity,Advanced Economy,structural,0.6211,0.4772,0.9295,0.7307,0.8311,0.6855,0.0767,0.8647,0.2875,0.9413,0.9568,0.982,0.8006,0.6215,0.7646,0.8815,0.9808,0.0254,0.5057,0.8547,0.7169,0.7728,clean,N/A,HIGH,secondary_school_enrolment; external_debt_pct_gni,True
SGP,SGP,2014,8.317,7.428,0.889,0.889,0.965,0.055,0.67,0.671,0.773,0.575,0.478,Moderate Potential,0.261,0.548,0.823,RO,Robust Opportunity,Advanced Economy,structural,0.5631,0.4569,0.8313,0.728,0.8511,0.7422,0.0773,0.9601,0.1513,0.9118,0.9585,0.9818,0.8016,0.5947,0.774,0.8759,0.9854,0.021,0.604,0.8234,0.7786,0.9472,clean,N/A,HIGH,secondary_school_enrolment; external_debt_pct_gni,True
SGP,SGP,2015,8.054,7.165,0.889,0.889,0.934,0.074,0.631,0.681,0.755,0.604,0.45,Moderate Potential,0.292,0.533,0.612,RO,Robust Opportunity,Advanced Economy,structural,0.4988,0.4945,0.8933,0.5258,0.8582,0.6686,0.0816,0.9899,0.2905,0.9269,0.9571,0.9819,0.7657,0.5314,0.763,0.8823,0.9862,0.1557,0.9163,0.6122,0.8614,0.9553,clean,N/A,HIGH,secondary_school_enrolment; external_debt_pct_gni,True
SGP,SGP,2016,7.829,6.94,0.889,0.889,0.935,0.064,0.63,0.661,0.773,0.616,0.387,Low Takeoff Signal,0.32,0.459,0.397,RO,Robust Opportunity,Advanced Economy,structural,0.6003,0.4452,0.9779,0.5834,0.8272,0.5976,0.0801,0.9902,0.2672,0.9498,0.9566,0.9816,0.8013,0.6161,0.7681,0.8798,0.9842,0.4366,0.7491,0.3965,0.8686,0.9379,clean,N/A,HIGH,external_debt_pct_gni,True
SGP,SGP,2017,7.996,7.107,0.889,0.889,0.943,0.035,0.691,0.642,0.812,0.533,0.421,Moderate Potential,0.41,0.533,0.329,RO,Robust Opportunity,Advanced Economy,structural,0.5978,0.4604,0.8202,0.6599,0.8254,0.57,0.0836,0.9935,0.0841,0.9589,0.9538,0.9821,0.8033,0.7195,0.7451,0.8779,0.9828,0.555,0.9577,0.3287,0.3984,0.6343,clean,N/A,HIGH,external_debt_pct_gni,True
SGP,SGP,2018,8.001,7.112,0.889,0.889,0.922,0.062,0.624,0.644,0.787,0.487,0.454,Moderate Potential,0.46,0.515,0.385,RO,Robust Opportunity,Advanced Economy,structural,0.522,0.5035,0.6627,0.495,0.8085,0.5356,0.0799,0.9821,0.2291,0.9518,0.9577,0.9818,0.7715,0.6361,0.7571,0.8763,0.9829,0.5317,0.8118,0.3846,0.2698,0.4985,clean,N/A,HIGH,external_debt_pct_gni,True
SGP,SGP,2019,7.163,6.274,0.889,0.889,0.826,0.098,0.565,0.641,0.708,0.38,0.365,Low Takeoff Signal,0.25,0.429,0.472,RO,Robust Opportunity,Advanced Economy,stable,0.3437,0.4361,0.7014,0.4915,0.7981,0.5394,0.0403,0.9705,0.2591,0.9478,0.9551,0.9812,0.7726,0.3473,0.7748,0.8742,0.9836,0.3387,0.9423,0.4721,0.0607,0.2273,clean,N/A,HIGH,external_debt_pct_gni,True
SGP,SGP,2020,7.27,6.381,0.889,0.889,0.877,0.133,0.494,0.662,0.612,0.38,0.317,Low Takeoff Signal,0.25,0.332,0.398,FO,Fragile Opportunity,Knowledge / Service Economy,structural,0.4856,0.5473,0.7819,0.4776,0.7822,0.5533,0.0482,0.9907,0.4598,0.9507,0.9521,0.982,0.7957,0.5769,0.7475,0.8703,0.9838,0.1213,0.6983,0.3979,0.0355,0.3715,clean,N/A,HIGH,external_debt_pct_gni,True
SGP,SGP,2021,7.447,6.558,0.889,0.889,0.886,0.054,0.703,0.676,0.867,0.437,0.353,Low Takeoff Signal,0.25,0.479,0.37,RO,Robust Opportunity,Advanced Economy,stable,0.8083,0.4081,0.7984,0.5144,0.7804,0.5849,0.0544,0.9854,0.4656,0.9511,0.9488,0.9811,0.7942,0.9606,0.757,0.8679,0.9829,0.7255,0.5948,0.3704,0.0493,0.4459,clean,N/A,HIGH,external_debt_pct_gni,True
SGP,SGP,2022,6.873,5.984,0.889,0.889,0.842,0.092,0.602,0.673,0.743,0.427,0.261,Low Takeoff Signal,0.25,0.44,0.149,RO,Robust Opportunity,Advanced Economy,stable,0.5022,0.3641,0.8168,0.3907,0.7744,0.6428,0.0192,0.9615,0.398,0.9404,0.9498,0.9799,0.7947,0.3591,0.7664,0.8711,0.9809,0.7037,0.9807,0.1494,0.03,0.5002,clean,N/A,HIGH,external_debt_pct_gni,True
SGP,SGP,2023,6.647,5.758,0.889,0.889,0.794,0.126,0.552,0.674,0.618,0.38,0.269,Low Takeoff Signal,0.25,0.255,0.313,FO,Fragile Opportunity,Advanced Economy,stable,0.4065,0.595,0.9705,0.3753,0.7821,0.584,0.0089,0.9757,0.3728,0.942,0.9491,0.9765,0.7946,0.1636,0.7406,0.8696,0.9835,0.3093,0.4336,0.313,0.0506,0.3198,clean,N/A,HIGH,external_debt_pct_gni,True
SGP,SGP,2024,7.581,6.692,0.889,0.889,0.901,0.073,0.603,0.635,0.789,0.38,0.369,Low Takeoff Signal,0.25,0.368,0.582,RO,Robust Opportunity,Advanced Economy,stable,0.6232,0.5341,0.8698,0.4386,0.7792,0.5892,0.0074,0.9809,0.057,0.9519,0.9491,0.9772,0.7947,0.5515,0.801,0.8663,0.9843,0.2013,0.3763,0.5823,0.1006,0.577,clean,N/A,HIGH,external_debt_pct_gni,True
SLE,SLE,2010,4.686,4.483,0.203,0.203,0.315,0.126,0.535,0.427,0.247,,0.494,Moderate Potential,0.45,0.538,0.5,SR,Structural Risk,Diversified Emerging Market,structural,0.6538,0.6145,0.4874,0.9008,0.0405,0.3271,0.6904,0.1921,0.8534,0.4845,0.2337,0.2899,0.4407,0.4981,0.7925,0.0374,0.1463,,,,,,clean,N/A,HIGH,secondary_school_enrolment,False
SLE,SLE,2011,4.986,4.783,0.203,0.203,0.378,0.113,0.606,0.429,0.27,,0.484,Moderate Potential,0.45,0.508,0.5,SL,Stable / Low Opportunity,Diversified Emerging Market,structural,0.787,0.389,0.8175,0.9864,0.083,0.5205,0.7255,0.0288,0.8322,0.5,0.2506,0.2735,0.4884,0.7125,0.7819,0.037,0.158,,,,,,clean,N/A,HIGH,,False
SLE,SLE,2012,5.692,5.489,0.203,0.203,0.492,0.148,0.654,0.448,0.282,0.745,0.648,Pre-Breakout Signal,0.45,0.711,0.89,SR,Structural Risk,High-Growth Emerging Market,structural,0.7969,0.9878,0.594,0.6958,0.097,0.4524,0.7517,0.1533,0.8389,0.5019,0.264,0.2511,0.4865,0.7494,0.774,0.037,0.159,0.9051,0.7993,0.8896,0.9265,0.7237,clean,N/A,HIGH,,True
SLE,SLE,2013,4.654,4.451,0.203,0.203,0.377,0.161,0.457,0.483,0.303,0.672,0.532,Moderate Potential,0.45,0.593,0.571,SR,Structural Risk,Diversified Emerging Market,structural,0.9782,0.5571,0.5326,0.1872,0.0698,0.4239,0.7771,0.2644,0.8597,0.5843,0.2368,0.2393,0.5547,0.9747,0.7684,0.0373,0.1663,0.93,0.5382,0.5712,0.9248,0.7801,clean,N/A,HIGH,,True
SLE,SLE,2014,3.219,3.016,0.203,0.203,0.167,0.174,0.294,0.486,0.142,0.48,0.448,Moderate Potential,0.538,0.399,0.414,SR,Structural Risk,Diversified Emerging Market,structural,0.005,0.6761,0.4915,0.1306,0.0678,0.4687,0.7535,0.29,0.8641,0.5299,0.2187,0.2409,0.4811,0.0028,0.7488,0.037,0.1759,0.2475,0.241,0.4141,0.8007,0.7783,clean,N/A,HIGH,,True
SLE,SLE,2015,2.268,2.065,0.203,0.203,0.149,0.156,0.183,0.445,0.163,0.38,0.211,Low Takeoff Signal,0.102,0.267,0.374,SR,Structural Risk,Diversified Emerging Market,structural,0.0456,0.2518,0.4417,0.2092,0.0709,0.4457,0.7681,0.0805,0.834,0.5898,0.2504,0.2517,0.2859,0.033,0.7809,0.0359,0.1592,0.0212,0.0215,0.3743,0.7922,0.1859,clean,N/A,HIGH,,True
SLE,SLE,2016,2.779,2.576,0.203,0.203,0.239,0.121,0.425,0.42,0.241,0.38,0.219,Low Takeoff Signal,0.086,0.34,0.388,SR,Structural Risk,Diversified Emerging Market,structural,0.8437,0.6409,0.3959,0.1997,0.0744,0.3973,0.7025,0.4248,0.7988,0.4923,0.2437,0.2376,0.1036,0.7732,0.8143,0.0354,0.1619,0.1825,0.0195,0.3883,0.2987,0.0385,clean,N/A,HIGH,,True
SLE,SLE,2017,2.558,2.355,0.203,0.203,0.19,0.133,0.329,0.418,0.214,0.385,0.23,Low Takeoff Signal,0.054,0.356,0.745,SR,Structural Risk,Diversified Emerging Market,structural,0.4637,0.3601,0.518,0.2305,0.072,0.4723,0.649,0.0913,0.7635,0.5506,0.2572,0.2936,0.1418,0.3538,0.8436,0.0346,0.1574,0.5344,0.5516,0.745,0.0674,0.0257,clean,N/A,HIGH,,True
SLE,SLE,2018,2.761,2.558,0.203,0.203,0.183,0.152,0.247,0.45,0.245,0.448,0.297,Low Takeoff Signal,0.086,0.394,0.912,SR,Structural Risk,Diversified Emerging Market,structural,0.4452,0.2743,0.4651,0.1145,0.0755,0.535,0.6517,0.1158,0.7912,0.5065,0.2651,0.3469,0.4273,0.3001,0.864,0.0342,0.1645,0.9403,0.6239,0.9119,0.0793,0.0387,clean,N/A,HIGH,,True
SLE,SLE,2019,3.682,3.479,0.203,0.203,0.234,0.143,0.344,0.446,0.277,0.479,0.476,Moderate Potential,0.45,0.453,0.539,SR,Structural Risk,Diversified Emerging Market,structural,0.7566,0.3873,0.4281,0.1299,0.1989,0.5316,0.6504,0.1141,0.7888,0.5283,0.2513,0.3451,0.423,0.6652,0.8625,0.0335,0.1721,0.9642,0.576,0.5388,0.1399,0.3894,clean,N/A,HIGH,,True
SLE,SLE,2020,4.413,4.21,0.203,0.203,0.325,0.184,0.279,0.468,0.209,0.626,0.543,Moderate Potential,0.45,0.482,0.78,SR,Structural Risk,Diversified Emerging Market,structural,0.6401,0.5465,0.4842,0.1501,0.2067,0.5335,0.7139,0.3102,0.7877,0.4343,0.2852,0.3491,0.3,0.5774,0.8781,0.0322,0.1756,0.5839,0.4062,0.7796,0.6389,0.9722,clean,N/A,HIGH,,True
SLE,SLE,2021,4.199,3.996,0.203,0.203,0.302,0.143,0.509,0.466,0.264,0.563,0.518,Moderate Potential,0.45,0.558,0.558,SR,Structural Risk,Diversified Emerging Market,structural,0.5212,0.9968,0.4545,0.1045,0.3444,0.4831,0.6959,0.2872,0.7517,0.5083,0.2601,0.3508,0.4578,0.4043,0.872,0.0314,0.1712,0.7194,0.038,0.5582,0.791,0.8059,clean,N/A,HIGH,,True
SLE,SLE,2022,3.695,3.492,0.203,0.203,0.236,0.128,0.417,0.446,0.252,0.398,0.478,Reform Story,0.45,0.406,0.62,SR,Structural Risk,Diversified Emerging Market,structural,0.5832,0.4803,0.5093,0.1199,0.3398,0.2208,0.6172,0.32,0.747,0.4849,0.2621,0.3244,0.4591,0.5158,0.8626,0.0311,0.1534,0.4978,0.3819,0.6197,0.4446,0.0438,clean,N/A,HIGH,,True
SLE,SLE,2023,3.746,3.543,0.203,0.203,0.251,0.11,0.484,0.41,0.253,0.38,0.469,Moderate Potential,0.45,0.421,0.561,SL,Stable / Low Opportunity,Diversified Emerging Market,structural,0.7438,0.5643,0.4916,0.2949,0.5605,0.2755,0.6576,0.1636,0.7152,0.3445,0.249,0.3202,0.4589,0.6666,0.8597,0.0309,0.1527,0.3361,0.513,0.5606,0.3308,0.0174,clean,N/A,HIGH,,True
SLE,SLE,2024,3.258,3.055,0.203,0.203,0.285,0.117,0.567,0.451,0.238,0.38,0.282,Low Takeoff Signal,0.45,0.427,0.1,SL,Stable / Low Opportunity,Diversified Emerging Market,structural,0.6142,1.0,0.4532,0.3412,0.551,0.4948,0.7187,0.2922,0.7586,0.4231,0.2483,0.2802,0.4588,0.529,0.8612,0.031,0.1344,0.4838,0.4037,0.1002,0.2968,0.0158,clean,N/A,HIGH,,True
SLV,SLV,2010,5.187,4.729,0.458,0.458,0.405,0.108,0.301,0.423,0.578,,0.428,Moderate Potential,0.45,0.356,0.5,SL,Stable / Low Opportunity,Diversified Emerging Market,structural,0.2084,0.5115,0.3209,0.1453,0.3615,0.8092,0.2144,0.4291,0.228,0.6114,0.246,0.4484,0.7768,0.3001,0.7339,0.5259,0.7234,,,,,,clean,N/A,HIGH,,False
SLV,SLV,2011,5.86,5.402,0.458,0.458,0.517,0.079,0.355,0.394,0.655,,0.447,Moderate Potential,0.45,0.403,0.5,SL,Stable / Low Opportunity,Diversified Emerging Market,structural,0.4949,0.4674,0.335,0.1864,0.3758,0.5923,0.2355,0.3878,0.1825,0.6307,0.2878,0.4816,0.7953,0.576,0.7729,0.5168,0.7155,,,,,,clean,N/A,HIGH,,False
SLV,SLV,2012,5.412,4.954,0.458,0.458,0.517,0.098,0.349,0.409,0.624,0.564,0.461,Moderate Potential,0.45,0.502,0.429,SL,Stable / Low Opportunity,Diversified Emerging Market,structural,0.4556,0.4262,0.4127,0.1833,0.3719,0.8002,0.2159,0.4019,0.208,0.6982,0.2401,0.3879,0.784,0.5088,0.7741,0.5192,0.6246,0.7288,0.9654,0.4294,0.4948,0.4165,clean,N/A,HIGH,,True
SLV,SLV,2013,5.559,5.101,0.458,0.458,0.498,0.104,0.351,0.399,0.614,0.608,0.53,Moderate Potential,0.45,0.537,0.634,SL,Stable / Low Opportunity,Diversified Emerging Market,structural,0.4033,0.4788,0.3517,0.1687,0.372,0.7272,0.2529,0.3573,0.2427,0.5774,0.3012,0.4175,0.7782,0.5009,0.7735,0.5141,0.6301,0.7042,0.9045,0.6338,0.5653,0.3851,clean,N/A,HIGH,,True
SLV,SLV,2014,5.232,4.774,0.458,0.458,0.45,0.108,0.336,0.397,0.606,0.612,0.512,Moderate Potential,0.354,0.517,0.781,SL,Stable / Low Opportunity,Diversified Emerging Market,structural,0.3126,0.4529,0.4286,0.1411,0.3493,0.7152,0.2382,0.3563,0.2391,0.5456,0.3194,0.3742,0.772,0.439,0.7449,0.5473,0.6211,0.6449,0.9483,0.7808,0.5016,0.415,clean,N/A,HIGH,,True
SLV,SLV,2015,4.933,4.475,0.458,0.458,0.445,0.088,0.343,0.385,0.617,0.523,0.436,Moderate Potential,0.411,0.474,0.424,SL,Stable / Low Opportunity,High-Growth Emerging Market,structural,0.4394,0.4781,0.393,0.1504,0.3354,0.6302,0.268,0.5,0.2987,0.5348,0.2578,0.3536,0.7352,0.5622,0.7686,0.5336,0.5675,0.4176,0.8575,0.4242,0.5291,0.495,clean,N/A,HIGH,,True
SLV,SLV,2016,4.756,4.298,0.458,0.458,0.419,0.095,0.329,0.379,0.605,0.547,0.426,Moderate Potential,0.414,0.472,0.39,SL,Stable / Low Opportunity,Diversified Emerging Market,structural,0.458,0.4459,0.3796,0.1515,0.2908,0.6099,0.2851,0.5634,0.3528,0.5016,0.2629,0.3311,0.7601,0.5982,0.7483,0.531,0.5074,0.5734,0.615,0.3902,0.6478,0.5087,clean,N/A,HIGH,,True
SLV,SLV,2017,3.824,3.366,0.458,0.458,0.376,0.082,0.331,0.359,0.592,0.477,0.232,Low Takeoff Signal,0.457,0.423,0.052,SL,Stable / Low Opportunity,Diversified Emerging Market,structural,0.3645,0.4216,0.4351,0.1454,0.2641,0.5593,0.2793,0.5186,0.359,0.4601,0.223,0.3459,0.7715,0.4845,0.7338,0.5218,0.4796,0.5849,0.6337,0.0519,0.5329,0.5835,clean,N/A,HIGH,,True
SLV,SLV,2018,3.974,3.516,0.458,0.458,0.389,0.07,0.339,0.347,0.612,0.454,0.255,Low Takeoff Signal,0.465,0.411,0.072,SL,Stable / Low Opportunity,Diversified Emerging Market,structural,0.3808,0.4383,0.4517,0.1921,0.268,0.5356,0.2855,0.4244,0.385,0.403,0.2328,0.3282,0.7502,0.5455,0.7338,0.5543,0.5088,0.6016,0.4363,0.0723,0.5273,0.6299,clean,N/A,HIGH,,True
SLV,SLV,2019,5.022,4.564,0.458,0.458,0.445,0.083,0.359,0.383,0.608,0.508,0.462,Moderate Potential,0.45,0.452,0.489,SL,Stable / Low Opportunity,Diversified Emerging Market,structural,0.4583,0.4765,0.4358,0.1993,0.2385,0.5399,0.2939,0.5774,0.4158,0.5024,0.2626,0.342,0.7517,0.5933,0.7198,0.547,0.4923,0.4581,0.6065,0.4886,0.4665,0.5188,clean,N/A,HIGH,,True
SLV,SLV,2020,4.015,3.557,0.458,0.458,0.288,0.131,0.209,0.38,0.37,0.469,0.417,Reform Story,0.35,0.345,0.639,SR,Structural Risk,Diversified Emerging Market,structural,0.2561,0.3459,0.4963,0.2105,0.2359,0.5535,0.2768,0.6565,0.4016,0.5398,0.2792,0.3292,0.7604,0.2969,0.7336,0.5455,0.5009,0.2713,0.6923,0.6388,0.3729,0.3718,clean,N/A,HIGH,,True
SLV,SLV,2021,5.751,5.293,0.458,0.458,0.612,0.066,0.567,0.355,0.657,0.612,0.414,Moderate Potential,0.2,0.603,0.622,RO,Robust Opportunity,High-Growth Emerging Market,structural,0.8996,0.8502,0.4515,0.4775,0.2332,0.5695,0.3179,0.3399,0.4095,0.5154,0.2345,0.3176,0.7791,0.9038,0.749,0.5679,0.3954,0.7652,0.5934,0.6223,0.4659,0.6274,clean,N/A,HIGH,,True
SLV,SLV,2022,4.718,4.26,0.458,0.458,0.472,0.055,0.441,0.349,0.593,0.471,0.336,Low Takeoff Signal,0.2,0.461,0.426,SL,Stable / Low Opportunity,High-Growth Emerging Market,structural,0.4246,0.5673,0.4823,0.508,0.2332,0.631,0.307,0.3037,0.4054,0.5661,0.2032,0.2768,0.7796,0.4845,0.7779,0.5825,0.3629,0.5737,0.2871,0.4262,0.7273,0.3408,clean,N/A,HIGH,,True
SLV,SLV,2023,5.314,4.856,0.458,0.458,0.55,0.083,0.402,0.411,0.613,0.536,0.384,Low Takeoff Signal,0.2,0.475,0.642,SL,Stable / Low Opportunity,Diversified Emerging Market,structural,0.5645,0.5821,0.4769,0.345,0.2457,0.6005,0.2962,0.4894,0.3701,0.6458,0.2912,0.3043,0.7795,0.6373,0.7815,0.5863,0.3888,0.3756,0.3263,0.6423,0.5929,0.7445,clean,N/A,HIGH,,True
SLV,SLV,2024,5.14,4.682,0.458,0.458,0.521,0.073,0.397,0.404,0.614,0.472,0.38,Low Takeoff Signal,0.2,0.443,0.671,SL,Stable / Low Opportunity,Diversified Emerging Market,structural,0.4462,0.7038,0.4728,0.3354,0.1959,0.5981,0.2605,0.4922,0.3342,0.642,0.2921,0.3268,0.7797,0.5327,0.7709,0.5904,0.4494,0.2301,0.3984,0.6708,0.4396,0.6222,clean,N/A,HIGH,,True
SOM,SOM,2010,,3.127,,0.282,0.14,0.109,0.607,0.229,0.125,,0.519,Moderate Potential,0.45,0.619,0.5,SL,Stable / Low Opportunity,Diversified Emerging Market,noise,0.6888,0.9748,0.4474,0.5137,0.4798,0.1109,0.4121,0.9834,0.0112,0.006,0.0171,0.0561,0.0981,0.5698,0.0964,0.3486,0.0172,,,,,,data_poverty,HIGH,LOW,export_growth; gross_capital_formation; secondary_school_enrolment; cpi_inflation; government_debt_pct_gdp; current_account_pct_gdp; natural_resource_rents_pct_gdp,True
SOM,SOM,2011,,3.204,,0.282,0.165,0.11,0.545,0.273,0.157,,0.504,Moderate Potential,0.45,0.569,0.5,SL,Stable / Low Opportunity,Commodity Exporter,noise,0.7059,0.3932,0.4133,0.7825,0.4846,0.2736,0.6272,0.9792,0.0141,0.0059,0.0169,0.0584,0.2496,0.7511,0.1007,0.3515,0.0177,,,,,,data_poverty,HIGH,LOW,export_growth; gross_capital_formation; secondary_school_enrolment; cpi_inflation; government_debt_pct_gdp; current_account_pct_gdp; natural_resource_rents_pct_gdp,True
SOM,SOM,2012,2.431,2.854,-0.423,0.282,0.096,0.093,0.51,0.133,0.149,0.455,0.511,Moderate Potential,0.45,0.511,0.59,SL,Stable / Low Opportunity,Diversified Emerging Market,noise,0.6426,0.9655,0.4209,0.1317,0.3706,0.0518,0.1161,0.4971,0.1934,0.008,0.0182,0.065,0.1388,0.6641,0.1117,0.3526,0.0216,0.7039,0.0715,0.5904,,,data_poverty,HIGH,LOW,export_growth; secondary_school_enrolment; cpi_inflation; government_debt_pct_gdp; current_account_pct_gdp; natural_resource_rents_pct_gdp,True
SOM,SOM,2013,1.409,3.423,-2.014,0.282,0.155,0.144,0.571,0.232,0.163,0.675,0.579,Pre-Breakout Signal,0.45,0.628,0.707,SR,Structural Risk,Diversified Emerging Market,structural,0.9282,0.9802,0.5073,0.1067,0.4101,0.6024,0.2511,0.3714,0.3574,0.0093,0.02,0.0641,0.1789,0.8858,0.1196,0.3545,0.0185,0.93,0.5665,0.7074,,,narrative_inconsistency,HIGH,MEDIUM,export_growth; secondary_school_enrolment; government_debt_pct_gdp,True
SOM,SOM,2014,1.558,3.91,-2.352,0.282,0.181,0.169,0.434,0.34,0.163,0.718,0.676,Pre-Breakout Signal,0.673,0.572,0.826,SR,Structural Risk,Diversified Emerging Market,structural,0.9331,0.5225,0.4837,0.0797,0.2561,0.6709,0.7125,0.4765,0.5155,0.0158,0.0243,0.0608,0.121,0.8388,0.1127,0.355,0.022,0.8947,0.6551,0.8259,,,narrative_inconsistency,HIGH,HIGH,secondary_school_enrolment; government_debt_pct_gdp,True
SOM,SOM,2015,3.693,3.411,0.282,0.282,0.197,0.176,0.423,0.328,0.165,0.75,0.514,Moderate Potential,0.242,0.649,0.942,SR,Structural Risk,Diversified Emerging Market,structural,0.9566,0.5155,0.479,0.0915,0.158,0.6472,0.5825,0.5557,0.6109,0.0187,0.0259,0.061,0.0711,0.9017,0.1073,0.3571,0.0228,0.9137,0.9101,0.9419,,0.953,clean,N/A,HIGH,secondary_school_enrolment; government_debt_pct_gdp,True
SOM,SOM,2016,2.757,3.096,-0.339,0.282,0.179,0.166,0.401,0.324,0.144,0.69,0.452,Moderate Potential,0.234,0.53,0.812,SR,Structural Risk,Diversified Emerging Market,recovery_bounce,0.8777,0.4462,0.552,0.0879,0.2877,0.5856,0.693,0.3908,0.6766,0.0205,0.0238,0.0596,0.0343,0.6806,0.0955,0.3588,0.0213,0.5746,0.8277,0.8117,,0.6841,clean,N/A,HIGH,secondary_school_enrolment; government_debt_pct_gdp,True
SOM,SOM,2017,3.007,2.725,0.282,0.282,0.171,0.119,0.438,0.314,0.161,0.475,0.362,Low Takeoff Signal,0.307,0.46,0.332,SL,Stable / Low Opportunity,Diversified Emerging Market,structural,0.9917,0.3105,0.4801,0.0812,0.4105,0.5329,0.61,0.4166,0.7174,0.0323,0.02,0.0609,0.0686,0.9707,0.0861,0.3613,0.0206,0.6225,0.5515,0.3316,,0.3961,clean,N/A,HIGH,secondary_school_enrolment; government_debt_pct_gdp,True
SOM,SOM,2018,2.262,1.98,0.282,0.282,0.121,0.096,0.381,0.257,0.148,0.38,0.229,Low Takeoff Signal,0.276,0.372,0.105,SL,Stable / Low Opportunity,Commodity Exporter,structural,0.3354,0.5203,0.4884,0.1259,0.3478,0.5355,0.5288,0.4312,0.3871,0.0262,0.0203,0.0547,0.2986,0.1208,0.0728,0.3628,0.0267,0.366,0.7337,0.105,,0.1862,clean,N/A,HIGH,secondary_school_enrolment; government_debt_pct_gdp,True
SOM,SOM,2019,2.517,2.235,0.282,0.282,0.117,0.092,0.378,0.241,0.154,0.38,0.307,Low Takeoff Signal,0.35,0.358,0.22,SL,Stable / Low Opportunity,Commodity Exporter,structural,0.4967,0.4177,0.4634,0.1313,0.4829,0.538,0.5307,0.1753,0.4765,0.0257,0.0223,0.0692,0.2742,0.2478,0.0657,0.3628,0.0275,0.0678,0.6524,0.2202,,0.2638,clean,N/A,HIGH,secondary_school_enrolment; government_debt_pct_gdp,True
SOM,SOM,2020,3.061,2.779,0.282,0.282,0.154,0.115,0.286,0.276,0.116,0.415,0.402,Moderate Potential,0.35,0.341,0.571,SL,Stable / Low Opportunity,Commodity Exporter,structural,0.5503,0.5667,0.5666,0.1698,0.1778,0.5442,0.5885,0.3164,0.6321,0.0157,0.0249,0.0714,0.1528,0.3946,0.0835,0.3501,0.034,0.0514,0.8463,0.5712,,0.2866,clean,N/A,HIGH,secondary_school_enrolment; government_debt_pct_gdp,True
SOM,SOM,2021,3.67,3.388,0.282,0.282,0.168,0.131,0.426,0.285,0.164,0.566,0.55,Moderate Potential,0.35,0.538,0.955,SR,Structural Risk,Commodity Exporter,structural,0.3154,0.6118,0.4985,0.2166,0.2449,0.5727,0.5946,0.2279,0.6888,0.0105,0.0267,0.0676,0.3684,0.164,0.078,0.3493,0.0395,0.0121,0.9346,0.9548,,0.8062,clean,N/A,HIGH,secondary_school_enrolment; government_debt_pct_gdp,True
SOM,SOM,2022,3.645,3.363,0.282,0.282,0.172,0.146,0.439,0.299,0.163,0.634,0.537,Moderate Potential,0.35,0.533,0.894,SR,Structural Risk,Diversified Emerging Market,structural,0.409,0.6159,0.5671,0.4647,0.1558,0.6486,0.6544,0.2472,0.6968,0.025,0.0266,0.069,0.3698,0.2933,0.0635,0.3461,0.0409,0.3589,0.8416,0.8945,,0.6781,clean,N/A,HIGH,secondary_school_enrolment; government_debt_pct_gdp,True
SOM,SOM,2023,3.586,3.304,0.282,0.282,0.173,0.121,0.497,0.298,0.174,0.546,0.519,Moderate Potential,0.35,0.493,0.873,SR,Structural Risk,Diversified Emerging Market,structural,0.6214,0.9958,0.6398,0.5118,0.006,0.5652,0.6001,0.1557,0.7895,0.022,0.0312,0.0668,0.3696,0.4563,0.0554,0.3413,0.0469,0.5064,0.6429,0.8731,,0.2853,clean,N/A,HIGH,government_debt_pct_gdp,True
SOM,SOM,2024,3.218,2.936,0.282,0.282,0.179,0.125,0.532,0.312,0.166,0.56,0.408,Moderate Potential,0.2,0.545,0.669,SR,Structural Risk,Diversified Emerging Market,structural,0.5967,0.9845,0.5585,0.6953,0.0052,0.5582,0.6043,0.1577,0.8601,0.0206,0.0283,0.0546,0.3695,0.3746,0.055,0.3404,0.0423,0.9078,0.3976,0.6689,,0.4224,clean,N/A,HIGH,government_debt_pct_gdp,True
SRB,SRB,2010,4.458,3.838,0.62,0.62,0.223,0.118,0.404,0.35,0.252,,0.454,Moderate Potential,0.45,0.421,0.5,SL,Stable / Low Opportunity,Diversified Emerging Market,structural,0.1694,0.5711,0.4397,0.1644,0.7219,0.1315,0.5716,0.3581,0.1056,0.4918,0.399,0.3992,0.734,0.3217,0.0178,0.6316,0.3801,,,,,,clean,N/A,HIGH,,False
SRB,SRB,2011,4.488,3.868,0.62,0.62,0.234,0.137,0.421,0.416,0.224,,0.445,Moderate Potential,0.45,0.399,0.5,SR,Structural Risk,Diversified Emerging Market,structural,0.2384,0.4524,0.5876,0.1976,0.7382,0.5042,0.5239,0.3402,0.1889,0.5316,0.4825,0.4083,0.7329,0.3761,0.0104,0.6664,0.3912,,,,,,clean,N/A,HIGH,,False
SRB,SRB,2012,4.077,3.457,0.62,0.62,0.179,0.104,0.399,0.343,0.232,0.38,0.552,Pre-Breakout Signal,0.45,0.426,0.95,SL,Stable / Low Opportunity,Diversified Emerging Market,structural,0.3,0.447,0.4276,0.2183,0.7293,0.1264,0.4167,0.3122,0.0997,0.5685,0.4863,0.3965,0.7291,0.389,0.0129,0.6653,0.3947,0.3372,0.4269,0.9502,0.0391,0.3043,clean,N/A,HIGH,,True
SRB,SRB,2013,4.72,4.1,0.62,0.62,0.276,0.141,0.445,0.445,0.259,0.522,0.587,Pre-Breakout Signal,0.45,0.511,0.938,SR,Structural Risk,Diversified Emerging Market,structural,0.2741,0.5897,0.4665,0.1716,0.7032,0.6422,0.4213,0.3927,0.1801,0.6186,0.5068,0.4073,0.7447,0.4268,0.0176,0.6655,0.4123,0.5862,0.5037,0.9382,0.0286,0.7424,clean,N/A,HIGH,,True
SRB,SRB,2014,4.053,3.433,0.62,0.62,0.243,0.144,0.38,0.47,0.26,0.448,0.451,Moderate Potential,0.231,0.464,0.951,SR,Structural Risk,Diversified Emerging Market,structural,0.079,0.4632,0.4721,0.1432,0.6908,0.6451,0.3229,0.3567,0.2677,0.6655,0.555,0.4883,0.7434,0.1726,0.0197,0.6637,0.5344,0.1801,0.522,0.9513,0.0367,0.9663,clean,N/A,HIGH,,True
SRB,SRB,2015,4.858,4.238,0.62,0.62,0.373,0.131,0.457,0.464,0.34,0.535,0.479,Moderate Potential,0.238,0.534,0.952,SR,Structural Risk,Diversified Emerging Market,structural,0.3318,0.534,0.5023,0.2243,0.7116,0.6172,0.3341,0.4947,0.2287,0.7198,0.5631,0.4377,0.7184,0.537,0.0309,0.6871,0.5551,0.6504,0.4995,0.9521,0.0274,0.932,clean,N/A,HIGH,,True
SRB,SRB,2016,5.755,5.135,0.62,0.62,0.501,0.127,0.487,0.465,0.429,0.644,0.536,Moderate Potential,0.315,0.597,0.877,SR,Structural Risk,Diversified Emerging Market,structural,0.5098,0.5497,0.5855,0.2161,0.7003,0.582,0.3968,0.5345,0.3782,0.69,0.5463,0.4179,0.7535,0.7331,0.0789,0.6597,0.5088,0.8103,0.9254,0.8772,0.2181,0.9574,clean,N/A,HIGH,,True
SRB,SRB,2017,5.348,4.728,0.62,0.62,0.489,0.123,0.476,0.459,0.453,0.649,0.442,Moderate Potential,0.326,0.606,0.435,SR,Structural Risk,Diversified Emerging Market,structural,0.376,0.4634,0.5035,0.2549,0.6915,0.5529,0.5223,0.3338,0.3703,0.6705,0.5334,0.3951,0.7466,0.5771,0.1019,0.6699,0.5173,0.9198,0.9577,0.4353,0.8292,0.5607,clean,N/A,HIGH,,True
SRB,SRB,2018,6.114,5.494,0.62,0.62,0.638,0.099,0.547,0.479,0.512,0.621,0.43,Moderate Potential,0.429,0.63,0.275,RO,Robust Opportunity,Diversified Emerging Market,structural,0.6791,0.5112,0.5142,0.3721,0.6832,0.5355,0.574,0.3522,0.4539,0.6592,0.5353,0.4058,0.7201,0.8637,0.1221,0.7064,0.5614,0.9403,0.9122,0.2752,0.933,0.5771,clean,N/A,HIGH,,True
SRB,SRB,2019,6.216,5.596,0.62,0.62,0.688,0.092,0.561,0.475,0.537,0.639,0.384,Low Takeoff Signal,0.2,0.658,0.437,RO,Robust Opportunity,High-Growth Emerging Market,structural,0.6931,0.4704,0.4933,0.515,0.6742,0.5388,0.6056,0.2838,0.465,0.6344,0.5489,0.4062,0.7268,0.8444,0.1528,0.71,0.5475,0.9757,0.9423,0.4366,0.9479,0.5089,clean,N/A,HIGH,,True
SRB,SRB,2020,6.239,5.619,0.62,0.62,0.71,0.121,0.443,0.463,0.478,0.62,0.357,Low Takeoff Signal,0.2,0.54,0.434,FO,Fragile Opportunity,Diversified Emerging Market,structural,0.6572,0.5112,0.5674,0.5486,0.6399,0.551,0.648,0.3571,0.4639,0.579,0.5162,0.3876,0.7513,0.7575,0.2463,0.7179,0.5661,0.8938,0.7542,0.4345,0.871,0.4173,clean,N/A,HIGH,,True
SRB,SRB,2021,6.072,5.452,0.62,0.62,0.689,0.054,0.633,0.469,0.588,0.577,0.343,Low Takeoff Signal,0.2,0.616,0.323,RO,Robust Opportunity,High-Growth Emerging Market,structural,0.691,0.689,0.5066,0.5655,0.6419,0.5569,0.6392,0.3491,0.4888,0.6002,0.4949,0.3537,0.742,0.8026,0.2766,0.7067,0.5528,0.7652,0.5523,0.3233,0.8833,0.5113,clean,N/A,HIGH,,True
SRB,SRB,2022,5.666,5.046,0.62,0.62,0.633,0.046,0.567,0.459,0.584,0.38,0.313,Low Takeoff Signal,0.2,0.444,0.352,RO,Robust Opportunity,High-Growth Emerging Market,structural,0.4081,0.7042,0.5762,0.6073,0.6281,0.5163,0.6486,0.3141,0.4086,0.5889,0.5223,0.3517,0.7427,0.6726,0.2553,0.7078,0.5781,0.3479,0.2163,0.3517,0.8161,0.0845,clean,N/A,HIGH,,True
SRB,SRB,2023,5.805,5.185,0.62,0.62,0.668,0.076,0.526,0.509,0.56,0.38,0.299,Low Takeoff Signal,0.2,0.375,0.367,RO,Robust Opportunity,Diversified Emerging Market,structural,0.5835,0.4911,0.636,0.5707,0.6379,0.5583,0.6976,0.4418,0.4405,0.6483,0.5117,0.347,0.7426,0.7403,0.2104,0.7034,0.5736,0.2038,0.1892,0.3671,0.6638,0.0498,clean,N/A,HIGH,,True
SRB,SRB,2024,6.289,5.669,0.62,0.62,0.708,0.064,0.534,0.469,0.586,0.484,0.373,Low Takeoff Signal,0.2,0.496,0.554,RO,Robust Opportunity,Diversified Emerging Market,structural,0.5809,0.5272,0.5542,0.6033,0.5978,0.5681,0.7052,0.256,0.4639,0.5601,0.5067,0.333,0.7427,0.7498,0.2869,0.7014,0.5684,0.1877,0.3708,0.5544,0.7753,0.5557,clean,N/A,HIGH,,True
SSD,SSD,2010,,3.099,,0.298,0.118,0.154,0.251,0.362,0.075,,0.405,Moderate Potential,0.45,0.305,0.5,SR,Structural Risk,Diversified Emerging Market,noise,0.5576,0.2677,0.3459,0.0391,0.0305,0.2302,0.5721,0.384,0.6998,0.1485,0.1248,0.4674,0.0044,0.1511,0.4339,0.0605,0.1426,,,,,,data_poverty,HIGH,LOW,net_fdi_pct_gdp; secondary_school_enrolment; cpi_inflation; government_debt_pct_gdp; current_account_pct_gdp; external_debt_pct_gni; political_stability; rule_of_law; regulatory_quality,False
SSD,SSD,2011,2.75,2.452,0.298,0.298,0.115,0.173,0.159,0.414,0.03,,0.369,Low Takeoff Signal,0.45,0.234,0.5,SR,Structural Risk,Commodity Exporter,structural,0.0691,0.3822,0.3448,0.0416,0.0132,0.5002,0.9139,0.8368,0.3969,0.0889,0.1054,0.1199,0.0034,0.022,0.4319,0.0579,0.0542,,,,,,clean,N/A,MEDIUM,net_fdi_pct_gdp; cpi_inflation; external_debt_pct_gni,True
SSD,SSD,2012,2.365,2.067,0.298,0.298,0.07,0.124,0.085,0.283,0.016,0.38,0.33,Low Takeoff Signal,0.45,0.17,0.5,SR,Structural Risk,Diversified Emerging Market,structural,0.0,0.028,0.4007,0.0265,0.0119,0.0032,0.8697,0.2199,0.6578,0.0948,0.1438,0.1075,0.6382,0.0,0.435,0.0515,0.0729,0.0263,,,,,clean,N/A,HIGH,external_debt_pct_gni,True
SSD,SSD,2013,3.744,3.446,0.298,0.298,0.202,0.132,0.451,0.417,0.199,0.431,0.515,Moderate Potential,0.45,0.54,0.572,SR,Structural Risk,Diversified Emerging Market,structural,0.964,0.9699,0.1848,0.0615,0.0125,0.9751,0.8146,0.435,0.5823,0.0376,0.1129,0.0928,0.2665,0.9311,0.4474,0.0482,0.0582,0.693,,0.5715,0.0286,,clean,N/A,HIGH,external_debt_pct_gni,True
SSD,SSD,2014,2.317,2.019,0.298,0.298,0.113,0.119,0.36,0.3,0.119,0.42,0.253,Low Takeoff Signal,0.697,0.447,0.04,SL,Stable / Low Opportunity,Diversified Emerging Market,structural,0.4971,0.851,0.377,0.0264,0.0123,0.1883,0.6329,0.5203,0.7374,0.0141,0.0632,0.063,0.0204,0.612,0.4417,0.0469,0.0467,0.7278,0.5448,0.04,0.0367,0.97,clean,N/A,HIGH,external_debt_pct_gni,True
SSD,SSD,2015,1.91,1.612,0.298,0.298,0.09,0.113,0.083,0.25,0.092,0.38,0.174,Low Takeoff Signal,0.337,0.272,0.048,SL,Stable / Low Opportunity,Diversified Emerging Market,structural,0.0033,0.0958,0.3323,0.023,0.0133,0.0,0.449,0.7347,0.7595,0.0188,0.0617,0.057,0.1962,0.0087,0.4388,0.0456,0.0442,0.829,0.6678,0.0475,0.0274,0.0741,clean,N/A,HIGH,external_debt_pct_gni,True
SSD,SSD,2016,1.799,1.501,0.298,0.298,0.067,0.093,0.081,0.098,0.085,0.38,0.178,Low Takeoff Signal,0.337,0.287,0.049,SL,Stable / Low Opportunity,Diversified Emerging Market,structural,0.0015,0.0939,0.2785,0.0232,0.0118,0.0,0.0099,0.6659,0.0414,0.0182,0.0548,0.0542,0.1462,0.0043,0.413,0.0444,0.0387,0.9346,0.6032,0.0485,0.0441,0.0385,clean,N/A,HIGH,external_debt_pct_gni,True
SSD,SSD,2017,1.683,1.385,0.298,0.298,0.054,0.099,0.083,0.024,0.081,0.38,0.165,Low Takeoff Signal,0.337,0.216,0.052,SL,Stable / Low Opportunity,Commodity Exporter,structural,0.0022,0.0814,0.4035,0.0137,0.0118,0.0232,0.0066,0.0002,0.0578,0.0146,0.0537,0.0575,0.1984,0.006,0.3916,0.0443,0.0351,0.0275,0.9577,0.0519,0.0347,0.0257,clean,N/A,HIGH,external_debt_pct_gni,True
SSD,SSD,2018,1.911,1.613,0.298,0.298,0.088,0.123,0.087,0.286,0.077,0.38,0.177,Low Takeoff Signal,0.337,0.202,0.072,SR,Structural Risk,Commodity Exporter,structural,0.0004,0.0866,0.4357,0.0144,0.011,0.5342,0.2548,0.7891,0.6422,0.0156,0.0436,0.0526,0.2523,0.0012,0.38,0.0452,0.0315,,,0.0723,0.0412,0.5555,clean,N/A,HIGH,external_debt_pct_gni,True
SSD,SSD,2019,1.996,1.698,0.298,0.298,0.107,0.159,0.095,0.353,0.076,0.513,0.172,Low Takeoff Signal,0.337,0.318,0.039,SR,Structural Risk,Commodity Exporter,structural,0.0031,0.2197,0.4084,0.0153,0.0104,0.522,0.6727,0.6975,0.7372,0.0139,0.0451,0.0457,0.1902,0.0061,0.3797,0.0459,0.0324,,,0.0386,0.7881,0.9686,clean,N/A,HIGH,external_debt_pct_gni,True
SSD,SSD,2020,2.56,2.262,0.298,0.298,0.169,0.167,0.101,0.381,0.081,0.519,0.236,Low Takeoff Signal,0.603,0.317,0.056,SR,Structural Risk,Commodity Exporter,structural,0.1439,0.1645,0.4726,0.0209,0.0095,0.3869,0.6931,0.9104,0.7965,0.0252,0.0405,0.0463,0.1052,0.2146,0.3859,0.0469,0.0292,,,0.0564,0.871,0.9722,clean,N/A,HIGH,external_debt_pct_gni,True
SSD,SSD,2021,2.224,1.926,0.298,0.298,0.134,0.166,0.098,0.38,0.082,0.514,0.196,Low Takeoff Signal,0.45,0.318,0.042,SR,Structural Risk,Commodity Exporter,structural,0.0031,0.0015,0.4159,0.0179,0.0095,0.5957,0.6617,0.9531,0.6625,0.0219,0.0373,0.0467,0.3006,0.0086,0.3908,0.0461,0.0305,,,0.0422,0.8958,0.8562,clean,N/A,HIGH,external_debt_pct_gni,True
SSD,SSD,2022,2.921,2.623,0.298,0.298,0.14,0.191,0.099,0.42,0.079,0.618,0.379,Low Takeoff Signal,0.45,0.34,0.353,SR,Structural Risk,Diversified Emerging Market,structural,0.0174,0.0007,0.4811,0.0194,0.0096,0.8538,0.7561,0.9841,0.6504,0.0587,0.043,0.0443,0.3019,0.0282,0.4012,0.047,0.0315,,,0.3526,0.8874,0.8987,clean,N/A,HIGH,external_debt_pct_gni,True
SSD,SSD,2023,2.727,2.429,0.298,0.298,0.119,0.18,0.099,0.42,0.076,0.552,0.357,Low Takeoff Signal,0.45,0.318,0.313,SR,Structural Risk,Diversified Emerging Market,structural,0.0063,0.0004,0.4041,0.0154,0.0102,0.2032,0.6594,0.9979,0.7257,0.073,0.039,0.0429,0.3017,0.0167,0.3843,0.0467,0.0274,,,0.3128,0.592,0.8552,clean,N/A,HIGH,external_debt_pct_gni,True
SSD,SSD,2024,2.892,2.594,0.298,0.298,0.107,0.14,0.279,0.378,0.077,0.38,0.422,Moderate Potential,0.45,0.314,0.552,SR,Structural Risk,Diversified Emerging Market,structural,0.0037,0.0021,0.4142,0.0159,0.9244,0.0018,0.607,0.6244,0.8213,0.0873,0.0422,0.0342,0.3015,0.0091,0.3858,0.0463,0.0293,,,0.5521,0.285,0.0145,clean,N/A,HIGH,external_debt_pct_gni,True
SUR,SUR,2010,5.904,5.768,0.136,0.136,0.546,0.154,0.487,0.61,0.392,,0.506,Moderate Potential,0.45,0.575,0.5,SR,Structural Risk,Diversified Emerging Market,structural,0.5198,0.4293,0.2075,0.9311,0.4001,0.1289,0.8095,0.8102,0.8988,0.6521,0.5521,0.491,0.1132,0.5544,0.636,0.8045,0.3004,,,,,,clean,N/A,MEDIUM,export_growth; external_debt_pct_gni,False
SUR,SUR,2011,5.385,5.249,0.136,0.136,0.456,0.161,0.519,0.594,0.309,,0.497,Moderate Potential,0.45,0.545,0.5,SR,Structural Risk,High-Growth Emerging Market,structural,0.6494,0.3539,0.407,0.9016,0.353,0.1853,0.7944,0.6988,0.9012,0.6551,0.5546,0.4906,0.0501,0.6673,0.4451,0.8009,0.3316,,,,,,clean,N/A,MEDIUM,export_growth; external_debt_pct_gni,False
SUR,SUR,2012,5.013,4.877,0.136,0.136,0.47,0.176,0.497,0.61,0.304,0.565,0.511,Moderate Potential,0.45,0.579,0.512,SR,Structural Risk,High-Growth Emerging Market,structural,0.4458,0.4555,0.4383,0.898,0.3369,0.5898,0.7883,0.5894,0.6846,0.6456,0.553,0.5086,0.0501,0.4613,0.445,0.7973,0.3475,0.4357,0.9669,0.5125,0.3768,0.8524,clean,N/A,MEDIUM,export_growth; external_debt_pct_gni,True
SUR,SUR,2013,5.3,5.164,0.136,0.136,0.506,0.145,0.483,0.573,0.384,0.503,0.536,Moderate Potential,0.45,0.55,0.638,SR,Structural Risk,High-Growth Emerging Market,structural,0.4652,0.3841,0.4485,0.9041,0.3192,0.7374,0.7256,0.4438,0.4958,0.6526,0.568,0.4997,0.1185,0.5017,0.4601,0.794,0.3671,0.172,0.9599,0.6385,0.2026,0.9728,clean,N/A,MEDIUM,export_growth; external_debt_pct_gni,True
SUR,SUR,2014,4.673,4.537,0.136,0.136,0.415,0.136,0.426,0.536,0.397,0.453,0.499,Moderate Potential,0.535,0.508,0.451,SR,Structural Risk,High-Growth Emerging Market,structural,0.1848,0.4021,0.3515,0.9195,0.294,0.5134,0.7687,0.2844,0.5351,0.6863,0.5283,0.444,0.2566,0.2089,0.5709,0.7893,0.2517,0.021,0.7958,0.4507,0.2915,0.97,clean,N/A,MEDIUM,export_growth; external_debt_pct_gni,True
SUR,SUR,2015,3.448,3.312,0.136,0.136,0.352,0.092,0.442,0.415,0.387,0.38,0.254,Low Takeoff Signal,0.341,0.342,0.127,SL,Stable / Low Opportunity,High-Growth Emerging Market,structural,0.0661,0.4795,0.4375,0.9034,0.3277,0.1276,0.643,0.0734,0.548,0.7272,0.4926,0.4912,0.5423,0.0764,0.6487,0.7826,0.2522,0.0212,0.6129,0.127,0.1064,0.1107,clean,N/A,HIGH,export_growth,True
SUR,SUR,2016,2.233,2.097,0.136,0.136,0.213,0.099,0.43,0.338,0.239,0.38,0.124,Low Takeoff Signal,0.126,0.275,0.049,SL,Stable / Low Opportunity,Diversified Emerging Market,structural,0.0238,0.4,0.6621,0.9067,0.3353,0.1128,0.2833,0.4263,0.1733,0.6954,0.4833,0.4926,0.0952,0.0274,0.2567,0.7787,0.2425,0.0294,0.7186,0.0485,0.0441,0.0385,clean,N/A,HIGH,export_growth,True
SUR,SUR,2017,2.79,2.654,0.136,0.136,0.298,0.108,0.495,0.432,0.29,0.38,0.151,Low Takeoff Signal,0.148,0.386,0.052,SL,Stable / Low Opportunity,Diversified Emerging Market,structural,0.3001,0.4401,0.4455,0.9378,0.3361,0.5119,0.3201,0.7292,0.1621,0.6913,0.4693,0.487,0.0551,0.3319,0.2369,0.7756,0.2299,0.4251,0.675,0.0519,0.0347,0.0257,clean,N/A,HIGH,export_growth,True
SUR,SUR,2018,4.012,3.876,0.136,0.136,0.481,0.078,0.55,0.419,0.425,0.452,0.216,Low Takeoff Signal,0.222,0.535,0.072,SL,Stable / Low Opportunity,Diversified Emerging Market,structural,0.714,0.4377,0.4689,0.9247,0.3746,0.5354,0.3716,0.4428,0.1347,0.6738,0.4622,0.4476,0.4321,0.7521,0.2218,0.7736,0.2198,0.9403,0.8171,0.0723,0.0412,0.6457,clean,N/A,HIGH,export_growth,True
SUR,SUR,2019,3.929,3.793,0.136,0.136,0.36,0.075,0.485,0.365,0.393,0.409,0.375,Low Takeoff Signal,0.45,0.511,0.211,SL,Stable / Low Opportunity,High-Growth Emerging Market,structural,0.3304,0.4444,0.4305,0.9272,0.3656,0.5374,0.2392,0.1359,0.1069,0.6657,0.4668,0.441,0.4562,0.344,0.2155,0.7721,0.2615,0.9757,0.2865,0.2111,0.0483,0.9686,clean,N/A,HIGH,export_growth,True
SUR,SUR,2020,3.239,3.103,0.136,0.136,0.211,0.152,0.238,0.439,0.142,0.38,0.407,Moderate Potential,0.45,0.304,0.508,SR,Structural Risk,Diversified Emerging Market,structural,0.0446,0.3473,0.4732,0.3395,0.3403,0.4371,0.0514,0.9284,0.0319,0.7949,0.4933,0.4157,0.5314,0.0422,0.1939,0.7758,0.2394,0.735,0.0171,0.508,0.0355,0.3637,clean,N/A,MEDIUM,export_growth; gross_capital_formation,True
SUR,SUR,2021,3.669,3.533,0.136,0.136,0.25,0.118,0.398,0.434,0.305,0.38,0.468,Reform Story,0.45,0.33,0.736,SL,Stable / Low Opportunity,Commodity Exporter,structural,0.0552,0.7934,0.3626,0.557,0.2408,0.2102,0.1361,0.7963,0.0342,0.7664,0.4929,0.421,0.4347,0.0673,0.2016,0.7794,0.259,0.0121,0.0356,0.7361,0.0493,0.0212,clean,N/A,MEDIUM,export_growth; gross_capital_formation,True
SUR,SUR,2022,4.167,4.031,0.136,0.136,0.334,0.093,0.47,0.422,0.374,0.38,0.479,Reform Story,0.45,0.358,0.725,SL,Stable / Low Opportunity,High-Growth Emerging Market,structural,0.3887,0.55,0.4777,0.5561,0.4087,0.0897,0.0918,0.6459,0.0863,0.721,0.4937,0.4263,0.436,0.414,0.1972,0.776,0.2355,0.2693,0.0752,0.7251,0.03,0.0305,clean,N/A,MEDIUM,export_growth; gross_capital_formation,True
SUR,SUR,2023,4.285,4.149,0.136,0.136,0.321,0.134,0.367,0.451,0.371,0.522,0.531,Moderate Potential,0.45,0.494,0.702,SR,Structural Risk,Diversified Emerging Market,structural,0.4607,0.4457,0.3482,0.2346,0.39,0.3918,0.189,0.7441,0.0499,0.7362,0.5101,0.4201,0.4358,0.4986,0.1897,0.7724,0.2287,0.8175,0.1167,0.7022,0.593,0.4481,clean,N/A,MEDIUM,export_growth; gross_capital_formation,True
SUR,SUR,2024,4.413,4.277,0.136,0.136,0.323,0.148,0.401,0.423,0.338,0.66,0.564,Pre-Breakout Signal,0.45,0.621,0.658,SR,Structural Risk,Diversified Emerging Market,structural,0.3611,0.4855,0.3956,0.4551,0.3775,0.5234,0.2637,0.4181,0.0514,0.8189,0.5029,0.4083,0.4357,0.4018,0.1912,0.7738,0.1681,0.9702,0.3924,0.6578,0.9726,0.9398,clean,N/A,MEDIUM,export_growth; gross_capital_formation,True
SVK,SVK,2010,7.924,7.242,0.682,0.682,0.811,0.115,0.587,0.641,0.541,,0.518,Moderate Potential,0.45,0.614,0.5,RO,Robust Opportunity,Advanced Economy,structural,0.6984,0.5911,0.3968,0.5444,0.7638,0.8568,0.5381,0.3856,0.4944,0.9238,0.7025,0.6635,0.7949,0.8298,0.0951,0.8527,0.8732,,,,,,clean,N/A,HIGH,external_debt_pct_gni,False
SVK,SVK,2011,7.001,6.319,0.682,0.682,0.657,0.118,0.521,0.57,0.485,,0.492,Moderate Potential,0.45,0.53,0.5,RO,Robust Opportunity,Advanced Economy,structural,0.4032,0.4942,0.4683,0.569,0.7549,0.6124,0.5072,0.4005,0.2116,0.9059,0.7228,0.6556,0.8058,0.5004,0.1039,0.8505,0.8673,,,,,,clean,N/A,HIGH,external_debt_pct_gni,False
SVK,SVK,2012,5.988,5.306,0.682,0.682,0.553,0.127,0.455,0.575,0.473,0.38,0.506,Reform Story,0.45,0.401,0.76,SR,Structural Risk,Advanced Economy,stable,0.391,0.5027,0.4102,0.3215,0.7405,0.6542,0.4174,0.5449,0.174,0.9117,0.7215,0.6454,0.795,0.4547,0.1082,0.849,0.868,0.0514,0.4325,0.7603,0.0391,0.1853,clean,N/A,HIGH,external_debt_pct_gni,True
SVK,SVK,2013,5.707,5.025,0.682,0.682,0.516,0.138,0.433,0.593,0.467,0.38,0.483,Reform Story,0.45,0.389,0.674,SR,Structural Risk,Advanced Economy,stable,0.2913,0.47,0.3479,0.3599,0.6916,0.7503,0.4155,0.6167,0.1696,0.9183,0.7251,0.6366,0.7959,0.3966,0.1188,0.8485,0.8411,0.0254,0.3269,0.6744,0.0416,0.2077,clean,N/A,HIGH,external_debt_pct_gni,True
SVK,SVK,2014,6.026,5.344,0.682,0.682,0.63,0.12,0.452,0.598,0.581,0.38,0.401,Moderate Potential,0.372,0.376,0.472,FO,Fragile Opportunity,Advanced Economy,stable,0.4192,0.4539,0.3688,0.3918,0.6694,0.7459,0.4436,0.6361,0.2204,0.9224,0.6788,0.6625,0.7961,0.5963,0.2363,0.8505,0.8187,0.1528,0.0431,0.4721,0.1001,0.3365,clean,N/A,HIGH,external_debt_pct_gni,True
SVK,SVK,2015,6.445,5.763,0.682,0.682,0.76,0.087,0.54,0.574,0.619,0.487,0.322,Low Takeoff Signal,0.332,0.573,0.16,RO,Robust Opportunity,Diversified Emerging Market,structural,0.712,0.5118,0.381,0.5465,0.6482,0.6642,0.5194,0.56,0.1666,0.9018,0.6822,0.6597,0.7574,0.8209,0.2302,0.8494,0.8034,0.8162,0.0692,0.1597,0.7051,0.9473,clean,N/A,HIGH,external_debt_pct_gni,True
SVK,SVK,2016,6.548,5.866,0.682,0.682,0.732,0.113,0.49,0.57,0.622,0.635,0.393,Low Takeoff Signal,0.379,0.564,0.27,RO,Robust Opportunity,Advanced Economy,structural,0.3894,0.4915,0.5685,0.4925,0.6343,0.596,0.5533,0.6062,0.2609,0.8697,0.6907,0.6861,0.7921,0.546,0.3341,0.8466,0.8334,0.6699,0.8307,0.2699,0.8711,0.7379,clean,N/A,HIGH,external_debt_pct_gni,True
SVK,SVK,2017,6.557,5.875,0.682,0.682,0.719,0.093,0.483,0.561,0.669,0.559,0.415,Moderate Potential,0.382,0.562,0.321,RO,Robust Opportunity,Advanced Economy,structural,0.4285,0.4239,0.473,0.4523,0.6324,0.5589,0.569,0.5261,0.2502,0.8935,0.6868,0.666,0.7918,0.5567,0.4224,0.8478,0.8054,0.6093,0.9577,0.321,0.8781,0.365,clean,N/A,HIGH,external_debt_pct_gni,True
SVK,SVK,2018,7.681,6.999,0.682,0.682,0.818,0.082,0.509,0.579,0.726,0.578,0.578,Pre-Breakout Signal,0.462,0.577,0.753,RO,Robust Opportunity,Advanced Economy,structural,0.6047,0.4763,0.4571,0.4634,0.6366,0.5355,0.5962,0.5184,0.3792,0.8619,0.707,0.6794,0.7624,0.7505,0.5452,0.8486,0.7947,0.5299,0.8782,0.7527,0.8442,0.1085,clean,N/A,HIGH,external_debt_pct_gni,True
SVK,SVK,2019,6.731,6.049,0.682,0.682,0.735,0.097,0.464,0.58,0.68,0.498,0.439,Moderate Potential,0.2,0.52,0.901,RO,Robust Opportunity,Advanced Economy,structural,0.4413,0.4422,0.4311,0.4674,0.6287,0.5379,0.6223,0.4224,0.4331,0.8523,0.7259,0.6664,0.7634,0.565,0.4939,0.847,0.8042,0.359,0.5833,0.9013,0.7916,0.0498,clean,N/A,HIGH,external_debt_pct_gni,True
SVK,SVK,2020,6.561,5.879,0.682,0.682,0.71,0.147,0.356,0.592,0.546,0.489,0.43,Moderate Potential,0.2,0.466,0.956,FO,Fragile Opportunity,Knowledge / Service Economy,structural,0.5613,0.4958,0.4565,0.3413,0.6184,0.5501,0.6125,0.5651,0.4457,0.8396,0.7807,0.7209,0.786,0.6288,0.4666,0.8473,0.7829,0.7755,0.0171,0.9559,0.8282,0.1789,clean,N/A,HIGH,external_debt_pct_gni,True
SVK,SVK,2021,6.794,6.112,0.682,0.682,0.729,0.08,0.541,0.585,0.692,0.557,0.465,Moderate Potential,0.2,0.584,0.955,RO,Robust Opportunity,Advanced Economy,structural,0.5,0.454,0.445,0.4406,0.6225,0.5768,0.5798,0.3165,0.478,0.8352,0.8331,0.706,0.7879,0.5959,0.3771,0.8481,0.8142,0.7176,0.1564,0.9548,0.6397,0.523,clean,N/A,HIGH,external_debt_pct_gni,True
SVK,SVK,2022,5.92,5.238,0.682,0.682,0.596,0.096,0.454,0.556,0.624,0.432,0.423,Moderate Potential,0.2,0.451,0.938,RO,Robust Opportunity,Advanced Economy,stable,0.2774,0.3077,0.5388,0.4468,0.6319,0.5177,0.5792,0.2179,0.3881,0.8186,0.8079,0.717,0.7884,0.3664,0.3594,0.8447,0.8164,0.3074,0.4952,0.9378,0.3781,0.2298,clean,N/A,HIGH,external_debt_pct_gni,True
SVK,SVK,2023,6.32,5.638,0.682,0.682,0.676,0.115,0.425,0.596,0.641,0.436,0.414,Moderate Potential,0.2,0.463,0.847,RO,Robust Opportunity,Advanced Economy,stable,0.4328,0.3741,0.419,0.296,0.648,0.5655,0.5952,0.4739,0.2611,0.8295,0.7968,0.7233,0.7883,0.5636,0.3373,0.8412,0.7567,0.2102,0.4411,0.8467,0.4801,0.301,clean,N/A,HIGH,external_debt_pct_gni,True
SVK,SVK,2024,6.451,5.769,0.682,0.682,0.697,0.115,0.439,0.596,0.635,0.496,0.418,Moderate Potential,0.25,0.469,0.663,RO,Robust Opportunity,Advanced Economy,structural,0.3816,0.3882,0.4942,0.324,0.6491,0.5761,0.5673,0.4202,0.4236,0.86,0.7988,0.6195,0.7885,0.5213,0.369,0.8458,0.7087,0.1902,0.7347,0.6634,0.3156,0.5768,clean,N/A,HIGH,external_debt_pct_gni,True
SVN,SVN,2010,6.968,6.399,0.569,0.569,0.687,0.151,0.421,0.665,0.576,,0.469,Moderate Potential,0.45,0.463,0.5,FO,Fragile Opportunity,Advanced Economy,structural,0.139,0.457,0.3531,0.3886,0.8052,0.8259,0.566,0.4852,0.1784,0.9167,0.8689,0.8313,0.7959,0.1949,0.5951,0.8292,0.83,,,,,,clean,N/A,HIGH,external_debt_pct_gni,False
SVN,SVN,2011,7.125,6.556,0.569,0.569,0.715,0.145,0.428,0.666,0.61,,0.47,Moderate Potential,0.45,0.467,0.5,FO,Fragile Opportunity,Advanced Economy,structural,0.2735,0.4623,0.364,0.3415,0.7941,0.7173,0.4591,0.4906,0.4158,0.9289,0.8591,0.8174,0.8058,0.3495,0.5613,0.8332,0.8115,,,,,,clean,N/A,HIGH,external_debt_pct_gni,False
SVN,SVN,2012,5.319,4.75,0.569,0.569,0.532,0.169,0.373,0.664,0.511,0.38,0.382,Low Takeoff Signal,0.45,0.341,0.361,SR,Structural Risk,Advanced Economy,stable,0.2068,0.4287,0.3778,0.22,0.7768,0.6976,0.3873,0.5551,0.5282,0.9068,0.8585,0.8183,0.7968,0.2534,0.4114,0.8341,0.781,0.1328,0.4088,0.3606,0.0391,0.1995,clean,N/A,HIGH,external_debt_pct_gni,True
SVN,SVN,2013,5.613,5.044,0.569,0.569,0.595,0.132,0.423,0.602,0.552,0.38,0.37,Low Takeoff Signal,0.45,0.395,0.271,FO,Fragile Opportunity,Advanced Economy,stable,0.1974,0.4455,0.3195,0.2608,0.8668,0.7334,0.2421,0.6317,0.1272,0.8954,0.851,0.7981,0.7983,0.2728,0.3873,0.8261,0.7748,0.3251,0.4551,0.2714,0.0286,0.2277,clean,N/A,HIGH,external_debt_pct_gni,True
SVN,SVN,2014,6.744,6.175,0.569,0.569,0.746,0.107,0.483,0.612,0.638,0.443,0.457,Moderate Potential,0.413,0.484,0.48,RO,Robust Opportunity,Advanced Economy,stable,0.4255,0.4784,0.4243,0.2517,0.8567,0.7323,0.163,0.7575,0.1808,0.91,0.8604,0.8044,0.7968,0.6027,0.4205,0.8128,0.7602,0.7187,0.6146,0.4798,0.0367,0.3673,clean,N/A,HIGH,external_debt_pct_gni,True
SVN,SVN,2015,6.893,6.324,0.569,0.569,0.768,0.103,0.487,0.608,0.673,0.529,0.465,Moderate Potential,0.412,0.55,0.441,RO,Robust Opportunity,Advanced Economy,structural,0.4388,0.499,0.4519,0.2586,0.8452,0.6642,0.183,0.8225,0.2211,0.9154,0.8553,0.815,0.7574,0.5889,0.5433,0.8301,0.7606,0.8751,0.9163,0.4406,0.0274,0.6779,clean,N/A,HIGH,external_debt_pct_gni,True
SVN,SVN,2016,7.198,6.629,0.569,0.569,0.803,0.097,0.502,0.619,0.703,0.54,0.497,Moderate Potential,0.483,0.57,0.439,RO,Robust Opportunity,Advanced Economy,structural,0.5168,0.5064,0.452,0.2398,0.884,0.5936,0.245,0.8678,0.3661,0.9202,0.8554,0.8349,0.7922,0.677,0.5719,0.8457,0.7765,0.9346,0.9254,0.4388,0.0822,0.6785,clean,N/A,HIGH,external_debt_pct_gni,True
SVN,SVN,2017,7.483,6.914,0.569,0.569,0.873,0.077,0.559,0.628,0.765,0.615,0.472,Moderate Potential,0.478,0.639,0.328,RO,Robust Opportunity,Advanced Economy,structural,0.6669,0.4936,0.4425,0.2788,0.8805,0.5612,0.3012,0.8972,0.4168,0.9091,0.8366,0.844,0.7941,0.7774,0.6898,0.8425,0.763,0.9484,0.8669,0.3276,0.8268,0.4988,clean,N/A,HIGH,external_debt_pct_gni,True
SVN,SVN,2018,7.313,6.744,0.569,0.569,0.874,0.078,0.544,0.637,0.764,0.52,0.423,Moderate Potential,0.553,0.578,0.215,RO,Robust Opportunity,Advanced Economy,structural,0.6457,0.483,0.4647,0.325,0.8735,0.5356,0.3459,0.8723,0.4507,0.914,0.8464,0.8477,0.7633,0.7593,0.7468,0.8435,0.7843,0.9371,0.624,0.215,0.933,0.262,clean,N/A,HIGH,external_debt_pct_gni,True
SVN,SVN,2019,7.195,6.626,0.569,0.569,0.857,0.084,0.517,0.63,0.757,0.52,0.416,Moderate Potential,0.25,0.552,0.541,RO,Robust Opportunity,Advanced Economy,structural,0.571,0.4571,0.4508,0.3011,0.8587,0.5388,0.418,0.8449,0.2809,0.908,0.8766,0.8504,0.764,0.635,0.7614,0.8551,0.846,0.5952,0.5999,0.5406,0.9479,0.1162,clean,N/A,HIGH,external_debt_pct_gni,True
SVN,SVN,2020,7.065,6.496,0.569,0.569,0.79,0.165,0.397,0.631,0.534,0.617,0.48,Moderate Potential,0.25,0.535,0.905,FO,Fragile Opportunity,Knowledge / Service Economy,structural,0.4689,0.4767,0.4871,0.3394,0.8516,0.5554,0.4064,0.9052,0.4705,0.8711,0.8825,0.8299,0.7862,0.4997,0.6429,0.8554,0.8428,0.5053,0.6259,0.9055,0.846,0.4547,clean,N/A,HIGH,external_debt_pct_gni,True
SVN,SVN,2021,7.741,7.172,0.569,0.569,0.879,0.063,0.621,0.63,0.797,0.704,0.535,Moderate Potential,0.25,0.698,0.955,RO,Robust Opportunity,Advanced Economy,structural,0.7249,0.5406,0.4626,0.3926,0.833,0.5783,0.4371,0.7245,0.4368,0.8713,0.8812,0.8153,0.7889,0.7549,0.6611,0.8558,0.8376,0.7164,0.5524,0.9548,0.8768,0.7795,clean,N/A,HIGH,external_debt_pct_gni,True
SVN,SVN,2022,7.281,6.712,0.569,0.569,0.83,0.074,0.556,0.617,0.743,0.544,0.48,Moderate Potential,0.25,0.557,0.865,RO,Robust Opportunity,Advanced Economy,structural,0.4058,0.435,0.5315,0.5133,0.8242,0.5888,0.414,0.5211,0.3939,0.8798,0.8837,0.8309,0.7895,0.479,0.703,0.8549,0.8194,0.3496,0.3887,0.8647,0.7927,0.4804,clean,N/A,HIGH,external_debt_pct_gni,True
SVN,SVN,2023,7.268,6.699,0.569,0.569,0.856,0.104,0.5,0.658,0.735,0.478,0.438,Moderate Potential,0.25,0.493,0.732,RO,Robust Opportunity,Advanced Economy,structural,0.4569,0.3341,0.4844,0.4473,0.8276,0.5813,0.4613,0.7505,0.325,0.8923,0.8922,0.8168,0.7893,0.5425,0.6967,0.854,0.8338,0.2171,0.4295,0.7315,0.5934,0.4168,clean,N/A,HIGH,external_debt_pct_gni,True
SVN,SVN,2024,7.28,6.711,0.569,0.569,0.844,0.11,0.494,0.663,0.713,0.527,0.46,Moderate Potential,0.25,0.532,0.79,RO,Robust Opportunity,Advanced Economy,structural,0.3621,0.4496,0.4716,0.4004,0.826,0.5864,0.4675,0.7673,0.3388,0.8792,0.8929,0.8145,0.7895,0.458,0.663,0.8552,0.836,0.1739,0.4074,0.7897,0.8455,0.5532,clean,N/A,HIGH,external_debt_pct_gni,True
SWE,SWE,2010,8.345,7.449,0.896,0.896,0.86,0.147,0.517,0.749,0.649,,0.502,Moderate Potential,0.45,0.562,0.5,FO,Fragile Opportunity,Advanced Economy,structural,0.5871,0.4697,0.3393,0.3813,0.8405,0.8306,0.5662,0.6503,0.3589,0.9183,0.9787,0.9847,0.7661,0.6609,0.2674,0.8873,0.9659,,,,,,clean,N/A,HIGH,external_debt_pct_gni,False
SWE,SWE,2011,8.053,7.157,0.896,0.896,0.813,0.159,0.483,0.754,0.627,,0.49,Moderate Potential,0.45,0.526,0.5,FO,Fragile Opportunity,Advanced Economy,structural,0.4483,0.4631,0.3511,0.4056,0.8301,0.7584,0.5817,0.6266,0.4145,0.9341,0.9803,0.9833,0.7752,0.4971,0.3308,0.8884,0.9805,,,,,,clean,N/A,HIGH,external_debt_pct_gni,False
SWE,SWE,2012,7.3,6.404,0.896,0.896,0.726,0.179,0.431,0.743,0.557,0.498,0.551,Pre-Breakout Signal,0.45,0.499,0.785,FO,Fragile Opportunity,Advanced Economy,structural,0.3012,0.4284,0.3904,0.3443,0.828,0.7912,0.594,0.6393,0.3667,0.9302,0.9801,0.9846,0.7764,0.3344,0.3223,0.8872,0.9784,0.0263,0.5116,0.7854,0.6727,0.5318,clean,N/A,HIGH,external_debt_pct_gni,True
SWE,SWE,2013,7.523,6.627,0.896,0.896,0.783,0.161,0.474,0.737,0.594,0.481,0.527,Moderate Potential,0.45,0.529,0.633,FO,Fragile Opportunity,Advanced Economy,structural,0.3223,0.4182,0.3208,0.3501,0.963,0.7558,0.5838,0.6517,0.3953,0.9199,0.9794,0.9827,0.7764,0.3701,0.3326,0.8863,0.9764,0.0254,0.5576,0.633,0.667,0.5234,clean,N/A,HIGH,external_debt_pct_gni,True
SWE,SWE,2014,6.963,6.067,0.896,0.896,0.776,0.152,0.505,0.725,0.623,0.408,0.382,Low Takeoff Signal,0.234,0.498,0.497,FO,Fragile Opportunity,Advanced Economy,stable,0.3727,0.4598,0.3535,0.3961,0.9626,0.7238,0.5404,0.6919,0.4257,0.9044,0.9772,0.9802,0.7768,0.4334,0.3409,0.8866,0.9675,0.2704,0.3906,0.497,0.4811,0.4013,clean,N/A,HIGH,external_debt_pct_gni,True
SWE,SWE,2015,7.422,6.526,0.896,0.896,0.87,0.119,0.569,0.722,0.695,0.498,0.369,Low Takeoff Signal,0.214,0.564,0.425,RO,Robust Opportunity,Advanced Economy,structural,0.6409,0.4957,0.3882,0.4492,0.9677,0.634,0.605,0.7714,0.4849,0.8992,0.9787,0.9824,0.7491,0.6835,0.4079,0.8864,0.9688,0.7306,0.6677,0.4246,0.4717,0.1935,clean,N/A,HIGH,external_debt_pct_gni,True
SWE,SWE,2016,7.372,6.476,0.896,0.896,0.839,0.133,0.541,0.72,0.655,0.595,0.402,Moderate Potential,0.268,0.606,0.399,FO,Fragile Opportunity,Advanced Economy,structural,0.4104,0.4736,0.4376,0.4831,0.9684,0.5833,0.6608,0.7591,0.5507,0.9047,0.9783,0.9816,0.7731,0.4299,0.4455,0.8871,0.9678,0.864,0.8292,0.3989,0.7823,0.3253,clean,N/A,HIGH,external_debt_pct_gni,True
SWE,SWE,2017,7.137,6.241,0.896,0.896,0.809,0.135,0.554,0.737,0.651,0.502,0.382,Low Takeoff Signal,0.294,0.563,0.328,FO,Fragile Opportunity,Advanced Economy,structural,0.3292,0.4208,0.4753,0.5403,0.9769,0.561,0.6768,0.7356,0.6545,0.8958,0.9763,0.982,0.7654,0.3292,0.4611,0.8875,0.9642,0.5636,0.9577,0.3278,0.8298,0.1209,clean,N/A,HIGH,external_debt_pct_gni,True
SWE,SWE,2018,7.144,6.248,0.896,0.896,0.809,0.133,0.54,0.718,0.654,0.457,0.384,Low Takeoff Signal,0.322,0.532,0.322,FO,Fragile Opportunity,Advanced Economy,structural,0.3013,0.4655,0.4344,0.526,0.9747,0.5355,0.6966,0.7209,0.5251,0.9051,0.9753,0.9815,0.7368,0.3107,0.4566,0.8882,0.9661,0.3734,0.6867,0.3216,0.909,0.1516,clean,N/A,HIGH,external_debt_pct_gni,True
SWE,SWE,2019,6.786,5.89,0.896,0.896,0.828,0.139,0.564,0.739,0.657,0.415,0.255,Low Takeoff Signal,0.25,0.522,0.113,FO,Fragile Opportunity,Advanced Economy,stable,0.4763,0.469,0.4397,0.4902,0.9682,0.5388,0.7427,0.8129,0.5333,0.9072,0.9752,0.9816,0.7577,0.5018,0.3512,0.8877,0.9661,0.2817,0.5992,0.113,0.9043,0.3311,clean,N/A,HIGH,external_debt_pct_gni,True
SWE,SWE,2020,7.169,6.273,0.896,0.896,0.886,0.169,0.497,0.733,0.533,0.556,0.274,Low Takeoff Signal,0.25,0.537,0.14,FO,Fragile Opportunity,Knowledge / Service Economy,structural,0.6005,0.5039,0.5239,0.5662,0.9687,0.5526,0.76,0.859,0.5234,0.9102,0.9741,0.9822,0.7791,0.6306,0.3218,0.8866,0.9661,0.8017,0.692,0.1397,0.871,0.4501,clean,N/A,HIGH,external_debt_pct_gni,True
SWE,SWE,2021,7.333,6.437,0.896,0.896,0.855,0.117,0.668,0.762,0.66,0.653,0.367,Low Takeoff Signal,0.25,0.681,0.279,RO,Robust Opportunity,Advanced Economy,structural,0.4624,0.4764,0.5358,0.5832,0.9729,0.5852,0.7741,0.8266,0.5724,0.9106,0.9724,0.9814,0.759,0.4917,0.275,0.886,0.9613,0.7379,0.9647,0.2788,0.8958,0.7851,clean,N/A,HIGH,external_debt_pct_gni,True
SWE,SWE,2022,6.956,6.06,0.896,0.896,0.815,0.132,0.608,0.747,0.621,0.526,0.321,Low Takeoff Signal,0.25,0.573,0.22,FO,Fragile Opportunity,Advanced Economy,structural,0.3176,0.3955,0.609,0.634,0.9726,0.5891,0.7978,0.7345,0.3967,0.9105,0.9707,0.9797,0.7596,0.3493,0.3048,0.8866,0.959,0.3534,0.9807,0.2195,0.8838,0.558,clean,N/A,HIGH,external_debt_pct_gni,True
SWE,SWE,2023,6.563,5.667,0.896,0.896,0.807,0.165,0.542,0.77,0.581,0.448,0.224,Low Takeoff Signal,0.25,0.49,0.08,FO,Fragile Opportunity,Advanced Economy,stable,0.244,0.4853,0.5286,0.6075,0.9634,0.5888,0.8109,0.8309,0.4464,0.8764,0.968,0.9787,0.7595,0.3128,0.2709,0.8847,0.9623,0.1982,0.5743,0.0796,0.7773,0.6372,clean,N/A,HIGH,external_debt_pct_gni,True
SWE,SWE,2024,6.83,5.934,0.896,0.896,0.795,0.166,0.561,0.771,0.578,0.4,0.316,Low Takeoff Signal,0.25,0.476,0.258,FO,Fragile Opportunity,Advanced Economy,stable,0.2823,0.4394,0.5152,0.6218,0.9588,0.5872,0.8019,0.8604,0.4642,0.8526,0.9692,0.9771,0.7596,0.3704,0.2058,0.8849,0.9634,0.1604,0.369,0.2582,0.6225,0.5913,clean,N/A,HIGH,external_debt_pct_gni,True
SWZ,SWZ,2010,4.373,4.219,0.154,0.154,0.287,0.18,0.423,0.561,0.207,,0.463,Moderate Potential,0.45,0.446,0.5,SR,Structural Risk,High-Growth Emerging Market,structural,0.3655,0.4735,0.4182,0.5987,0.3099,0.6157,0.8376,0.2909,0.8343,0.5939,0.3202,0.5232,0.7377,0.4629,0.0059,0.5764,0.3279,,,,,,clean,N/A,MEDIUM,export_growth; gross_capital_formation,False
SWZ,SWZ,2011,4.091,3.937,0.154,0.154,0.242,0.167,0.384,0.504,0.203,,0.453,Moderate Potential,0.45,0.42,0.5,SR,Structural Risk,Diversified Emerging Market,structural,0.3512,0.3369,0.3742,0.6237,0.3386,0.4696,0.8317,0.3802,0.8288,0.3742,0.2833,0.4979,0.7516,0.4108,0.0079,0.5729,0.3199,,,,,,clean,N/A,MEDIUM,export_growth; gross_capital_formation,False
SWZ,SWZ,2012,3.875,3.721,0.154,0.154,0.299,0.156,0.482,0.547,0.237,0.38,0.446,Moderate Potential,0.45,0.456,0.429,SR,Structural Risk,High-Growth Emerging Market,structural,0.5159,0.4457,0.3865,0.7959,0.3475,0.3118,0.8338,0.6299,0.8688,0.3822,0.3131,0.5206,0.6857,0.5606,0.0121,0.573,0.3359,0.7044,0.0434,0.4292,0.5988,0.057,clean,N/A,MEDIUM,export_growth; gross_capital_formation,True
SWZ,SWZ,2013,4.05,3.896,0.154,0.154,0.301,0.185,0.379,0.595,0.256,0.489,0.491,Moderate Potential,0.45,0.468,0.576,SR,Structural Risk,Diversified Emerging Market,structural,0.5624,0.5023,0.3784,0.1453,0.3512,0.4903,0.8351,0.7907,0.8749,0.3843,0.3305,0.512,0.6612,0.6545,0.0155,0.5732,0.3922,0.7364,0.2783,0.5758,0.6658,0.188,clean,N/A,HIGH,export_growth,True
SWZ,SWZ,2014,3.54,3.386,0.154,0.154,0.289,0.182,0.391,0.588,0.248,0.464,0.368,Low Takeoff Signal,0.211,0.46,0.544,SR,Structural Risk,Diversified Emerging Market,structural,0.3468,0.5526,0.3905,0.247,0.3827,0.3726,0.8569,0.8955,0.9034,0.4096,0.3307,0.4603,0.685,0.4586,0.0159,0.5723,0.358,0.7101,0.1455,0.5441,0.7688,0.1683,clean,N/A,HIGH,,True
SWZ,SWZ,2015,4.113,3.959,0.154,0.154,0.319,0.213,0.333,0.605,0.25,0.638,0.483,Moderate Potential,0.257,0.546,0.873,SR,Structural Risk,Diversified Emerging Market,structural,0.3702,0.4289,0.3549,0.1832,0.4149,0.5339,0.8651,0.9672,0.9017,0.3906,0.3443,0.4574,0.6253,0.4643,0.0157,0.5714,0.3428,0.63,0.5481,0.8732,0.8286,0.5101,clean,N/A,HIGH,,True
SWZ,SWZ,2016,4.051,3.897,0.154,0.154,0.324,0.182,0.387,0.565,0.263,0.567,0.457,Moderate Potential,0.266,0.533,0.72,SR,Structural Risk,Diversified Emerging Market,structural,0.5067,0.4759,0.3133,0.1903,0.4909,0.4986,0.857,0.9197,0.8341,0.408,0.3415,0.451,0.5707,0.6091,0.0158,0.5714,0.3269,0.4068,0.5996,0.7198,0.7791,0.359,clean,N/A,HIGH,,True
SWZ,SWZ,2017,4.422,4.268,0.154,0.154,0.308,0.183,0.393,0.595,0.258,0.493,0.584,Pre-Breakout Signal,0.512,0.485,0.847,SR,Structural Risk,Diversified Emerging Market,structural,0.497,0.4343,0.3837,0.177,0.4919,0.5419,0.8417,0.8843,0.8366,0.439,0.3693,0.5341,0.6318,0.5598,0.0105,0.5795,0.3351,0.5588,0.0432,0.8469,0.5578,0.5531,clean,N/A,HIGH,,True
SWZ,SWZ,2018,4.116,3.962,0.154,0.154,0.244,0.188,0.344,0.551,0.207,0.537,0.596,Pre-Breakout Signal,0.527,0.472,0.903,SR,Structural Risk,Commodity Exporter,structural,0.144,0.4107,0.4425,0.248,0.4864,0.5354,0.8108,0.679,0.8645,0.3448,0.3717,0.4546,0.6597,0.1647,0.0072,0.5889,0.2992,0.5059,0.5865,0.9035,0.2026,0.6416,commodity_trap,MEDIUM,HIGH,,True
SWZ,SWZ,2019,4.159,4.005,0.154,0.154,0.323,0.173,0.466,0.562,0.245,0.532,0.489,Moderate Potential,0.45,0.527,0.493,SR,Structural Risk,Diversified Emerging Market,structural,0.8218,0.4863,0.4377,0.1352,0.4835,0.5387,0.7785,0.765,0.8508,0.4513,0.3345,0.4345,0.6347,0.852,0.0053,0.6006,0.2907,0.6408,0.7042,0.4926,0.074,0.8556,clean,N/A,HIGH,,True
SWZ,SWZ,2020,3.634,3.48,0.154,0.154,0.319,0.198,0.302,0.565,0.146,0.506,0.35,Low Takeoff Signal,0.45,0.447,0.196,SR,Structural Risk,Diversified Emerging Market,structural,0.5388,0.5063,0.4869,0.1487,0.4786,0.5447,0.7703,0.8916,0.8298,0.5179,0.2909,0.4163,0.6113,0.5463,0.004,0.6091,0.3025,0.8733,0.7956,0.196,0.0866,0.9651,clean,N/A,HIGH,,True
SWZ,SWZ,2021,2.875,2.721,0.154,0.154,0.256,0.164,0.467,0.52,0.204,0.488,0.233,Low Takeoff Signal,0.45,0.522,0.042,SR,Structural Risk,High-Growth Emerging Market,structural,0.378,0.4706,0.4462,0.2925,0.4783,0.5885,0.7719,0.6766,0.81,0.4164,0.2821,0.3103,0.6997,0.3673,0.0042,0.6185,0.2978,0.7168,0.9576,0.0422,0.1794,0.8439,clean,N/A,HIGH,,True
SWZ,SWZ,2022,2.228,2.074,0.154,0.154,0.188,0.157,0.375,0.485,0.163,0.38,0.155,Low Takeoff Signal,0.2,0.378,0.041,SR,Structural Risk,Diversified Emerging Market,structural,0.2689,0.1623,0.485,0.3846,0.4718,0.6549,0.743,0.4578,0.7857,0.4189,0.2812,0.3031,0.7005,0.2768,0.0019,0.6267,0.2691,0.3457,0.376,0.0412,0.1757,0.8971,clean,N/A,HIGH,,True
SWZ,SWZ,2023,3.006,2.852,0.154,0.154,0.232,0.151,0.453,0.504,0.202,0.38,0.306,Low Takeoff Signal,0.45,0.404,0.141,SR,Structural Risk,Diversified Emerging Market,structural,0.5639,0.7116,0.4271,0.3526,0.4827,0.5803,0.7684,0.6605,0.7876,0.2738,0.2838,0.297,0.7004,0.5945,0.0027,0.6318,0.2662,0.1991,0.0716,0.1413,0.4375,0.7076,clean,N/A,HIGH,,True
SWZ,SWZ,2024,2.715,2.561,0.154,0.154,0.207,0.152,0.418,0.49,0.192,0.385,0.263,Low Takeoff Signal,0.35,0.416,0.11,SR,Structural Risk,Diversified Emerging Market,structural,0.4835,0.7514,0.4489,0.1246,0.4715,0.5712,0.7739,0.6441,0.7832,0.2965,0.2413,0.2517,0.7005,0.5139,0.0027,0.6328,0.2552,0.5251,0.3903,0.1098,0.3057,0.5948,clean,N/A,HIGH,,True
SYR,SYR,2010,5.963,5.569,0.394,0.394,0.515,0.092,0.518,0.426,0.423,,0.497,Moderate Potential,0.45,0.546,0.5,SL,Stable / Low Opportunity,High-Growth Emerging Market,structural,0.5225,0.4721,0.3987,0.856,0.403,0.4313,0.6774,0.4303,0.9355,0.153,0.259,0.1499,0.6825,0.415,0.3972,0.6086,0.2035,,,,,,clean,N/A,HIGH,gross_capital_formation,False
SYR,SYR,2011,4.616,4.222,0.394,0.394,0.285,0.125,0.415,0.411,0.298,,0.467,Moderate Potential,0.45,0.458,0.5,SR,Structural Risk,Commodity Exporter,structural,0.4246,0.1015,0.3503,0.8917,0.4153,0.5353,0.6775,0.4448,0.9361,0.0297,0.188,0.145,0.2073,0.3953,0.3829,0.5988,0.1849,,,,,,clean,N/A,HIGH,gross_capital_formation,False
SYR,SYR,2012,2.183,1.789,0.394,0.394,0.104,0.146,0.342,0.391,0.055,0.38,0.202,Low Takeoff Signal,0.45,0.296,0.051,SR,Structural Risk,High-Growth Emerging Market,structural,0.0024,0.0644,0.3978,0.9159,0.4074,0.4439,0.6892,0.4641,0.9169,0.0179,0.1092,0.1364,0.2953,0.0036,0.112,0.5788,0.0728,0.0263,,0.0505,,,clean,N/A,HIGH,gross_capital_formation,True
SYR,SYR,2013,2.002,1.608,0.394,0.394,0.089,0.142,0.198,0.367,0.062,0.38,0.174,Low Takeoff Signal,0.45,0.226,0.043,SR,Structural Risk,Diversified Emerging Market,structural,0.0,0.1839,0.3545,0.3998,0.1124,0.3606,0.7043,0.463,0.8313,0.0185,0.0765,0.1311,0.422,0.0002,0.0974,0.5424,0.0629,0.0254,,0.0427,,,clean,N/A,HIGH,gross_capital_formation,True
SYR,SYR,2014,1.831,1.437,0.394,0.394,0.125,0.128,0.261,0.359,0.173,0.38,0.072,Low Takeoff Signal,0.035,0.248,0.04,SR,Structural Risk,Diversified Emerging Market,structural,0.0015,0.2937,0.404,0.6071,0.109,0.3636,0.7224,0.4545,0.8444,0.0186,0.0646,0.0857,0.5864,0.0488,0.0846,0.5119,0.0495,0.021,,0.04,,,clean,N/A,HIGH,gross_capital_formation,True
SYR,SYR,2015,2.636,2.242,0.394,0.394,0.153,0.124,0.232,0.356,0.228,0.38,0.255,Low Takeoff Signal,0.88,0.312,0.048,SR,Structural Risk,Diversified Emerging Market,structural,0.049,0.4043,0.366,0.2768,0.1091,0.498,0.7574,0.5195,0.7978,0.0139,0.0666,0.0845,0.6156,0.3513,0.0899,0.498,0.0551,0.6481,,0.0475,,,clean,N/A,HIGH,gross_capital_formation,True
SYR,SYR,2016,2.593,2.199,0.394,0.394,0.138,0.13,0.212,0.346,0.169,0.399,0.265,Low Takeoff Signal,0.873,0.344,0.049,SR,Structural Risk,Diversified Emerging Market,structural,0.0118,0.4016,0.3373,0.2286,0.1014,0.5264,0.7844,0.5331,0.7287,0.0111,0.047,0.0753,0.653,0.0368,0.0935,0.4841,0.0481,0.9346,,0.0485,,,clean,N/A,HIGH,gross_capital_formation,True
SYR,SYR,2017,3.083,2.689,0.394,0.394,0.199,0.113,0.41,0.362,0.217,0.401,0.31,Low Takeoff Signal,0.968,0.458,0.052,SL,Stable / Low Opportunity,Commodity Exporter,structural,0.1388,0.666,0.422,0.5557,0.1016,0.5314,0.7834,0.4593,0.7827,0.0146,0.0489,0.0753,0.6766,0.2123,0.0897,0.4772,0.0464,0.9484,,0.0519,,,clean,N/A,HIGH,gross_capital_formation,True
SYR,SYR,2018,3.189,2.795,0.394,0.394,0.175,0.127,0.322,0.374,0.229,0.432,0.375,Low Takeoff Signal,0.983,0.397,0.114,SR,Structural Risk,Commodity Exporter,structural,0.2594,0.2949,0.4477,0.6205,0.0976,0.5353,0.7845,0.45,0.8388,0.013,0.0514,0.0776,0.6515,0.2001,0.0855,0.4734,0.0575,0.9403,,0.1141,,,clean,N/A,HIGH,gross_capital_formation,True
SYR,SYR,2019,3.189,2.795,0.394,0.394,0.174,0.139,0.344,0.374,0.197,0.501,0.377,Low Takeoff Signal,0.45,0.443,0.253,SR,Structural Risk,Commodity Exporter,structural,0.3354,0.487,0.4209,0.3574,0.0944,0.5361,0.7892,0.4563,0.8454,0.0123,0.0485,0.0668,0.611,0.1315,0.084,0.4713,0.0536,0.9757,,0.253,,,clean,N/A,HIGH,gross_capital_formation,True
SYR,SYR,2020,2.189,3.968,-1.779,0.394,0.229,0.145,0.372,0.284,0.169,0.625,0.621,Pre-Breakout Signal,0.985,0.47,0.501,SR,Structural Risk,Commodity Exporter,noise,0.6711,0.8646,0.4908,0.2752,0.054,0.5281,0.5711,0.2413,0.7309,0.0157,0.0447,0.0567,0.4134,0.5474,0.0796,0.4673,0.0504,0.9129,,0.5007,,,narrative_inconsistency,HIGH,LOW,gross_capital_formation; cpi_inflation; government_debt_pct_gdp; current_account_pct_gdp,True
SYR,SYR,2021,2.339,2.661,-0.322,0.394,0.155,0.109,0.345,0.262,0.195,0.481,0.368,Low Takeoff Signal,0.545,0.399,0.212,SL,Stable / Low Opportunity,Commodity Exporter,noise,0.2085,0.5812,0.4583,0.1533,0.055,0.5023,0.1817,0.4085,0.7466,0.0163,0.0436,0.0493,0.5691,0.1385,0.0847,0.4693,0.0419,0.7652,,0.2116,,,data_poverty,HIGH,LOW,net_fdi_pct_gdp; gross_capital_formation; cpi_inflation; government_debt_pct_gdp; current_account_pct_gdp,True
SYR,SYR,2022,2.283,2.56,-0.277,0.394,0.149,0.091,0.436,0.265,0.173,0.38,0.349,Low Takeoff Signal,0.45,0.384,0.232,SL,Stable / Low Opportunity,Diversified Emerging Market,noise,0.2877,0.9223,0.5413,0.5193,0.0556,0.4486,0.0593,0.4096,0.8305,0.0128,0.0472,0.0498,0.5703,0.1637,0.0868,0.462,0.034,0.3452,,0.2323,,,data_poverty,HIGH,LOW,net_fdi_pct_gdp; gross_capital_formation; cpi_inflation; government_debt_pct_gdp; current_account_pct_gdp,True
SYR,SYR,2023,1.805,3.232,-1.427,0.394,0.136,0.094,0.448,0.261,0.169,0.408,0.556,Emerging (Increasingly Discovered),0.659,0.432,0.61,SL,Stable / Low Opportunity,Diversified Emerging Market,noise,0.3137,0.9802,0.5172,0.6474,0.0578,0.5154,0.1189,0.3213,0.8098,0.0132,0.0495,0.0505,0.5701,0.1638,0.0719,0.4609,0.0333,0.2048,,0.6104,,,narrative_inconsistency,HIGH,LOW,net_fdi_pct_gdp; gross_capital_formation; cpi_inflation; government_debt_pct_gdp; current_account_pct_gdp,True
SYR,SYR,2024,2.385,2.73,-0.345,0.394,0.133,0.118,0.455,0.245,0.158,0.531,0.419,Moderate Potential,0.232,0.475,0.725,SL,Stable / Low Opportunity,Diversified Emerging Market,noise,0.2752,0.9474,0.5074,0.6683,0.0502,0.5222,0.1255,0.1856,0.7998,0.0168,0.0552,0.0628,0.5701,0.1246,0.0669,0.4591,0.0259,0.3382,,0.7247,,,data_poverty,HIGH,LOW,net_fdi_pct_gdp; gross_capital_formation; cpi_inflation; government_debt_pct_gdp; current_account_pct_gdp,True
TCD,TCD,2010,4.305,3.958,0.347,0.347,0.237,0.161,0.425,0.474,0.187,,0.466,Moderate Potential,0.45,0.455,0.5,SR,Structural Risk,Diversified Emerging Market,structural,0.9832,0.3658,0.3942,0.3518,0.0276,0.961,0.7576,0.43,0.9012,0.1598,0.076,0.0916,0.0903,0.9585,0.9039,0.032,0.0965,,,,,,clean,N/A,HIGH,,False
TCD,TCD,2011,3.823,3.476,0.347,0.347,0.16,0.147,0.365,0.387,0.142,,0.448,Moderate Potential,0.45,0.405,0.5,SR,Structural Risk,Diversified Emerging Market,structural,0.5501,0.4385,0.3635,0.4912,0.0282,0.3398,0.761,0.5043,0.9019,0.1599,0.0759,0.0959,0.0815,0.3803,0.9006,0.0316,0.1035,,,,,,clean,N/A,HIGH,,False
TCD,TCD,2012,3.666,3.319,0.347,0.347,0.221,0.152,0.457,0.452,0.178,0.494,0.452,Moderate Potential,0.45,0.502,0.4,SR,Structural Risk,Diversified Emerging Market,structural,0.7432,0.5411,0.4353,0.4845,0.0244,0.7339,0.7896,0.4828,0.9064,0.1595,0.0743,0.1017,0.0915,0.6445,0.8965,0.0311,0.1033,0.4787,0.5775,0.4003,0.8402,0.2617,clean,N/A,HIGH,,True
TCD,TCD,2013,3.358,3.011,0.347,0.347,0.158,0.153,0.316,0.443,0.167,0.447,0.461,Moderate Potential,0.45,0.405,0.55,SR,Structural Risk,Diversified Emerging Market,structural,0.4573,0.3302,0.4201,0.4458,0.0291,0.721,0.7772,0.4388,0.8804,0.1622,0.0814,0.0916,0.1311,0.2867,0.8952,0.0302,0.1046,0.0254,0.7413,0.5498,0.7288,0.188,clean,N/A,HIGH,,True
TCD,TCD,2014,2.991,2.644,0.347,0.347,0.161,0.148,0.312,0.451,0.179,0.38,0.354,Low Takeoff Signal,0.168,0.398,0.735,SR,Structural Risk,Diversified Emerging Market,structural,0.3474,0.2686,0.2971,0.7301,0.0256,0.8763,0.7277,0.4751,0.8524,0.1106,0.1052,0.0933,0.1826,0.1595,0.8953,0.0295,0.1124,0.021,0.1024,0.7354,0.6708,0.2881,clean,N/A,HIGH,,True
TCD,TCD,2015,3.517,3.17,0.347,0.347,0.249,0.151,0.451,0.413,0.207,0.592,0.367,Low Takeoff Signal,0.106,0.573,0.929,SR,Structural Risk,Diversified Emerging Market,structural,0.5326,0.8084,0.4455,0.406,0.0253,0.6061,0.7456,0.4208,0.8592,0.1493,0.1067,0.0864,0.2325,0.357,0.8978,0.029,0.1102,0.3963,0.6605,0.929,0.4038,0.9348,clean,N/A,HIGH,,True
TCD,TCD,2016,2.723,2.376,0.347,0.347,0.144,0.155,0.181,0.404,0.133,0.438,0.305,Low Takeoff Signal,0.104,0.366,0.872,SR,Structural Risk,Diversified Emerging Market,structural,0.0343,0.3141,0.3739,0.2226,0.0231,0.6499,0.6878,0.4382,0.831,0.1105,0.099,0.0869,0.1445,0.0156,0.901,0.0282,0.1122,0.0294,0.6014,0.8723,0.0609,0.8045,clean,N/A,HIGH,,True
TCD,TCD,2017,2.826,2.479,0.347,0.347,0.141,0.144,0.228,0.374,0.137,0.431,0.337,Low Takeoff Signal,0.152,0.355,0.809,SR,Structural Risk,Diversified Emerging Market,structural,0.0991,0.3591,0.4462,0.2069,0.0206,0.5536,0.7034,0.2839,0.8199,0.105,0.1111,0.0936,0.0981,0.0477,0.9005,0.0271,0.1191,0.0275,0.6213,0.809,0.1765,0.5784,clean,N/A,HIGH,,True
TCD,TCD,2018,3.111,2.764,0.347,0.347,0.18,0.14,0.404,0.387,0.171,0.493,0.358,Low Takeoff Signal,0.227,0.474,0.441,SR,Structural Risk,Diversified Emerging Market,structural,0.7946,0.4914,0.4662,0.343,0.0187,0.5354,0.7562,0.3733,0.846,0.0963,0.1042,0.0955,0.0774,0.5368,0.8957,0.0268,0.1183,0.5335,0.9122,0.4406,0.6933,0.0491,clean,N/A,HIGH,,True
TCD,TCD,2019,3.824,3.477,0.347,0.347,0.2,0.155,0.44,0.382,0.173,0.623,0.527,Moderate Potential,0.45,0.557,0.594,SR,Structural Risk,Diversified Emerging Market,structural,0.7471,0.4992,0.4488,0.48,0.0179,0.5409,0.7203,0.4208,0.8415,0.0816,0.1129,0.0889,0.0574,0.5545,0.8953,0.026,0.114,0.8727,0.6076,0.5941,0.646,0.5172,clean,N/A,HIGH,,True
TCD,TCD,2020,4.084,3.737,0.347,0.347,0.259,0.161,0.323,0.381,0.162,0.599,0.512,Moderate Potential,0.45,0.493,0.621,SR,Structural Risk,Diversified Emerging Market,structural,0.6875,0.5517,0.5295,0.4766,0.0165,0.5476,0.7535,0.4101,0.8404,0.0845,0.1073,0.0798,0.0849,0.577,0.907,0.0262,0.1192,0.9129,0.8943,0.6209,0.8426,0.1233,clean,N/A,HIGH,,True
TCD,TCD,2021,3.622,3.275,0.347,0.347,0.174,0.181,0.294,0.386,0.129,0.702,0.51,Moderate Potential,0.45,0.542,0.549,SR,Structural Risk,Diversified Emerging Market,structural,0.1322,0.1651,0.4702,0.2999,0.0199,0.6061,0.7392,0.4523,0.8386,0.0588,0.1089,0.0812,0.0963,0.0719,0.8987,0.0256,0.13,0.713,0.9254,0.5488,0.8248,0.8562,clean,N/A,HIGH,,True
TCD,TCD,2022,3.601,3.254,0.347,0.347,0.184,0.163,0.361,0.443,0.149,0.514,0.488,Moderate Potential,0.45,0.447,0.596,SR,Structural Risk,Diversified Emerging Market,structural,0.5037,0.3902,0.5288,0.2075,0.0201,0.6167,0.8076,0.7399,0.8455,0.0579,0.1074,0.0859,0.0971,0.3508,0.8947,0.025,0.1446,0.0358,0.4367,0.5956,0.821,0.8555,clean,N/A,HIGH,,True
TCD,TCD,2023,2.847,2.5,0.347,0.347,0.147,0.139,0.376,0.413,0.135,0.385,0.335,Low Takeoff Signal,0.45,0.363,0.216,SR,Structural Risk,Diversified Emerging Market,structural,0.6042,0.6103,0.5958,0.2754,0.0226,0.5803,0.8031,0.52,0.859,0.0551,0.0973,0.0827,0.097,0.3132,0.893,0.0243,0.1335,0.2049,0.5748,0.2156,0.8144,0.1769,clean,N/A,HIGH,,True
TCD,TCD,2024,2.743,2.396,0.347,0.347,0.177,0.158,0.464,0.41,0.132,0.553,0.261,Low Takeoff Signal,0.2,0.52,0.16,SR,Structural Risk,Diversified Emerging Market,structural,0.6052,0.6158,0.5321,0.6974,0.0191,0.5724,0.7936,0.4954,0.8526,0.0514,0.1011,0.1038,0.0968,0.2552,0.8943,0.0239,0.1282,0.9442,0.7564,0.1601,0.5859,0.5206,clean,N/A,HIGH,,True
TGO,TGO,2010,4.305,4.051,0.254,0.254,0.274,0.158,0.349,0.498,0.27,,0.437,Moderate Potential,0.45,0.378,0.5,SR,Structural Risk,Diversified Emerging Market,structural,0.5988,0.5268,0.4052,0.1237,0.1012,0.843,0.6345,0.4108,0.8007,0.4188,0.2331,0.2354,0.4109,0.4376,0.8668,0.0567,0.1696,,,,,,clean,N/A,HIGH,secondary_school_enrolment,False
TGO,TGO,2011,4.519,4.265,0.254,0.254,0.305,0.154,0.464,0.506,0.239,,0.45,Moderate Potential,0.45,0.411,0.5,SR,Structural Risk,Diversified Emerging Market,structural,0.6475,0.5862,0.6888,0.2592,0.1674,0.7369,0.6314,0.4001,0.9197,0.4438,0.2485,0.2127,0.2679,0.5458,0.876,0.0561,0.1407,,,,,,clean,N/A,HIGH,,False
TGO,TGO,2012,3.385,3.131,0.254,0.254,0.233,0.148,0.377,0.475,0.235,0.436,0.382,Low Takeoff Signal,0.45,0.431,0.273,SR,Structural Risk,Diversified Emerging Market,structural,0.6244,0.5104,0.4169,0.1829,0.1549,0.6831,0.639,0.4244,0.9024,0.3298,0.2071,0.2347,0.1507,0.5612,0.8682,0.0553,0.1762,0.7543,0.4343,0.2733,0.5661,0.1586,clean,N/A,HIGH,,True
TGO,TGO,2013,2.987,2.733,0.254,0.254,0.243,0.137,0.42,0.475,0.253,0.382,0.255,Low Takeoff Signal,0.45,0.422,0.073,SR,Structural Risk,Diversified Emerging Market,structural,0.6969,0.5298,0.4255,0.36,0.1491,0.7929,0.5803,0.3137,0.8891,0.4023,0.1982,0.2255,0.2398,0.6222,0.8636,0.0548,0.1456,0.7067,0.4867,0.0731,0.3885,0.2525,clean,N/A,HIGH,,True
TGO,TGO,2014,3.216,2.962,0.254,0.254,0.234,0.139,0.36,0.476,0.279,0.38,0.333,Low Takeoff Signal,0.399,0.362,0.245,SR,Structural Risk,Diversified Emerging Market,structural,0.7418,0.3477,0.3961,0.3715,0.1445,0.6405,0.5499,0.3136,0.8873,0.4537,0.215,0.2577,0.2548,0.641,0.8587,0.0542,0.1928,0.7107,0.1978,0.2447,0.169,0.171,clean,N/A,HIGH,,True
TGO,TGO,2015,3.509,3.255,0.254,0.254,0.275,0.126,0.423,0.458,0.281,0.38,0.352,Low Takeoff Signal,0.299,0.354,0.423,SR,Structural Risk,Diversified Emerging Market,structural,0.7361,0.4296,0.4652,0.5175,0.144,0.6156,0.5088,0.2912,0.865,0.4067,0.2418,0.3116,0.2067,0.6413,0.8563,0.0539,0.193,0.5871,0.0215,0.4235,0.0617,0.1908,clean,N/A,HIGH,,True
TGO,TGO,2016,3.922,3.668,0.254,0.254,0.254,0.13,0.36,0.45,0.288,0.4,0.499,Moderate Potential,0.355,0.462,0.813,SR,Structural Risk,Diversified Emerging Market,structural,0.6523,0.5055,0.2442,0.29,0.1348,0.5945,0.4574,0.3093,0.8453,0.4876,0.2447,0.2969,0.3139,0.5232,0.8121,0.0541,0.1969,0.2757,0.5333,0.8129,0.0441,0.3947,clean,N/A,HIGH,,True
TGO,TGO,2017,3.71,3.456,0.254,0.254,0.231,0.131,0.334,0.43,0.288,0.411,0.475,Reform Story,0.313,0.411,0.917,SR,Structural Risk,Diversified Emerging Market,structural,0.5489,0.386,0.4251,0.15,0.2047,0.5768,0.5004,0.5395,0.8078,0.2459,0.2404,0.2703,0.4346,0.4213,0.7467,0.0543,0.1956,0.1281,0.4176,0.917,0.1598,0.6014,clean,N/A,HIGH,,True
TGO,TGO,2018,3.988,3.734,0.254,0.254,0.249,0.123,0.354,0.416,0.325,0.444,0.524,Reform Story,0.371,0.444,0.954,SR,Structural Risk,Diversified Emerging Market,structural,0.6964,0.4293,0.41,0.2197,0.1989,0.5355,0.4935,0.462,0.8254,0.2173,0.2803,0.2648,0.5883,0.5352,0.8115,0.0548,0.2335,0.3003,0.1351,0.9535,0.3833,0.6487,clean,N/A,HIGH,,True
TGO,TGO,2019,4.375,4.121,0.254,0.254,0.311,0.141,0.392,0.429,0.34,0.602,0.54,Moderate Potential,0.35,0.525,0.923,SR,Structural Risk,Diversified Emerging Market,structural,0.7084,0.452,0.461,0.2085,0.1945,0.5401,0.5443,0.5591,0.7978,0.2245,0.2789,0.2731,0.5836,0.5927,0.8712,0.0549,0.2548,0.4567,0.6008,0.9234,0.6546,0.5466,clean,N/A,HIGH,,True
TGO,TGO,2020,4.744,4.49,0.254,0.254,0.437,0.149,0.352,0.428,0.324,0.614,0.452,Moderate Potential,0.2,0.538,0.956,SR,Structural Risk,Diversified Emerging Market,structural,0.8054,0.5674,0.4606,0.321,0.1884,0.5467,0.5765,0.5762,0.7776,0.2453,0.3075,0.2787,0.5227,0.7583,0.8837,0.0559,0.3162,0.8967,0.7062,0.9559,0.8421,0.1115,clean,N/A,HIGH,,True
TGO,TGO,2021,3.961,3.707,0.254,0.254,0.294,0.127,0.419,0.416,0.34,0.545,0.45,Moderate Potential,0.2,0.532,0.955,SR,Structural Risk,Diversified Emerging Market,structural,0.4539,0.3346,0.3957,0.3772,0.2117,0.5691,0.5337,0.4389,0.7007,0.3099,0.3065,0.2837,0.507,0.3388,0.8739,0.0589,0.3143,0.718,0.5171,0.9548,0.7183,0.0212,clean,N/A,HIGH,,True
TGO,TGO,2022,3.822,3.568,0.254,0.254,0.314,0.099,0.455,0.405,0.359,0.422,0.382,Low Takeoff Signal,0.2,0.452,0.667,SL,Stable / Low Opportunity,Diversified Emerging Market,structural,0.6461,0.3041,0.4535,0.5095,0.2094,0.6254,0.4718,0.4268,0.6985,0.2619,0.3004,0.2948,0.5082,0.5737,0.8643,0.0633,0.3481,0.4813,0.3021,0.6666,0.2836,0.3763,clean,N/A,HIGH,,True
TGO,TGO,2023,4.034,3.78,0.254,0.254,0.348,0.1,0.465,0.41,0.357,0.434,0.39,Low Takeoff Signal,0.2,0.468,0.684,SL,Stable / Low Opportunity,Diversified Emerging Market,structural,0.7764,0.4874,0.4349,0.5638,0.2211,0.5915,0.466,0.4159,0.7184,0.2058,0.3204,0.3127,0.508,0.6924,0.8614,0.0629,0.3519,0.6617,0.0644,0.6843,0.0657,0.6963,clean,N/A,HIGH,,True
TGO,TGO,2024,4.249,3.995,0.254,0.254,0.371,0.121,0.469,0.403,0.358,0.603,0.414,Moderate Potential,0.2,0.568,0.666,SR,Structural Risk,Diversified Emerging Market,structural,0.7967,0.4573,0.4317,0.5732,0.2093,0.5842,0.4282,0.4122,0.6561,0.2661,0.3225,0.2942,0.508,0.7216,0.8628,0.0633,0.3454,0.817,0.7842,0.6662,0.1006,0.7828,clean,N/A,HIGH,,True
THA,Thailand,2010,8.021,7.139,0.882,0.882,0.802,0.067,0.549,0.512,0.618,,0.502,Moderate Potential,0.45,0.562,0.5,RO,Robust Opportunity,High-Growth Emerging Market,structural,0.7647,0.5252,0.4518,0.5432,0.5254,0.7406,0.5492,0.5893,0.7318,0.1269,0.4706,0.466,0.7271,0.837,0.8871,0.2896,0.5918,,,,,,clean,N/A,HIGH,,False
THA,Thailand,2011,6.557,5.675,0.882,0.882,0.545,0.117,0.449,0.515,0.479,,0.48,Moderate Potential,0.45,0.496,0.5,SL,Stable / Low Opportunity,High-Growth Emerging Market,structural,0.2849,0.4888,0.3367,0.5817,0.6473,0.6573,0.5626,0.564,0.7052,0.1636,0.5308,0.4911,0.7384,0.3331,0.879,0.2505,0.6025,,,,,,clean,N/A,HIGH,,False
THA,Thailand,2012,7.76,6.878,0.882,0.882,0.773,0.067,0.557,0.466,0.576,0.532,0.612,Pre-Breakout Signal,0.45,0.58,0.932,RO,Robust Opportunity,High-Growth Emerging Market,structural,0.6675,0.454,0.4353,0.6347,0.606,0.6365,0.5437,0.4986,0.6121,0.148,0.5312,0.4057,0.7252,0.7006,0.8777,0.2394,0.5579,0.7038,0.4048,0.9319,0.5457,0.2554,clean,N/A,HIGH,,True
THA,Thailand,2013,6.727,5.845,0.882,0.882,0.649,0.09,0.488,0.475,0.539,0.533,0.512,Moderate Potential,0.45,0.523,0.58,RO,Robust Opportunity,High-Growth Emerging Market,structural,0.4447,0.4429,0.4549,0.6209,0.5505,0.6747,0.5668,0.4829,0.6489,0.1246,0.4979,0.449,0.7268,0.5295,0.8968,0.2495,0.585,0.6386,0.5584,0.5802,0.5842,0.3017,clean,N/A,HIGH,,True
THA,Thailand,2014,6.064,5.182,0.882,0.882,0.608,0.086,0.492,0.487,0.533,0.464,0.388,Low Takeoff Signal,0.343,0.505,0.33,RO,Robust Opportunity,High-Growth Emerging Market,structural,0.2423,0.4255,0.4048,0.4512,0.9319,0.7088,0.5699,0.6769,0.6811,0.1506,0.4079,0.3903,0.7092,0.3355,0.8722,0.3152,0.6073,0.2829,0.5562,0.3297,0.5714,0.5811,clean,N/A,HIGH,,True
THA,Thailand,2015,5.951,5.069,0.882,0.882,0.705,0.089,0.517,0.513,0.59,0.572,0.212,Low Takeoff Signal,0.276,0.59,0.048,FO,Fragile Opportunity,High-Growth Emerging Market,structural,0.5151,0.4585,0.3964,0.3809,0.9305,0.6735,0.6272,0.8928,0.7573,0.1414,0.4128,0.3441,0.6913,0.6234,0.8753,0.3256,0.6141,0.6465,0.6706,0.0475,0.7454,0.9277,clean,N/A,HIGH,,True
THA,Thailand,2016,5.81,4.928,0.882,0.882,0.673,0.078,0.509,0.521,0.597,0.432,0.22,Low Takeoff Signal,0.315,0.537,0.051,FO,Fragile Opportunity,High-Growth Emerging Market,structural,0.5641,0.47,0.3195,0.33,0.9233,0.5867,0.6721,0.9528,0.7518,0.1581,0.4306,0.3934,0.7359,0.6781,0.8693,0.3318,0.591,0.4321,0.1784,0.0513,0.8691,0.7763,clean,N/A,HIGH,,True
THA,Thailand,2017,6.263,5.381,0.882,0.882,0.622,0.1,0.455,0.523,0.611,0.538,0.423,Moderate Potential,0.437,0.532,0.31,RO,Robust Opportunity,High-Growth Emerging Market,structural,0.5668,0.4382,0.4319,0.4172,0.4528,0.5675,0.6745,0.9455,0.7358,0.1968,0.4344,0.4108,0.7421,0.6604,0.8566,0.3317,0.6056,0.8321,0.2817,0.3103,0.8386,0.5962,clean,N/A,HIGH,,True
THA,Thailand,2018,7.382,6.5,0.882,0.882,0.683,0.116,0.482,0.503,0.603,0.722,0.642,Pre-Breakout Signal,0.49,0.644,0.875,RO,Robust Opportunity,High-Growth Emerging Market,structural,0.6257,0.4556,0.4632,0.5196,0.4641,0.5356,0.675,0.8481,0.7356,0.1836,0.445,0.4117,0.7102,0.7494,0.8563,0.316,0.5866,0.9403,0.733,0.8755,0.7924,0.6244,clean,N/A,HIGH,,True
THA,Thailand,2019,6.141,5.259,0.882,0.882,0.581,0.127,0.414,0.543,0.568,0.582,0.45,Moderate Potential,0.2,0.54,0.94,FO,Fragile Opportunity,Diversified Emerging Market,structural,0.4245,0.4218,0.4191,0.4538,0.4787,0.5393,0.6929,0.8597,0.7718,0.3261,0.4884,0.397,0.7137,0.5392,0.8515,0.3286,0.5595,0.4486,0.6001,0.9401,0.6915,0.422,clean,N/A,HIGH,,True
THA,Thailand,2020,5.718,4.836,0.882,0.882,0.514,0.161,0.316,0.51,0.398,0.576,0.434,Moderate Potential,0.2,0.478,0.956,SR,Structural Risk,Diversified Emerging Market,structural,0.352,0.3815,0.4596,0.5299,0.4841,0.5539,0.6895,0.8023,0.7529,0.2731,0.4849,0.3818,0.7431,0.4057,0.8607,0.3282,0.5755,0.1679,0.5709,0.9559,0.7522,0.6425,clean,N/A,HIGH,,True
THA,Thailand,2021,5.756,4.874,0.882,0.882,0.538,0.071,0.523,0.466,0.55,0.47,0.408,Moderate Potential,0.2,0.512,0.72,SL,Stable / Low Opportunity,High-Growth Emerging Market,structural,0.1916,0.4647,0.4553,0.7487,0.521,0.5976,0.5959,0.4451,0.7176,0.2984,0.4656,0.3876,0.7398,0.2551,0.8383,0.2863,0.5744,0.0147,0.5498,0.7196,0.3169,0.7776,clean,N/A,HIGH,,True
THA,Thailand,2022,6.194,5.312,0.882,0.882,0.585,0.059,0.523,0.462,0.573,0.405,0.459,Moderate Potential,0.35,0.46,0.626,RO,Robust Opportunity,High-Growth Emerging Market,structural,0.4,0.3984,0.5143,0.6786,0.5683,0.6508,0.5471,0.4277,0.6833,0.3418,0.4719,0.3854,0.7405,0.4857,0.8303,0.2921,0.5891,0.3176,0.3886,0.6263,0.03,0.663,clean,N/A,HIGH,,True
THA,Thailand,2023,6.568,5.686,0.882,0.882,0.639,0.099,0.465,0.51,0.566,0.517,0.482,Moderate Potential,0.35,0.507,0.659,RO,Robust Opportunity,High-Growth Emerging Market,structural,0.4242,0.478,0.4809,0.4445,0.658,0.6138,0.5274,0.6241,0.7073,0.3972,0.5065,0.3728,0.7403,0.5509,0.8403,0.2874,0.5889,0.3763,0.7559,0.659,0.0506,0.8504,clean,N/A,HIGH,,True
THA,Thailand,2024,6.779,5.897,0.882,0.882,0.666,0.097,0.48,0.496,0.579,0.573,0.5,Moderate Potential,0.35,0.554,0.671,RO,Robust Opportunity,High-Growth Emerging Market,structural,0.4403,0.5982,0.4752,0.4031,0.6389,0.5911,0.5101,0.6686,0.7071,0.3171,0.4998,0.3462,0.7404,0.5778,0.8385,0.3086,0.5813,0.9407,0.7639,0.6712,0.1006,0.5933,clean,N/A,HIGH,,True
TJK,TJK,2010,5.687,5.371,0.316,0.316,0.471,0.066,0.545,0.26,0.476,,0.507,Moderate Potential,0.45,0.578,0.5,SL,Stable / Low Opportunity,High-Growth Emerging Market,structural,0.6689,0.6719,0.3792,0.4589,0.6136,0.1536,0.5899,0.2589,0.4274,0.2231,0.1317,0.0945,0.7588,0.5902,0.648,0.6289,0.137,,,,,,clean,N/A,HIGH,,False
TJK,TJK,2011,6.162,5.846,0.316,0.316,0.556,0.055,0.561,0.307,0.493,,0.512,Moderate Potential,0.45,0.594,0.5,SL,Stable / Low Opportunity,High-Growth Emerging Market,structural,0.7487,0.4107,0.3782,0.6929,0.6177,0.4,0.6097,0.3699,0.4487,0.2024,0.1279,0.1174,0.7669,0.6938,0.6444,0.6263,0.1451,,,,,,clean,N/A,HIGH,,False
TJK,TJK,2012,5.535,5.219,0.316,0.316,0.551,0.103,0.509,0.324,0.497,0.674,0.484,Moderate Potential,0.45,0.658,0.369,SL,Stable / Low Opportunity,High-Growth Emerging Market,structural,0.6789,0.4309,0.4339,0.4034,0.6185,0.435,0.6613,0.3384,0.4847,0.1861,0.1281,0.113,0.7594,0.629,0.645,0.6264,0.1579,0.8233,0.8528,0.3687,0.9091,0.956,clean,N/A,HIGH,,True
TJK,TJK,2013,5.594,5.278,0.316,0.316,0.56,0.105,0.503,0.356,0.499,0.674,0.487,Moderate Potential,0.45,0.666,0.369,SL,Stable / Low Opportunity,High-Growth Emerging Market,structural,0.7961,0.3303,0.4374,0.4958,0.5983,0.5401,0.7117,0.2759,0.5804,0.1986,0.1301,0.1076,0.7669,0.7464,0.6448,0.6272,0.159,0.8192,0.9573,0.3695,0.9248,0.9728,clean,N/A,HIGH,,True
TJK,TJK,2014,5.828,5.512,0.316,0.316,0.581,0.099,0.539,0.371,0.495,0.668,0.521,Moderate Potential,0.415,0.647,0.526,RO,Robust Opportunity,High-Growth Emerging Market,structural,0.8262,0.4222,0.4604,0.5891,0.5859,0.304,0.7436,0.4313,0.5805,0.3171,0.1519,0.1356,0.7327,0.7521,0.6343,0.6277,0.1622,0.7157,0.9483,0.5262,0.9188,0.598,clean,N/A,HIGH,,True
TJK,TJK,2015,5.742,5.426,0.316,0.316,0.622,0.072,0.622,0.358,0.489,0.598,0.435,Moderate Potential,0.177,0.637,0.796,RO,Robust Opportunity,High-Growth Emerging Market,structural,0.778,0.4465,0.4966,0.9802,0.5771,0.5296,0.7093,0.3549,0.5166,0.2658,0.1626,0.1411,0.6769,0.6882,0.6271,0.6281,0.1598,0.3865,0.9163,0.7959,0.8374,0.3509,clean,N/A,HIGH,,True
TJK,TJK,2016,5.639,5.323,0.316,0.316,0.638,0.068,0.672,0.338,0.487,0.583,0.383,Low Takeoff Signal,0.113,0.645,0.865,RO,Robust Opportunity,High-Growth Emerging Market,structural,0.8706,0.59,0.463,0.958,0.5677,0.5294,0.6674,0.4624,0.4385,0.2803,0.1585,0.1423,0.6173,0.795,0.6184,0.6312,0.1518,0.4759,0.6649,0.8651,0.6624,0.3603,clean,N/A,HIGH,,True
TJK,TJK,2017,5.01,4.694,0.316,0.316,0.576,0.03,0.598,0.359,0.51,0.419,0.3,Low Takeoff Signal,0.118,0.524,0.466,RO,Robust Opportunity,High-Growth Emerging Market,structural,0.8201,0.4534,0.4422,0.7811,0.5688,0.5292,0.6258,0.7377,0.4089,0.3165,0.1419,0.1369,0.606,0.7296,0.6006,0.6318,0.1917,0.5582,0.526,0.4655,0.1301,0.4158,clean,N/A,HIGH,,True
TJK,TJK,2018,5.118,4.802,0.316,0.316,0.587,0.036,0.603,0.331,0.513,0.455,0.315,Low Takeoff Signal,0.145,0.542,0.415,RO,Robust Opportunity,High-Growth Emerging Market,structural,0.9153,0.3746,0.4645,0.9395,0.5642,0.5354,0.6254,0.3395,0.3879,0.2914,0.1568,0.1137,0.5656,0.851,0.5782,0.6351,0.2059,0.7851,0.3517,0.4147,0.0838,0.6758,clean,N/A,HIGH,,True
TJK,TJK,2019,5.641,5.325,0.316,0.316,0.668,0.012,0.67,0.363,0.507,0.38,0.339,Low Takeoff Signal,0.45,0.524,0.146,RO,Robust Opportunity,High-Growth Emerging Market,structural,0.8743,0.539,0.4355,0.9141,0.5622,0.5351,0.6687,0.487,0.4067,0.4008,0.1271,0.1227,0.5383,0.8177,0.5663,0.6371,0.1971,0.8107,0.0841,0.1463,0.4316,0.2336,clean,N/A,HIGH,,True
TJK,TJK,2020,6.301,5.985,0.316,0.316,0.815,0.037,0.641,0.397,0.471,0.393,0.302,Low Takeoff Signal,0.45,0.531,0.098,RO,Robust Opportunity,High-Growth Emerging Market,structural,0.878,0.7248,0.4926,0.9056,0.6197,0.5354,0.67,0.8087,0.4551,0.4526,0.1248,0.15,0.4956,0.8507,0.595,0.6426,0.2033,0.8677,0.3342,0.098,0.7242,0.0608,clean,N/A,HIGH,,True
TJK,TJK,2021,5.634,5.318,0.316,0.316,0.629,0.037,0.744,0.447,0.471,0.435,0.395,Low Takeoff Signal,0.45,0.62,0.2,RO,Robust Opportunity,High-Growth Emerging Market,structural,0.7882,0.9867,0.428,0.9221,0.6253,0.5555,0.7351,0.867,0.5332,0.4307,0.1245,0.154,0.4574,0.6812,0.5866,0.6402,0.191,0.7225,0.1046,0.1999,0.8839,0.3965,clean,N/A,HIGH,,True
TJK,TJK,2022,5.703,5.387,0.316,0.316,0.566,0.09,0.581,0.5,0.465,0.5,0.509,Moderate Potential,0.45,0.568,0.517,SL,Stable / Low Opportunity,High-Growth Emerging Market,structural,0.7435,0.0187,0.5036,0.9133,0.612,0.6732,0.8057,0.9406,0.6349,0.4058,0.1432,0.1479,0.4587,0.6967,0.5556,0.6414,0.1968,0.4077,0.0752,0.5172,0.8874,0.8987,clean,N/A,HIGH,,True
TJK,TJK,2023,6.322,6.006,0.316,0.316,0.719,0.088,0.649,0.496,0.463,0.573,0.451,Moderate Potential,0.2,0.653,0.754,RO,Robust Opportunity,High-Growth Emerging Market,structural,0.8837,0.8128,0.4478,0.8745,0.5839,0.5835,0.8143,0.7669,0.6669,0.4699,0.1434,0.148,0.4585,0.8426,0.5345,0.6352,0.1943,0.374,0.2394,0.7542,0.9658,0.8552,clean,N/A,HIGH,,True
TJK,TJK,2024,6.465,6.149,0.316,0.316,0.732,0.094,0.647,0.505,0.471,0.618,0.471,Moderate Potential,0.2,0.682,0.833,RO,Robust Opportunity,High-Growth Emerging Market,structural,0.8926,0.732,0.4601,0.8787,0.5509,0.5727,0.8229,0.7763,0.7079,0.5079,0.1517,0.1358,0.4584,0.8618,0.5348,0.6382,0.2144,0.3379,0.5004,0.8329,0.9555,0.9398,clean,N/A,HIGH,,True
TKM,TKM,2010,3.031,5.012,-1.981,0.49,0.485,0.124,0.721,0.506,0.261,,0.526,Moderate Potential,0.45,0.641,0.5,SR,Structural Risk,Diversified Emerging Market,structural,0.8776,0.3722,0.7561,0.9978,0.6518,0.5889,0.8872,0.2879,0.9399,0.7212,0.0964,0.0774,0.0979,0.8496,0.7778,0.5917,0.0331,,,,,,market_access_restricted,HIGH,HIGH,export_growth; secondary_school_enrolment,True
TKM,TKM,2011,1.49,4.486,-2.996,0.49,0.384,0.145,0.705,0.515,0.207,,0.531,Moderate Potential,0.45,0.66,0.5,SR,Structural Risk,High-Growth Emerging Market,structural,0.9655,0.349,0.6416,0.9953,0.6301,0.5694,0.8608,0.4912,0.8879,0.7164,0.0959,0.0772,0.0368,0.9569,0.7732,0.5971,0.0333,,,,,,market_access_restricted,HIGH,HIGH,export_growth; secondary_school_enrolment,True
TKM,TKM,2012,1.49,4.068,-2.578,0.49,0.36,0.119,0.69,0.483,0.224,0.38,0.451,Moderate Potential,0.45,0.469,0.431,SL,Stable / Low Opportunity,High-Growth Emerging Market,structural,0.8134,0.4121,0.5412,0.9874,0.6855,0.3395,0.8382,0.4977,0.8552,0.7118,0.0962,0.0835,0.039,0.7813,0.7637,0.6029,0.0378,0.7399,0.0434,0.431,0.0808,0.057,market_access_restricted,HIGH,HIGH,export_growth; secondary_school_enrolment,True
TKM,TKM,2013,1.49,4.212,-2.722,0.49,0.367,0.117,0.675,0.485,0.241,0.38,0.48,Moderate Potential,0.45,0.47,0.531,SL,Stable / Low Opportunity,High-Growth Emerging Market,structural,0.9092,0.4104,0.5948,0.9884,0.6311,0.5195,0.826,0.3226,0.8328,0.7219,0.1012,0.0816,0.0424,0.8975,0.7639,0.6087,0.039,0.7053,0.032,0.5306,0.1355,0.188,market_access_restricted,HIGH,HIGH,export_growth; secondary_school_enrolment,True
TKM,TKM,2014,1.783,4.293,-2.51,0.49,0.453,0.098,0.694,0.478,0.298,0.38,0.374,Low Takeoff Signal,0.286,0.502,0.363,SL,Stable / Low Opportunity,High-Growth Emerging Market,structural,0.963,0.4407,0.5849,0.9918,0.6229,0.4806,0.8648,0.288,0.8711,0.5976,0.0922,0.0956,0.0884,0.9521,0.7579,0.6123,0.0413,0.7069,0.0349,0.3626,0.5082,0.1759,market_access_restricted,HIGH,HIGH,export_growth; secondary_school_enrolment,True
TKM,TKM,2015,1.507,3.447,-1.94,0.49,0.41,0.085,0.631,0.426,0.313,0.38,0.204,Low Takeoff Signal,0.08,0.445,0.244,SL,Stable / Low Opportunity,High-Growth Emerging Market,structural,0.8104,0.441,0.5894,0.9878,0.5161,0.5061,0.8702,0.0558,0.852,0.5418,0.0931,0.0945,0.1308,0.7518,0.7624,0.6157,0.0396,0.0212,0.2744,0.2443,0.8026,0.2006,market_access_restricted,HIGH,HIGH,export_growth; secondary_school_enrolment,True
TKM,TKM,2016,1.49,3.459,-1.969,0.49,0.415,0.075,0.597,0.401,0.345,0.38,0.199,Low Takeoff Signal,0.095,0.451,0.181,SL,Stable / Low Opportunity,High-Growth Emerging Market,structural,0.8283,0.4647,0.6203,0.9884,0.3528,0.5288,0.8646,0.0159,0.8252,0.4899,0.0878,0.0924,0.2807,0.7585,0.7665,0.6187,0.0366,0.0305,0.4402,0.1811,0.841,0.3639,market_access_restricted,HIGH,HIGH,export_growth; secondary_school_enrolment,True
TKM,TKM,2017,1.49,3.357,-1.867,0.49,0.404,0.076,0.647,0.411,0.321,0.38,0.187,Low Takeoff Signal,0.097,0.432,0.151,SL,Stable / Low Opportunity,High-Growth Emerging Market,structural,0.7791,0.4737,0.4907,0.9947,0.4903,0.5045,0.8535,0.0599,0.8192,0.5115,0.0852,0.0943,0.1993,0.6937,0.7658,0.6209,0.0355,0.0275,0.1243,0.1515,0.7286,0.0257,market_access_restricted,HIGH,HIGH,export_growth; secondary_school_enrolment,True
TKM,TKM,2018,1.49,3.248,-1.758,0.49,0.35,0.128,0.599,0.51,0.264,0.38,0.238,Low Takeoff Signal,0.13,0.405,0.26,SR,Structural Risk,High-Growth Emerging Market,structural,0.8329,0.4431,0.4757,0.9929,0.4247,0.5353,0.8614,0.8624,0.8463,0.5431,0.0847,0.0968,0.0891,0.7411,0.7567,0.6232,0.0396,0.0589,0.0169,0.26,0.5027,0.1369,market_access_restricted,HIGH,HIGH,export_growth; secondary_school_enrolment,True
TKM,TKM,2019,1.604,3.87,-2.266,0.49,0.446,0.106,0.632,0.503,0.324,0.38,0.267,Low Takeoff Signal,0.35,0.502,0.093,SL,Stable / Low Opportunity,Diversified Emerging Market,structural,0.8134,0.4601,0.4567,0.9931,0.5167,0.5361,0.8805,0.7278,0.8775,0.4999,0.0722,0.1067,0.1767,0.7486,0.7519,0.6253,0.044,0.448,0.0263,0.0927,0.6561,0.5144,market_access_restricted,HIGH,HIGH,export_growth,True
TKM,TKM,2020,4.491,5.501,-1.01,0.49,0.656,0.121,0.603,0.516,0.318,0.452,0.406,Moderate Potential,0.45,0.548,0.253,FO,Fragile Opportunity,High-Growth Emerging Market,structural,0.9125,0.4551,0.5254,0.995,0.5557,0.5364,0.8984,0.7494,0.8881,0.5508,0.0774,0.0974,0.0946,0.8964,0.7578,0.636,0.0451,0.9078,0.1372,0.253,0.871,0.3683,market_access_restricted,HIGH,HIGH,export_growth,True
TKM,TKM,2021,1.49,4.165,-2.675,0.49,0.403,0.116,0.651,0.531,0.315,0.38,0.414,Moderate Potential,0.45,0.529,0.283,SL,Stable / Low Opportunity,High-Growth Emerging Market,structural,0.5476,0.3355,0.457,0.9946,0.6047,0.4597,0.9042,0.8239,0.8892,0.5142,0.0734,0.1006,0.2853,0.4489,0.7378,0.6351,0.0452,0.6352,0.0742,0.2827,0.8958,0.0341,market_access_restricted,HIGH,HIGH,export_growth,True
TKM,TKM,2022,2.178,4.641,-2.463,0.49,0.409,0.152,0.542,0.574,0.314,0.513,0.537,Moderate Potential,0.45,0.552,0.64,SR,Structural Risk,High-Growth Emerging Market,structural,0.6402,0.15,0.5118,0.5819,0.6355,0.6889,0.9307,0.8007,0.8929,0.7065,0.0988,0.1019,0.2866,0.5975,0.7337,0.6362,0.0468,0.3478,0.0752,0.6403,0.8874,0.8967,market_access_restricted,HIGH,MEDIUM,export_growth; gross_capital_formation,True
TKM,TKM,2023,2.06,5.599,-3.539,0.49,0.526,0.138,0.649,0.57,0.311,0.502,0.627,Pre-Breakout Signal,0.45,0.619,0.938,SR,Structural Risk,High-Growth Emerging Market,structural,0.7833,0.4983,0.52,0.8721,0.7762,0.5994,0.9324,0.763,0.9043,0.6994,0.1008,0.1037,0.2864,0.738,0.7202,0.6348,0.0458,0.2056,0.0557,0.9378,0.9658,0.8552,market_access_restricted,HIGH,MEDIUM,export_growth; gross_capital_formation,True
TKM,TKM,2024,1.975,4.944,-2.969,0.49,0.509,0.148,0.619,0.568,0.31,0.556,0.471,Moderate Potential,0.2,0.624,0.918,SR,Structural Risk,High-Growth Emerging Market,structural,0.7811,0.487,0.4862,0.8353,0.6704,0.5544,0.9336,0.7145,0.9019,0.7414,0.1063,0.1202,0.2862,0.7441,0.7181,0.6358,0.0454,0.2044,0.3851,0.9182,0.6888,0.9398,market_access_restricted,HIGH,MEDIUM,export_growth; gross_capital_formation,True
TLS,TLS,2010,5.553,5.553,0.0,0.0,0.486,0.127,0.667,0.51,0.281,,0.536,Moderate Potential,0.45,0.679,0.5,SR,Structural Risk,Diversified Emerging Market,structural,0.884,0.7445,0.4272,0.9831,0.3639,0.2739,0.9174,1.0,0.7215,0.3261,0.1741,0.2567,0.1162,0.8319,0.7552,0.2009,0.1255,,,,,,clean,N/A,HIGH,external_debt_pct_gni; natural_resource_rents_pct_gdp,False
TLS,TLS,2011,4.691,4.691,0.0,0.0,0.354,0.141,0.522,0.493,0.264,,0.494,Moderate Potential,0.45,0.536,0.5,SR,Structural Risk,Commodity Exporter,structural,0.6569,0.2075,0.4471,0.9999,0.3822,0.1773,0.9139,1.0,0.7845,0.3518,0.153,0.2219,0.1379,0.5853,0.7547,0.2032,0.1411,,,,,,clean,N/A,HIGH,external_debt_pct_gni; natural_resource_rents_pct_gdp,False
TLS,TLS,2012,3.485,3.485,0.0,0.0,0.313,0.16,0.628,0.565,0.186,0.38,0.36,Low Takeoff Signal,0.45,0.503,0.188,SR,Structural Risk,High-Growth Emerging Market,structural,0.5544,0.7567,0.4397,0.999,0.3598,0.2564,0.914,1.0,0.9554,0.4285,0.1549,0.2384,0.0209,0.5135,0.7563,0.2037,0.1374,0.0762,0.4344,0.1876,0.6502,0.371,clean,N/A,HIGH,natural_resource_rents_pct_gdp,True
TLS,TLS,2013,2.801,2.801,0.0,0.0,0.25,0.186,0.459,0.599,0.18,0.395,0.264,Low Takeoff Signal,0.45,0.437,0.079,SR,Structural Risk,Diversified Emerging Market,structural,0.4795,0.2236,0.4633,0.9665,0.31,0.5173,0.9108,1.0,0.9483,0.3921,0.1452,0.2617,0.014,0.4307,0.7604,0.2062,0.1464,0.0254,0.5582,0.0789,0.7026,0.6074,clean,N/A,HIGH,natural_resource_rents_pct_gdp,True
TLS,TLS,2014,4.305,4.305,0.0,0.0,0.384,0.189,0.476,0.643,0.27,0.487,0.481,Moderate Potential,0.44,0.523,0.483,SR,Structural Risk,Diversified Emerging Market,structural,0.6241,0.2332,0.431,0.9806,0.3214,0.7239,0.917,1.0,0.9441,0.4265,0.174,0.3086,0.0598,0.5737,0.7632,0.2038,0.1696,0.021,0.4646,0.483,0.7175,0.97,clean,N/A,HIGH,natural_resource_rents_pct_gdp,True
TLS,TLS,2015,1.965,3.168,-1.203,0.0,0.188,0.219,0.438,0.609,0.039,0.467,0.46,Moderate Potential,0.393,0.498,0.503,SR,Structural Risk,Diversified Emerging Market,structural,0.4476,0.2122,0.4108,0.9155,0.3668,0.6679,0.9224,0.9661,0.9328,0.3993,0.1722,0.3056,0.0,0.4004,0.7708,0.2045,0.1499,0.2048,0.1461,0.5033,0.7289,0.9553,narrative_inconsistency,MEDIUM,HIGH,,True
TLS,TLS,2016,3.506,3.506,0.0,0.0,0.225,0.172,0.543,0.499,0.114,0.504,0.498,Moderate Potential,0.367,0.602,0.57,SR,Structural Risk,Diversified Emerging Market,structural,0.5139,0.5263,0.2943,0.9523,0.4193,0.5994,0.9262,0.0017,0.9177,0.5657,0.1706,0.3017,0.0001,0.4551,0.644,0.2047,0.1535,0.4172,0.0968,0.5701,0.6855,0.9574,clean,N/A,HIGH,,True
TLS,TLS,2017,2.853,2.853,0.0,0.0,0.168,0.179,0.372,0.511,0.079,0.404,0.401,Reform Story,0.264,0.426,0.609,SR,Structural Risk,Commodity Exporter,structural,0.0534,0.1276,0.4101,0.9297,0.4785,0.5685,0.9162,0.0218,0.9081,0.6504,0.1688,0.288,0.0003,0.0444,0.6819,0.2007,0.152,0.0282,0.0413,0.6088,0.5892,0.8771,clean,N/A,HIGH,,True
TLS,TLS,2018,2.892,2.892,0.0,0.0,0.159,0.186,0.544,0.53,0.05,0.415,0.426,Moderate Potential,0.241,0.489,0.703,SR,Structural Risk,High-Growth Emerging Market,structural,0.1114,0.5846,0.4669,0.9203,0.5033,0.5355,0.9061,0.0875,0.9125,0.715,0.2038,0.3245,0.0001,0.077,0.7194,0.198,0.1595,0.0302,0.6228,0.7029,0.409,0.3124,clean,N/A,HIGH,,True
TLS,TLS,2019,4.203,4.203,0.0,0.0,0.298,0.202,0.675,0.653,0.137,0.438,0.582,Pre-Breakout Signal,0.35,0.642,0.94,SR,Structural Risk,Diversified Emerging Market,structural,0.9999,1.0,0.3299,0.6148,0.5328,0.5397,0.9057,0.9918,0.9097,0.722,0.2519,0.375,0.0003,0.9999,0.7659,0.2052,0.2036,0.9757,0.0263,0.9401,0.3167,0.3456,clean,N/A,HIGH,,True
TLS,TLS,2020,5.019,5.019,0.0,0.0,0.517,0.203,0.564,0.655,0.183,0.498,0.48,Moderate Potential,0.2,0.638,0.956,SR,Structural Risk,High-Growth Emerging Market,structural,0.9998,0.9995,0.25,0.1845,0.5225,0.5511,0.9091,0.998,0.8984,0.7258,0.2585,0.3641,0.0004,0.9998,0.8325,0.2032,0.1866,0.9129,0.0171,0.9559,0.6493,0.3238,clean,N/A,HIGH,,True
TLS,TLS,2021,3.604,3.604,0.0,0.0,0.27,0.226,0.422,0.676,0.16,0.528,0.457,Moderate Potential,0.2,0.557,0.955,SR,Structural Risk,High-Growth Emerging Market,structural,0.475,0.3745,0.3348,0.1109,0.5222,0.5753,0.9172,0.9999,0.8965,0.732,0.3037,0.4253,0.0111,0.4023,0.8575,0.2006,0.1841,0.7652,0.0356,0.9548,0.8833,0.3529,clean,N/A,HIGH,,True
TLS,TLS,2022,2.933,2.933,0.0,0.0,0.185,0.243,0.199,0.663,0.035,0.499,0.398,Low Takeoff Signal,0.2,0.38,0.938,SR,Structural Risk,Diversified Emerging Market,structural,0.0013,0.0018,0.5043,0.0524,0.5154,0.6369,0.9245,0.9091,0.8873,0.7856,0.3049,0.3658,0.0112,0.001,0.8678,0.1964,0.2039,0.0339,0.383,0.9378,0.8547,0.5804,clean,N/A,HIGH,,True
TLS,TLS,2023,1.109,3.301,-2.192,0.0,0.147,0.206,0.255,0.56,0.04,0.46,0.558,Pre-Breakout Signal,0.545,0.366,0.938,SR,Structural Risk,Diversified Emerging Market,structural,0.0004,0.0001,0.629,0.3346,0.5262,0.5511,0.9076,0.1908,0.8797,0.7842,0.3154,0.3782,0.0112,0.0006,0.8649,0.1773,0.2048,0.1982,0.9725,0.9378,0.5863,0.0174,narrative_inconsistency,HIGH,HIGH,,True
TLS,TLS,2024,1.31,3.435,-2.125,0.0,0.164,0.196,0.37,0.537,0.072,0.493,0.57,Pre-Breakout Signal,0.545,0.415,0.869,SR,Structural Risk,Diversified Emerging Market,structural,0.0072,0.0004,0.6799,0.8343,0.5158,0.6033,0.9056,0.0052,0.8579,0.8324,0.3253,0.408,0.0112,0.0078,0.866,0.1762,0.2223,0.1604,0.9741,0.8693,0.211,0.5933,narrative_inconsistency,HIGH,HIGH,,True
TTO,TTO,2010,6.578,6.158,0.42,0.42,0.641,0.105,0.442,0.524,0.567,,0.471,Moderate Potential,0.45,0.47,0.5,RO,Robust Opportunity,Advanced Economy,structural,0.3129,0.4144,0.401,0.42,0.7073,0.0405,0.8088,0.873,0.3154,0.6132,0.5558,0.5115,0.3311,0.4029,0.7421,0.8189,0.743,,,,,,clean,N/A,MEDIUM,export_growth; secondary_school_enrolment; external_debt_pct_gni,False
TTO,TTO,2011,5.762,5.342,0.42,0.42,0.492,0.16,0.411,0.605,0.42,,0.469,Moderate Potential,0.45,0.462,0.5,SR,Structural Risk,Advanced Economy,structural,0.2196,0.5045,0.3238,0.3426,0.7525,0.5835,0.7088,0.8397,0.4153,0.6804,0.5414,0.5171,0.189,0.2503,0.7718,0.8086,0.7398,,,,,,clean,N/A,MEDIUM,export_growth; secondary_school_enrolment; external_debt_pct_gni,False
TTO,TTO,2012,6.578,6.158,0.42,0.42,0.723,0.113,0.474,0.576,0.574,0.505,0.487,Moderate Potential,0.45,0.587,0.43,RO,Robust Opportunity,High-Growth Emerging Market,structural,0.6434,0.5073,0.2627,0.2934,0.6976,0.3834,0.7707,0.7898,0.3592,0.6732,0.5515,0.5233,0.1918,0.6818,0.7702,0.8212,0.705,0.8194,0.0434,0.4298,0.5508,0.97,clean,N/A,MEDIUM,export_growth; secondary_school_enrolment; external_debt_pct_gni,True
TTO,TTO,2013,6.236,5.816,0.42,0.42,0.657,0.13,0.446,0.587,0.54,0.533,0.491,Moderate Potential,0.45,0.605,0.427,FO,Fragile Opportunity,High-Growth Emerging Market,structural,0.5017,0.4506,0.1934,0.3005,0.7781,0.4034,0.7802,0.906,0.3911,0.6596,0.5332,0.5014,0.1532,0.6062,0.8198,0.8171,0.6997,0.7608,0.032,0.4272,0.7068,0.9624,clean,N/A,MEDIUM,export_growth; secondary_school_enrolment; external_debt_pct_gni,True
TTO,TTO,2014,6.122,5.702,0.42,0.42,0.666,0.12,0.463,0.554,0.564,0.587,0.446,Moderate Potential,0.315,0.545,0.531,RO,Robust Opportunity,High-Growth Emerging Market,structural,0.5321,0.4361,0.4286,0.2498,0.7503,0.2533,0.7826,0.928,0.4217,0.6658,0.5949,0.402,0.1851,0.676,0.8261,0.8095,0.5958,0.7522,0.5799,0.5315,0.755,0.3219,clean,N/A,MEDIUM,export_growth; secondary_school_enrolment; external_debt_pct_gni,True
TTO,TTO,2015,6.081,5.661,0.42,0.42,0.66,0.138,0.461,0.593,0.558,0.615,0.444,Moderate Potential,0.225,0.6,0.693,FO,Fragile Opportunity,High-Growth Emerging Market,structural,0.1971,0.4679,0.3508,0.5335,0.7612,0.6165,0.7888,0.9068,0.4707,0.6335,0.5837,0.4517,0.423,0.2845,0.8286,0.8083,0.5404,0.6395,0.874,0.6933,0.8325,0.2434,clean,N/A,MEDIUM,export_growth; secondary_school_enrolment; external_debt_pct_gni,True
TTO,TTO,2016,3.969,3.549,0.42,0.42,0.33,0.162,0.314,0.544,0.374,0.493,0.352,Low Takeoff Signal,0.174,0.5,0.53,SR,Structural Risk,Diversified Emerging Market,structural,0.0069,0.4857,0.2738,0.2661,0.4775,0.5637,0.7432,0.5093,0.6052,0.6393,0.5657,0.4587,0.5991,0.011,0.7682,0.7915,0.5196,0.0294,0.9254,0.5302,0.4061,0.8843,clean,N/A,MEDIUM,export_growth; secondary_school_enrolment; external_debt_pct_gni,True
TTO,TTO,2017,4.267,3.847,0.42,0.42,0.401,0.146,0.397,0.583,0.427,0.386,0.329,Low Takeoff Signal,0.179,0.448,0.468,SR,Structural Risk,Diversified Emerging Market,structural,0.0267,0.463,0.3733,0.3102,0.7839,0.5639,0.692,0.8757,0.6203,0.6524,0.5755,0.4592,0.5424,0.0431,0.7536,0.7827,0.5146,0.0275,0.5549,0.4681,0.1284,0.9504,clean,N/A,MEDIUM,export_growth; secondary_school_enrolment; external_debt_pct_gni,True
TTO,TTO,2018,3.976,3.556,0.42,0.42,0.434,0.122,0.411,0.54,0.473,0.38,0.198,Low Takeoff Signal,0.206,0.36,0.093,SR,Structural Risk,High-Growth Emerging Market,structural,0.0878,0.4703,0.4065,0.394,0.6871,0.5356,0.6799,0.8796,0.3749,0.6589,0.5253,0.4524,0.3175,0.1439,0.7371,0.7742,0.49,0.1044,0.0169,0.0935,0.0703,0.9621,clean,N/A,MEDIUM,export_growth; secondary_school_enrolment; external_debt_pct_gni,True
TTO,TTO,2019,4.3,3.88,0.42,0.42,0.484,0.124,0.416,0.555,0.499,0.411,0.213,Low Takeoff Signal,0.45,0.438,0.039,SR,Structural Risk,Diversified Emerging Market,structural,0.2682,0.4488,0.4166,0.3076,0.6829,0.5396,0.6444,0.7804,0.5934,0.6509,0.5165,0.4762,0.2606,0.3431,0.7324,0.7655,0.4691,0.6376,0.5766,0.0386,0.0516,0.7594,clean,N/A,MEDIUM,export_growth; secondary_school_enrolment; external_debt_pct_gni,True
TTO,TTO,2020,4.24,3.82,0.42,0.42,0.455,0.14,0.352,0.477,0.343,0.474,0.24,Low Takeoff Signal,0.45,0.444,0.056,SR,Structural Risk,Diversified Emerging Market,structural,0.2163,0.4774,0.5496,0.3557,0.6446,0.5518,0.5942,0.2301,0.5948,0.6383,0.504,0.4634,0.4458,0.2511,0.7137,0.748,0.4759,0.9129,0.8943,0.0564,0.0641,0.8869,clean,N/A,MEDIUM,export_growth; secondary_school_enrolment; external_debt_pct_gni,True
TTO,TTO,2021,4.403,3.983,0.42,0.42,0.424,0.128,0.398,0.558,0.513,0.439,0.332,Low Takeoff Signal,0.45,0.456,0.16,SR,Structural Risk,High-Growth Emerging Market,structural,0.0966,0.3765,0.3676,0.3154,0.6191,0.5884,0.5753,0.9175,0.5175,0.6884,0.5136,0.4566,0.5072,0.1424,0.6516,0.7552,0.502,0.7183,0.5771,0.16,0.0553,0.6845,clean,N/A,MEDIUM,export_growth; secondary_school_enrolment; external_debt_pct_gni,True
TTO,TTO,2022,5.039,4.619,0.42,0.42,0.516,0.134,0.42,0.61,0.552,0.419,0.371,Low Takeoff Signal,0.45,0.41,0.263,SR,Structural Risk,High-Growth Emerging Market,structural,0.2949,0.3464,0.5384,0.1813,0.6782,0.6108,0.6274,0.9613,0.6334,0.76,0.481,0.4307,0.5084,0.3769,0.6888,0.746,0.5014,0.3562,0.6601,0.2634,0.3953,0.4183,clean,N/A,MEDIUM,export_growth; secondary_school_enrolment; external_debt_pct_gni,True
TTO,TTO,2023,4.936,4.516,0.42,0.42,0.539,0.132,0.391,0.594,0.556,0.392,0.307,Low Takeoff Signal,0.45,0.483,0.116,SR,Structural Risk,High-Growth Emerging Market,structural,0.3751,0.3769,0.2105,0.2609,0.6523,0.6037,0.5599,0.9446,0.6188,0.7508,0.4531,0.4258,0.5082,0.4855,0.7542,0.7434,0.4583,0.5783,0.0528,0.1159,0.4641,0.7855,clean,N/A,MEDIUM,export_growth; external_debt_pct_gni,True
TTO,TTO,2024,4.87,4.45,0.42,0.42,0.594,0.116,0.442,0.576,0.567,0.38,0.206,Low Takeoff Signal,0.45,0.451,0.033,FO,Fragile Opportunity,High-Growth Emerging Market,structural,0.437,0.4999,0.3758,0.2681,0.6852,0.5967,0.4956,0.8487,0.6369,0.782,0.4309,0.4241,0.5082,0.5635,0.7576,0.7415,0.4353,0.9702,0.0483,0.0334,0.2863,0.6097,clean,N/A,MEDIUM,export_growth; external_debt_pct_gni,True
TUN,Tunisia,2010,6.132,5.674,0.458,0.458,0.535,0.112,0.518,0.491,0.41,,0.496,Moderate Potential,0.45,0.543,0.5,SL,Stable / Low Opportunity,Diversified Emerging Market,structural,0.2786,0.7273,0.4121,0.5697,0.6764,0.709,0.5633,0.3684,0.4232,0.476,0.4892,0.4765,0.6226,0.3054,0.1578,0.7444,0.5223,,,,,,clean,N/A,HIGH,,False
TUN,Tunisia,2011,4.406,3.948,0.458,0.458,0.242,0.156,0.383,0.468,0.225,,0.456,Moderate Potential,0.45,0.428,0.5,SR,Structural Risk,Diversified Emerging Market,structural,0.1412,0.3502,0.3427,0.4945,0.6812,0.6608,0.506,0.3353,0.4021,0.447,0.4041,0.58,0.6473,0.1489,0.0325,0.7637,0.4184,,,,,,clean,N/A,HIGH,,False
TUN,Tunisia,2012,4.739,4.281,0.458,0.458,0.403,0.09,0.512,0.424,0.362,0.38,0.445,Moderate Potential,0.45,0.446,0.438,SL,Stable / Low Opportunity,Diversified Emerging Market,structural,0.5222,0.4583,0.4361,0.5424,0.6632,0.5127,0.4512,0.3439,0.3434,0.3208,0.5038,0.5707,0.6028,0.5366,0.0645,0.7772,0.4427,0.7113,0.4377,0.4377,0.0391,0.0971,clean,N/A,HIGH,,True
TUN,Tunisia,2013,4.851,4.393,0.458,0.458,0.382,0.103,0.456,0.416,0.38,0.483,0.509,Moderate Potential,0.45,0.5,0.599,SL,Stable / Low Opportunity,Diversified Emerging Market,structural,0.4235,0.4595,0.3915,0.4441,0.602,0.4341,0.5249,0.3031,0.3878,0.2497,0.4987,0.5669,0.6249,0.4515,0.1046,0.7861,0.4196,0.7228,0.5577,0.5985,0.3896,0.1486,clean,N/A,HIGH,,True
TUN,Tunisia,2014,4.723,4.265,0.458,0.458,0.352,0.113,0.443,0.433,0.364,0.475,0.518,Moderate Potential,0.473,0.481,0.627,SL,Stable / Low Opportunity,Diversified Emerging Market,structural,0.4637,0.4104,0.4238,0.4483,0.5551,0.4789,0.4765,0.226,0.4124,0.3227,0.5182,0.5907,0.637,0.5063,0.0756,0.7833,0.3699,0.7638,0.6031,0.6275,0.2721,0.1216,clean,N/A,HIGH,,True
TUN,Tunisia,2015,4.773,4.315,0.458,0.458,0.327,0.134,0.385,0.425,0.356,0.574,0.57,Pre-Breakout Signal,0.397,0.529,0.946,SR,Structural Risk,Diversified Emerging Market,structural,0.3024,0.4024,0.3933,0.3527,0.559,0.5615,0.5086,0.2244,0.3769,0.2901,0.5316,0.5735,0.6582,0.3348,0.0882,0.776,0.3469,0.691,0.6766,0.9463,0.5621,0.1904,clean,N/A,HIGH,,True
TUN,Tunisia,2016,4.405,3.947,0.458,0.458,0.306,0.109,0.401,0.397,0.352,0.459,0.499,Moderate Potential,0.397,0.473,0.694,SL,Stable / Low Opportunity,Diversified Emerging Market,structural,0.3005,0.4487,0.3485,0.3031,0.6179,0.551,0.4696,0.2067,0.3965,0.2498,0.5317,0.5455,0.705,0.3331,0.0774,0.7652,0.3234,0.1569,0.2621,0.6935,0.5022,0.6783,clean,N/A,HIGH,,True
TUN,Tunisia,2017,4.566,4.108,0.458,0.458,0.34,0.093,0.44,0.373,0.392,0.481,0.492,Moderate Potential,0.324,0.485,0.811,SL,Stable / Low Opportunity,Diversified Emerging Market,structural,0.365,0.4347,0.4336,0.3295,0.6189,0.5325,0.3841,0.14,0.2761,0.2804,0.5378,0.5512,0.7044,0.3947,0.0649,0.7889,0.4531,0.5126,0.4813,0.8111,0.094,0.5694,clean,N/A,HIGH,,True
TUN,Tunisia,2018,4.645,4.187,0.458,0.458,0.35,0.08,0.464,0.377,0.397,0.405,0.499,Moderate Potential,0.361,0.453,0.816,SL,Stable / Low Opportunity,Diversified Emerging Market,structural,0.4064,0.4678,0.4592,0.3964,0.6151,0.5353,0.3259,0.1186,0.2248,0.339,0.5545,0.573,0.6724,0.4451,0.0612,0.7837,0.4657,0.5299,0.6257,0.8157,0.0412,0.079,clean,N/A,HIGH,,True
TUN,Tunisia,2019,4.409,3.951,0.458,0.458,0.275,0.104,0.395,0.387,0.35,0.429,0.546,Reform Story,0.45,0.444,0.873,SL,Stable / Low Opportunity,Diversified Emerging Market,structural,0.3672,0.4159,0.4289,0.2556,0.6137,0.5362,0.4038,0.2261,0.1585,0.338,0.566,0.5511,0.682,0.3953,0.0373,0.7782,0.452,0.5925,0.6072,0.873,0.1146,0.0816,clean,N/A,HIGH,,True
TUN,Tunisia,2020,4.217,3.759,0.458,0.458,0.248,0.147,0.265,0.396,0.196,0.493,0.533,Reform Story,0.45,0.398,0.913,SR,Structural Risk,Diversified Emerging Market,structural,0.2085,0.3788,0.495,0.0896,0.6109,0.5441,0.4293,0.2523,0.2167,0.4031,0.5718,0.5413,0.7244,0.2164,0.042,0.7843,0.4848,0.3307,0.6927,0.9129,0.3263,0.3668,clean,N/A,HIGH,,True
TUN,Tunisia,2021,4.912,4.454,0.458,0.458,0.34,0.112,0.473,0.382,0.379,0.598,0.588,Pre-Breakout Signal,0.45,0.569,0.834,SL,Stable / Low Opportunity,High-Growth Emerging Market,structural,0.42,0.4849,0.4309,0.1468,0.6108,0.5659,0.3909,0.2689,0.2483,0.3105,0.5746,0.4963,0.7255,0.4502,0.046,0.7865,0.4356,0.6662,0.2832,0.8338,0.541,0.8185,clean,N/A,HIGH,,True
TUN,Tunisia,2022,4.052,3.594,0.458,0.458,0.287,0.075,0.458,0.343,0.361,0.381,0.428,Moderate Potential,0.45,0.432,0.401,SL,Stable / Low Opportunity,High-Growth Emerging Market,structural,0.4113,0.7132,0.501,0.166,0.6034,0.5913,0.3109,0.2354,0.2175,0.2699,0.486,0.4748,0.7263,0.4564,0.0387,0.787,0.3855,0.3607,0.1024,0.4005,0.2915,0.8757,clean,N/A,HIGH,,True
TUN,Tunisia,2023,2.896,2.438,0.458,0.458,0.224,0.103,0.37,0.378,0.308,0.38,0.203,Low Takeoff Signal,0.45,0.329,0.045,SL,Stable / Low Opportunity,Diversified Emerging Market,structural,0.2715,0.7002,0.46,0.0271,0.6135,0.5552,0.3162,0.4252,0.214,0.2549,0.4533,0.4809,0.7261,0.328,0.0292,0.7814,0.3393,0.2939,0.3665,0.0455,0.061,0.4955,clean,N/A,HIGH,,True
TUN,Tunisia,2024,2.702,2.244,0.458,0.458,0.227,0.106,0.36,0.388,0.322,0.38,0.144,Low Takeoff Signal,0.2,0.36,0.033,SL,Stable / Low Opportunity,Diversified Emerging Market,structural,0.3513,0.3471,0.4472,0.0259,0.6054,0.5537,0.3004,0.4778,0.3133,0.2243,0.434,0.4762,0.7262,0.4162,0.0276,0.7815,0.3531,0.5334,0.3992,0.0334,0.1449,0.5073,clean,N/A,HIGH,,True
TUR,Trkiye,2010,8.247,7.217,1.03,1.03,0.81,0.055,0.559,0.484,0.627,,0.512,Moderate Potential,0.45,0.596,0.5,RO,Robust Opportunity,High-Growth Emerging Market,structural,0.8404,0.3244,0.3659,0.7041,0.6181,0.4233,0.5536,0.3589,0.6024,0.3441,0.6107,0.5868,0.7766,0.8444,0.3619,0.6112,0.6793,,,,,,clean,N/A,HIGH,,False
TUR,Trkiye,2011,8.796,7.766,1.03,1.03,0.896,0.015,0.648,0.451,0.677,,0.536,Moderate Potential,0.45,0.677,0.5,RO,Robust Opportunity,High-Growth Emerging Market,structural,0.8993,0.5251,0.3696,0.7965,0.6592,0.3515,0.6046,0.3189,0.6046,0.3086,0.5491,0.5781,0.788,0.8983,0.4788,0.6172,0.6868,,,,,,clean,N/A,HIGH,,False
TUR,Trkiye,2012,6.814,5.784,1.03,1.03,0.813,0.05,0.556,0.495,0.631,0.418,0.248,Low Takeoff Signal,0.45,0.533,0.051,FO,Fragile Opportunity,Diversified Emerging Market,structural,0.5518,0.5536,0.4043,0.6963,0.598,0.4552,0.6641,0.4234,0.6025,0.2315,0.5354,0.6376,0.7845,0.558,0.5181,0.6301,0.7219,0.4417,0.4697,0.0505,0.9383,0.3786,clean,N/A,HIGH,,True
TUR,Trkiye,2013,7.508,6.478,1.03,1.03,0.901,0.016,0.638,0.474,0.673,0.448,0.309,Low Takeoff Signal,0.45,0.598,0.093,RO,Robust Opportunity,High-Growth Emerging Market,structural,0.8492,0.4637,0.3626,0.7817,0.7942,0.2941,0.6953,0.4019,0.6012,0.205,0.5471,0.6326,0.7871,0.873,0.4886,0.6398,0.7273,0.6507,0.5588,0.0926,0.9248,0.1886,clean,N/A,HIGH,,True
TUR,Trkiye,2014,6.584,5.554,1.03,1.03,0.789,0.029,0.601,0.452,0.629,0.38,0.221,Low Takeoff Signal,0.404,0.522,0.04,FO,Fragile Opportunity,High-Growth Emerging Market,structural,0.6382,0.49,0.4093,0.7598,0.8215,0.2634,0.7398,0.4316,0.5934,0.2483,0.4241,0.5378,0.7892,0.6646,0.5028,0.6414,0.6965,0.2278,0.6035,0.04,0.9188,0.1682,clean,N/A,HIGH,,True
TUR,Trkiye,2015,6.473,5.443,1.03,1.03,0.783,0.018,0.621,0.44,0.635,0.39,0.198,Low Takeoff Signal,0.242,0.55,0.048,FO,Fragile Opportunity,High-Growth Emerging Market,structural,0.7623,0.4953,0.3964,0.7367,0.8249,0.435,0.7824,0.5393,0.592,0.1526,0.3693,0.5334,0.7575,0.7754,0.4762,0.6507,0.6187,0.2895,0.671,0.0475,0.9036,0.1915,clean,N/A,HIGH,,True
TUR,Trkiye,2016,5.89,4.86,1.03,1.03,0.67,0.041,0.558,0.438,0.581,0.39,0.207,Low Takeoff Signal,0.28,0.53,0.049,FO,Fragile Opportunity,Diversified Emerging Market,structural,0.5511,0.4228,0.3583,0.7339,0.8342,0.5004,0.8026,0.5487,0.6301,0.0509,0.3382,0.5338,0.7873,0.5612,0.4292,0.6597,0.5838,0.4762,0.6207,0.0485,0.9118,0.0522,clean,N/A,HIGH,,True
TUR,Trkiye,2017,6.463,5.433,1.03,1.03,0.77,0.015,0.702,0.42,0.63,0.385,0.215,Low Takeoff Signal,0.271,0.576,0.052,FO,Fragile Opportunity,High-Growth Emerging Market,structural,0.8614,0.5067,0.4237,0.8733,0.8695,0.4947,0.801,0.3858,0.5696,0.0577,0.3095,0.5436,0.7902,0.8605,0.3706,0.6529,0.5756,0.5476,0.5515,0.0519,0.8663,0.0257,clean,N/A,HIGH,,True
TUR,Trkiye,2018,6.19,5.16,1.03,1.03,0.716,0.03,0.624,0.437,0.565,0.4,0.221,Low Takeoff Signal,0.243,0.525,0.072,FO,Fragile Opportunity,High-Growth Emerging Market,structural,0.5242,0.5159,0.4517,0.8073,0.8631,0.5347,0.7858,0.5072,0.5275,0.1449,0.2751,0.4722,0.7546,0.5125,0.3644,0.6612,0.544,0.5297,0.6173,0.0723,0.7394,0.0387,clean,N/A,HIGH,,True
TUR,Trkiye,2019,5.329,4.299,1.03,1.03,0.523,0.076,0.538,0.46,0.463,0.38,0.271,Low Takeoff Signal,0.45,0.404,0.094,SL,Stable / Low Opportunity,Diversified Emerging Market,structural,0.3431,0.458,0.4213,0.6521,0.8628,0.5328,0.7706,0.6889,0.5529,0.1289,0.3187,0.4852,0.7585,0.3181,0.2062,0.6671,0.5108,0.1439,0.3934,0.0938,0.4408,0.0498,clean,N/A,HIGH,,True
TUR,Trkiye,2020,7.09,6.06,1.03,1.03,0.786,0.053,0.568,0.411,0.493,0.416,0.366,Low Takeoff Signal,0.45,0.499,0.2,RO,Robust Opportunity,High-Growth Emerging Market,structural,0.7911,0.4088,0.4882,0.9176,0.8685,0.5255,0.7649,0.3357,0.5705,0.1713,0.2723,0.4064,0.7779,0.806,0.2918,0.6899,0.4589,0.7867,0.6096,0.2004,0.4055,0.1129,clean,N/A,HIGH,,True
TUR,Trkiye,2021,6.899,5.869,1.03,1.03,0.714,0.021,0.775,0.438,0.6,0.38,0.421,Moderate Potential,0.45,0.592,0.262,RO,Robust Opportunity,High-Growth Emerging Market,structural,0.8966,0.7795,0.4353,0.9138,0.8801,0.3542,0.7479,0.513,0.6032,0.1998,0.2545,0.3835,0.7705,0.8809,0.3402,0.689,0.4705,0.7652,0.5521,0.2616,0.2701,0.0212,clean,N/A,HIGH,,True
TUR,Trkiye,2022,7.324,6.294,1.03,1.03,0.768,0.01,0.707,0.432,0.585,0.45,0.457,Moderate Potential,0.45,0.604,0.336,RO,Robust Opportunity,High-Growth Emerging Market,structural,0.5915,0.5246,0.5017,0.9533,0.8879,0.0521,0.8171,0.3647,0.6025,0.2009,0.2624,0.3734,0.7711,0.6135,0.3811,0.697,0.4321,0.9664,0.3834,0.3356,0.8054,0.0305,clean,N/A,HIGH,,True
TUR,Trkiye,2023,7.037,6.007,1.03,1.03,0.818,0.023,0.659,0.453,0.607,0.38,0.303,Low Takeoff Signal,0.45,0.522,0.101,RO,Robust Opportunity,High-Growth Emerging Market,structural,0.694,0.3229,0.4396,0.9329,0.9054,0.2129,0.8251,0.3856,0.6477,0.2169,0.2584,0.3736,0.771,0.7556,0.4289,0.705,0.4373,0.5321,0.4339,0.1012,0.6744,0.0174,clean,N/A,HIGH,,True
TUR,Trkiye,2024,6.697,5.667,1.03,1.03,0.776,0.04,0.62,0.472,0.592,0.38,0.272,Low Takeoff Signal,0.2,0.488,0.196,RO,Robust Opportunity,High-Growth Emerging Market,structural,0.519,0.3895,0.4333,0.8536,0.9057,0.2747,0.8449,0.5253,0.6905,0.2091,0.2467,0.332,0.7711,0.6265,0.469,0.6999,0.4331,0.1604,0.36,0.1962,0.8665,0.0145,clean,N/A,HIGH,,True
TZA,Tanzania,2010,5.496,4.914,0.582,0.582,0.407,0.138,0.481,0.508,0.321,,0.477,Moderate Potential,0.45,0.484,0.5,SR,Structural Risk,Diversified Emerging Market,structural,0.6517,0.3887,0.4894,0.841,0.0502,0.5098,0.7066,0.3208,0.7879,0.5684,0.414,0.3448,0.6315,0.5193,0.8335,0.0401,0.3209,,,,,,clean,N/A,HIGH,,False
TZA,Tanzania,2011,5.48,4.898,0.582,0.582,0.392,0.109,0.517,0.424,0.331,,0.495,Moderate Potential,0.45,0.541,0.5,SL,Stable / Low Opportunity,Diversified Emerging Market,structural,0.7641,0.4891,0.4143,0.8722,0.0495,0.09,0.6966,0.2904,0.7454,0.5488,0.4135,0.3266,0.6126,0.6717,0.8124,0.0397,0.3246,,,,,,clean,N/A,HIGH,,False
TZA,Tanzania,2012,4.097,3.515,0.582,0.582,0.323,0.107,0.493,0.433,0.302,0.38,0.354,Low Takeoff Signal,0.45,0.424,0.216,SL,Stable / Low Opportunity,High-Growth Emerging Market,structural,0.5364,0.5558,0.4594,0.8706,0.0451,0.1304,0.689,0.2905,0.7451,0.5628,0.3863,0.305,0.5949,0.4618,0.8198,0.0393,0.3076,0.5908,0.332,0.216,0.413,0.1006,clean,N/A,HIGH,,True
TZA,Tanzania,2013,4.056,3.474,0.582,0.582,0.354,0.108,0.492,0.454,0.331,0.385,0.295,Low Takeoff Signal,0.45,0.443,0.112,SL,Stable / Low Opportunity,Diversified Emerging Market,structural,0.7603,0.3886,0.4862,0.924,0.0467,0.4111,0.6764,0.2693,0.7525,0.4394,0.3776,0.2914,0.613,0.6624,0.8306,0.0389,0.3322,0.7007,0.5243,0.1122,0.3911,0.1989,clean,N/A,HIGH,,True
TZA,Tanzania,2014,4.472,3.89,0.582,0.582,0.371,0.101,0.522,0.448,0.338,0.38,0.386,Low Takeoff Signal,0.617,0.454,0.184,SL,Stable / Low Opportunity,Diversified Emerging Market,structural,0.8284,0.5044,0.4426,0.9397,0.0386,0.4595,0.6531,0.2129,0.7404,0.3619,0.3791,0.3157,0.6173,0.6984,0.8635,0.0383,0.34,0.7148,0.2581,0.1841,0.2588,0.3543,clean,N/A,HIGH,,True
TZA,Tanzania,2015,4.513,3.931,0.582,0.582,0.363,0.122,0.478,0.435,0.33,0.528,0.408,Moderate Potential,0.3,0.544,0.417,SR,Structural Risk,Diversified Emerging Market,structural,0.7879,0.4595,0.4251,0.8262,0.0319,0.4851,0.6615,0.2797,0.683,0.3768,0.4013,0.3302,0.5336,0.6343,0.8701,0.0381,0.3223,0.6473,0.5769,0.4167,0.2517,0.9553,clean,N/A,HIGH,,True
TZA,Tanzania,2016,4.562,3.98,0.582,0.582,0.371,0.119,0.475,0.465,0.336,0.463,0.411,Moderate Potential,0.323,0.52,0.413,SL,Stable / Low Opportunity,Diversified Emerging Market,structural,0.8688,0.4439,0.3662,0.8142,0.028,0.5413,0.6928,0.4591,0.6926,0.3674,0.3829,0.3823,0.5098,0.7125,0.8766,0.0381,0.3284,0.7067,0.0809,0.4129,0.3643,0.8819,clean,N/A,HIGH,,True
TZA,Tanzania,2017,4.202,3.62,0.582,0.582,0.343,0.12,0.477,0.468,0.326,0.438,0.352,Low Takeoff Signal,0.275,0.477,0.33,SL,Stable / Low Opportunity,Diversified Emerging Market,structural,0.7954,0.3913,0.431,0.8617,0.0293,0.5468,0.6916,0.4593,0.6825,0.304,0.3615,0.4196,0.5755,0.6109,0.8787,0.0379,0.269,0.5589,0.0413,0.3298,0.5973,0.6619,clean,N/A,HIGH,,True
TZA,Tanzania,2018,3.876,3.294,0.582,0.582,0.321,0.12,0.469,0.459,0.314,0.436,0.294,Low Takeoff Signal,0.305,0.477,0.161,SR,Structural Risk,Diversified Emerging Market,structural,0.7722,0.369,0.4529,0.9521,0.0317,0.5355,0.6741,0.4115,0.6936,0.2948,0.3356,0.4258,0.641,0.536,0.876,0.0379,0.2458,0.4439,0.2412,0.1605,0.5851,0.8671,clean,N/A,HIGH,,True
TZA,Tanzania,2019,3.926,3.344,0.582,0.582,0.387,0.115,0.552,0.474,0.316,0.447,0.21,Low Takeoff Signal,0.35,0.539,0.039,SL,Stable / Low Opportunity,Diversified Emerging Market,structural,0.7791,0.5269,0.4295,0.9651,0.0332,0.5376,0.699,0.448,0.6997,0.342,0.3283,0.4406,0.6225,0.6269,0.878,0.0377,0.2306,0.3642,0.461,0.0386,0.6234,0.9483,clean,N/A,HIGH,,True
TZA,Tanzania,2020,4.478,3.896,0.582,0.582,0.476,0.149,0.44,0.478,0.277,0.542,0.23,Low Takeoff Signal,0.35,0.503,0.056,SR,Structural Risk,Diversified Emerging Market,structural,0.7987,0.4761,0.4944,0.9684,0.0326,0.5474,0.7521,0.4429,0.7417,0.3012,0.3276,0.4369,0.581,0.7224,0.8964,0.038,0.2298,0.4669,0.689,0.0564,0.8299,0.7745,clean,N/A,HIGH,,True
TZA,Tanzania,2021,3.972,3.39,0.582,0.582,0.313,0.131,0.509,0.469,0.29,0.486,0.334,Low Takeoff Signal,0.2,0.531,0.354,SR,Structural Risk,Diversified Emerging Market,structural,0.3851,0.3247,0.4376,0.9719,0.0274,0.5835,0.7252,0.3595,0.708,0.3497,0.3331,0.4038,0.5559,0.2443,0.8889,0.037,0.2428,0.0348,0.5442,0.3538,0.8539,0.8065,clean,N/A,HIGH,,True
TZA,Tanzania,2022,4.392,3.81,0.582,0.582,0.346,0.132,0.53,0.466,0.296,0.541,0.4,Low Takeoff Signal,0.2,0.544,0.627,SR,Structural Risk,Diversified Emerging Market,structural,0.5332,0.5159,0.5074,0.9717,0.0276,0.665,0.7066,0.3439,0.6916,0.3807,0.35,0.4045,0.5571,0.4141,0.8817,0.0367,0.2731,0.2185,0.3834,0.6273,0.7263,0.8531,clean,N/A,HIGH,,True
TZA,Tanzania,2023,4.747,4.165,0.582,0.582,0.391,0.125,0.549,0.485,0.302,0.468,0.432,Moderate Potential,0.2,0.531,0.834,SR,Structural Risk,Diversified Emerging Market,structural,0.6959,0.8085,0.4842,0.9844,0.029,0.5888,0.6819,0.3333,0.6531,0.4947,0.3755,0.4127,0.5569,0.5523,0.8794,0.0364,0.2777,0.2046,0.4564,0.8337,0.1796,0.8536,clean,N/A,HIGH,,True
TZA,Tanzania,2024,5.341,4.759,0.582,0.582,0.426,0.135,0.562,0.485,0.309,0.579,0.544,Moderate Potential,0.35,0.589,0.831,SR,Structural Risk,Diversified Emerging Market,structural,0.7234,0.7903,0.463,0.98,0.0259,0.5726,0.6696,0.4028,0.6163,0.4523,0.368,0.4439,0.5569,0.5741,0.8809,0.0365,0.2935,0.76,0.7,0.8306,0.1006,0.5933,clean,N/A,HIGH,,True
UGA,UGA,2010,5.033,4.511,0.522,0.522,0.353,0.155,0.37,0.526,0.342,,0.447,Moderate Potential,0.45,0.402,0.5,SR,Structural Risk,Diversified Emerging Market,structural,0.5742,0.1788,0.3891,0.6376,0.0763,0.7414,0.8005,0.3405,0.9257,0.2641,0.4285,0.2439,0.5352,0.3846,0.8428,0.0737,0.3769,,,,,,clean,N/A,HIGH,secondary_school_enrolment,False
UGA,UGA,2011,5.485,4.963,0.522,0.522,0.413,0.101,0.473,0.407,0.389,,0.482,Moderate Potential,0.45,0.5,0.5,SL,Stable / Low Opportunity,Diversified Emerging Market,structural,0.8459,0.4511,0.4049,0.5799,0.0793,0.0256,0.8011,0.3443,0.9162,0.2417,0.3778,0.2301,0.5515,0.7676,0.8444,0.0734,0.3654,,,,,,clean,N/A,HIGH,secondary_school_enrolment,False
UGA,UGA,2012,3.758,3.236,0.522,0.522,0.346,0.137,0.422,0.485,0.322,0.488,0.24,Low Takeoff Signal,0.45,0.487,0.051,SR,Structural Risk,Diversified Emerging Market,structural,0.5032,0.5446,0.4571,0.5464,0.0713,0.5221,0.7935,0.4111,0.9017,0.2513,0.3587,0.2228,0.4535,0.4286,0.838,0.0726,0.3319,0.6721,0.9522,0.0505,0.5953,0.3742,clean,N/A,HIGH,secondary_school_enrolment,True
UGA,UGA,2013,3.452,2.93,0.522,0.522,0.303,0.108,0.45,0.433,0.323,0.38,0.221,Low Takeoff Signal,0.45,0.443,0.043,SL,Stable / Low Opportunity,Diversified Emerging Market,structural,0.5201,0.4849,0.4549,0.8018,0.0564,0.334,0.7788,0.395,0.7617,0.2495,0.3506,0.1984,0.4144,0.4019,0.8795,0.072,0.3309,0.3644,0.9213,0.0427,0.5215,0.1992,clean,N/A,HIGH,secondary_school_enrolment,True
UGA,UGA,2014,3.567,3.045,0.522,0.522,0.312,0.122,0.414,0.465,0.34,0.416,0.238,Low Takeoff Signal,0.613,0.429,0.04,SR,Structural Risk,Diversified Emerging Market,structural,0.6914,0.4222,0.4524,0.6065,0.0619,0.6427,0.7726,0.3251,0.8027,0.1925,0.3299,0.1967,0.3767,0.528,0.8691,0.0696,0.3463,0.5169,0.7362,0.04,0.3961,0.3924,clean,N/A,HIGH,secondary_school_enrolment,True
UGA,UGA,2015,3.527,3.005,0.522,0.522,0.294,0.117,0.392,0.43,0.336,0.418,0.255,Low Takeoff Signal,0.607,0.454,0.048,SL,Stable / Low Opportunity,Diversified Emerging Market,structural,0.713,0.4239,0.398,0.4526,0.1386,0.4948,0.7751,0.3839,0.7779,0.2486,0.3156,0.1873,0.2769,0.5567,0.8635,0.0686,0.3438,0.4919,0.4897,0.0475,0.3119,0.9553,clean,N/A,HIGH,secondary_school_enrolment,True
UGA,UGA,2016,3.424,2.902,0.522,0.522,0.285,0.116,0.413,0.436,0.31,0.38,0.24,Low Takeoff Signal,0.477,0.389,0.061,SL,Stable / Low Opportunity,Diversified Emerging Market,structural,0.7106,0.4723,0.3884,0.5357,0.0914,0.5343,0.7733,0.5443,0.736,0.2546,0.3016,0.1884,0.1562,0.4904,0.8579,0.0675,0.3363,0.7186,0.0827,0.0611,0.2701,0.3605,clean,N/A,HIGH,secondary_school_enrolment,True
UGA,UGA,2017,3.332,2.81,0.522,0.522,0.28,0.113,0.459,0.432,0.288,0.38,0.222,Low Takeoff Signal,0.375,0.421,0.057,SL,Stable / Low Opportunity,Diversified Emerging Market,structural,0.4555,0.6897,0.4445,0.5129,0.0495,0.553,0.7529,0.3487,0.7042,0.3033,0.2935,0.183,0.2318,0.2483,0.8442,0.066,0.3402,0.5525,0.2,0.0572,0.3194,0.6217,clean,N/A,HIGH,secondary_school_enrolment,True
UGA,UGA,2018,3.724,3.202,0.522,0.522,0.329,0.103,0.461,0.415,0.351,0.433,0.256,Low Takeoff Signal,0.426,0.456,0.072,SL,Stable / Low Opportunity,Diversified Emerging Market,structural,0.8407,0.5149,0.4682,0.4704,0.1004,0.5355,0.7433,0.2806,0.7093,0.265,0.2807,0.1826,0.4345,0.6073,0.8398,0.0661,0.3395,0.5298,0.6242,0.0723,0.2999,0.6407,clean,N/A,HIGH,secondary_school_enrolment,True
UGA,UGA,2019,3.701,3.179,0.522,0.522,0.332,0.104,0.46,0.399,0.353,0.475,0.246,Low Takeoff Signal,0.45,0.522,0.051,SL,Stable / Low Opportunity,Diversified Emerging Market,structural,0.8222,0.4563,0.4475,0.548,0.0981,0.5385,0.7262,0.2687,0.7004,0.2514,0.2698,0.1584,0.4282,0.6456,0.8418,0.066,0.309,0.59,0.9339,0.0508,0.2324,0.9686,clean,N/A,HIGH,secondary_school_enrolment,True
UGA,UGA,2020,4.684,4.162,0.522,0.522,0.411,0.126,0.387,0.373,0.317,0.561,0.4,Low Takeoff Signal,0.45,0.513,0.261,SR,Structural Risk,Diversified Emerging Market,structural,0.8342,0.541,0.5209,0.555,0.0489,0.5487,0.7141,0.1244,0.6778,0.2328,0.2795,0.1868,0.3388,0.7511,0.8525,0.0687,0.3141,0.9129,0.8684,0.2607,0.2928,0.9167,clean,N/A,HIGH,secondary_school_enrolment,True
UGA,UGA,2021,4.052,3.53,0.522,0.522,0.261,0.118,0.406,0.362,0.325,0.547,0.451,Moderate Potential,0.45,0.498,0.401,SL,Stable / Low Opportunity,Diversified Emerging Market,structural,0.3222,0.2261,0.4687,0.5181,0.1007,0.5926,0.6681,0.1829,0.6177,0.2086,0.2712,0.1937,0.5233,0.1891,0.8532,0.0677,0.3154,0.6907,0.826,0.4013,0.1427,0.8068,clean,N/A,HIGH,secondary_school_enrolment,True
UGA,UGA,2022,3.58,3.058,0.522,0.522,0.24,0.099,0.376,0.361,0.337,0.409,0.35,Low Takeoff Signal,0.2,0.396,0.585,SL,Stable / Low Opportunity,Diversified Emerging Market,structural,0.5347,0.0307,0.5705,0.4938,0.0485,0.5892,0.656,0.2471,0.6361,0.1557,0.2805,0.1806,0.5245,0.4105,0.8476,0.0672,0.3252,0.0339,0.9661,0.5849,0.0685,0.6079,clean,N/A,HIGH,secondary_school_enrolment,True
UGA,UGA,2023,3.942,3.42,0.522,0.522,0.295,0.107,0.421,0.374,0.343,0.488,0.368,Low Takeoff Signal,0.2,0.442,0.607,SL,Stable / Low Opportunity,Diversified Emerging Market,structural,0.7165,0.4058,0.6385,0.4652,0.0564,0.5915,0.6543,0.2323,0.6714,0.1726,0.2746,0.1792,0.5243,0.5831,0.846,0.0666,0.3125,0.2022,0.9725,0.6074,0.1306,0.7917,clean,N/A,HIGH,secondary_school_enrolment,True
UGA,UGA,2024,4.417,3.895,0.522,0.522,0.376,0.103,0.524,0.374,0.346,0.557,0.379,Low Takeoff Signal,0.2,0.559,0.508,SL,Stable / Low Opportunity,Diversified Emerging Market,structural,0.7639,0.9908,0.5506,0.4502,0.0565,0.5758,0.6332,0.2199,0.692,0.1929,0.2829,0.1581,0.5243,0.6341,0.8475,0.0671,0.2979,0.8643,0.9679,0.5085,0.1839,0.5922,clean,N/A,HIGH,secondary_school_enrolment,True
UKR,Ukraine,2010,5.808,5.047,0.761,0.761,0.442,0.07,0.431,0.311,0.511,,0.462,Moderate Potential,0.45,0.443,0.5,SL,Stable / Low Opportunity,Diversified Emerging Market,structural,0.3951,0.3243,0.4586,0.1992,0.8011,0.1953,0.5383,0.4461,0.0407,0.5717,0.243,0.1429,0.5753,0.6166,0.4921,0.7976,0.2581,,,,,,clean,N/A,HIGH,,False
UKR,Ukraine,2011,6.376,5.615,0.761,0.761,0.531,0.067,0.493,0.363,0.5,,0.486,Moderate Potential,0.45,0.512,0.5,SL,Stable / Low Opportunity,Diversified Emerging Market,structural,0.6206,0.4292,0.4343,0.2805,0.768,0.6138,0.5921,0.371,0.0472,0.5439,0.2567,0.1404,0.5937,0.7416,0.4923,0.796,0.1974,,,,,,clean,N/A,HIGH,,False
UKR,Ukraine,2012,5.85,5.089,0.761,0.761,0.444,0.111,0.412,0.397,0.46,0.599,0.609,Pre-Breakout Signal,0.45,0.563,0.95,SL,Stable / Low Opportunity,Diversified Emerging Market,structural,0.3257,0.376,0.4583,0.2467,0.7918,0.8422,0.5997,0.3545,0.1317,0.5078,0.2888,0.1312,0.6687,0.4044,0.5033,0.7932,0.2327,0.3132,0.432,0.9499,0.7959,0.97,clean,N/A,HIGH,,True
UKR,Ukraine,2013,5.111,4.35,0.761,0.761,0.338,0.085,0.373,0.34,0.467,0.477,0.562,Pre-Breakout Signal,0.45,0.487,0.861,SL,Stable / Low Opportunity,Diversified Emerging Market,structural,0.2478,0.3524,0.3989,0.1527,0.7644,0.743,0.5869,0.3069,0.1394,0.2268,0.2864,0.1309,0.6797,0.3652,0.5143,0.7913,0.2456,0.0266,0.1427,0.8611,0.717,0.9728,clean,N/A,HIGH,,True
UKR,Ukraine,2014,2.616,1.855,0.761,0.761,0.121,0.071,0.279,0.168,0.332,0.38,0.194,Low Takeoff Signal,0.048,0.279,0.651,SL,Stable / Low Opportunity,Diversified Emerging Market,structural,0.0017,0.2705,0.3912,0.0795,0.7407,0.0052,0.2521,0.4152,0.0619,0.0353,0.2755,0.1747,0.6782,0.0311,0.3192,0.7894,0.2609,0.021,0.0349,0.6509,0.0986,0.1216,clean,N/A,HIGH,,True
UKR,Ukraine,2015,2.304,1.543,0.761,0.761,0.124,0.079,0.269,0.18,0.261,0.38,0.104,Low Takeoff Signal,0.012,0.263,0.445,SL,Stable / Low Opportunity,Diversified Emerging Market,structural,0.0051,0.3262,0.3263,0.1483,0.6285,0.0223,0.2151,0.7374,0.0222,0.0452,0.2818,0.174,0.6622,0.0107,0.3374,0.7875,0.2524,0.0212,0.0215,0.4447,0.0274,0.0741,clean,N/A,HIGH,,True
UKR,Ukraine,2016,3.658,2.897,0.761,0.761,0.339,0.043,0.435,0.227,0.497,0.38,0.157,Low Takeoff Signal,0.029,0.379,0.408,SL,Stable / Low Opportunity,Diversified Emerging Market,structural,0.4464,0.4265,0.5191,0.3576,0.5914,0.4555,0.2442,0.6042,0.0545,0.0666,0.2994,0.183,0.6941,0.6751,0.3078,0.786,0.2853,0.5665,0.5908,0.4076,0.0441,0.0385,clean,N/A,HIGH,,True
UKR,Ukraine,2017,4.791,4.03,0.761,0.761,0.382,0.098,0.423,0.254,0.547,0.607,0.408,Moderate Potential,0.159,0.549,0.867,SL,Stable / Low Opportunity,Diversified Emerging Market,structural,0.3757,0.4266,0.4552,0.2658,0.5657,0.4832,0.3348,0.4991,0.1056,0.0711,0.325,0.2003,0.6841,0.572,0.4224,0.7841,0.3427,0.8493,0.7533,0.8667,0.2316,0.5508,clean,N/A,HIGH,,True
UKR,Ukraine,2018,5.521,4.76,0.761,0.761,0.443,0.127,0.412,0.298,0.575,0.75,0.519,Moderate Potential,0.236,0.67,0.967,SR,Structural Risk,Diversified Emerging Market,structural,0.527,0.4105,0.4742,0.1997,0.5463,0.5352,0.4661,0.426,0.1662,0.0826,0.3503,0.1932,0.6689,0.7694,0.4361,0.7831,0.3609,0.9403,0.9122,0.9667,0.8603,0.9621,clean,N/A,HIGH,,True
UKR,Ukraine,2019,6.337,5.576,0.761,0.761,0.512,0.123,0.409,0.348,0.605,0.75,0.643,Pre-Breakout Signal,0.45,0.681,0.91,SR,Structural Risk,Diversified Emerging Market,structural,0.539,0.4706,0.4484,0.1042,0.5222,0.5375,0.5946,0.4618,0.2906,0.1685,0.3232,0.2477,0.7044,0.7393,0.5175,0.7746,0.3864,0.9757,0.9077,0.9097,0.9479,0.9686,clean,N/A,HIGH,,True
UKR,Ukraine,2020,5.376,4.615,0.761,0.761,0.428,0.129,0.282,0.369,0.449,0.603,0.501,Moderate Potential,0.45,0.484,0.594,SR,Structural Risk,Diversified Emerging Market,structural,0.4894,0.5005,0.4756,0.0413,0.5174,0.5439,0.5923,0.7659,0.3588,0.1945,0.3268,0.217,0.7439,0.6036,0.4694,0.7765,0.3754,0.7298,0.1897,0.5937,0.871,0.9722,clean,N/A,HIGH,,True
UKR,Ukraine,2021,4.707,3.946,0.761,0.761,0.381,0.116,0.382,0.385,0.528,0.646,0.385,Low Takeoff Signal,0.2,0.548,0.549,SL,Stable / Low Opportunity,High-Growth Emerging Market,structural,0.3153,0.1078,0.4676,0.1124,0.5208,0.5412,0.6804,0.4538,0.4447,0.1942,0.3317,0.2319,0.5217,0.4765,0.447,0.7761,0.3653,0.6467,0.534,0.5488,0.8958,0.8562,clean,N/A,HIGH,,True
UKR,Ukraine,2022,2.632,1.871,0.761,0.761,0.122,0.139,0.199,0.364,0.106,0.38,0.198,Low Takeoff Signal,0.2,0.245,0.153,SR,Structural Risk,Diversified Emerging Market,structural,0.0001,0.0023,0.483,0.0706,0.5139,0.348,0.3621,0.7413,0.2863,0.1667,0.2757,0.2755,0.523,0.0007,0.3862,0.7744,0.3517,0.0339,0.085,0.1528,0.688,0.1919,clean,N/A,HIGH,,True
UKR,Ukraine,2023,4.491,3.73,0.761,0.761,0.453,0.038,0.44,0.313,0.549,0.38,0.218,Low Takeoff Signal,0.2,0.363,0.134,SL,Stable / Low Opportunity,Diversified Emerging Market,structural,0.7312,0.2212,0.5012,0.2215,0.5633,0.5753,0.318,0.3052,0.1754,0.3488,0.2773,0.2626,0.5228,0.9936,0.3623,0.7704,0.363,0.1982,0.4081,0.1336,0.0506,0.6075,clean,N/A,HIGH,,True
UKR,Ukraine,2024,4.488,3.727,0.761,0.761,0.392,0.043,0.443,0.303,0.498,0.38,0.308,Low Takeoff Signal,0.545,0.373,0.127,SL,Stable / Low Opportunity,Diversified Emerging Market,structural,0.4774,0.6596,0.4614,0.2526,0.5391,0.5088,0.2417,0.2283,0.1466,0.4316,0.2896,0.2909,0.5228,0.5718,0.3637,0.7695,0.3923,0.1891,0.4118,0.1272,0.1006,0.5452,clean,N/A,HIGH,,True
URY,URY,2010,8.047,7.447,0.6,0.6,0.863,0.093,0.537,0.625,0.675,,0.496,Moderate Potential,0.45,0.543,0.5,RO,Robust Opportunity,Advanced Economy,structural,0.7883,0.4031,0.477,0.2388,0.8065,0.3719,0.5352,0.4095,0.414,0.886,0.8777,0.9386,0.7487,0.881,0.3902,0.7407,0.748,,,,,,clean,N/A,MEDIUM,current_account_pct_gdp; external_debt_pct_gni,False
URY,URY,2011,7.937,7.337,0.6,0.6,0.847,0.109,0.516,0.656,0.673,,0.49,Moderate Potential,0.45,0.526,0.5,RO,Robust Opportunity,Advanced Economy,structural,0.6,0.454,0.4653,0.2986,0.8248,0.4322,0.534,0.4283,0.6321,0.9025,0.8639,0.9352,0.7814,0.6851,0.484,0.7469,0.7445,,,,,,clean,N/A,MEDIUM,current_account_pct_gdp; external_debt_pct_gni,False
URY,URY,2012,6.4,5.8,0.6,0.6,0.832,0.102,0.544,0.62,0.649,0.38,0.224,Low Takeoff Signal,0.45,0.402,0.051,FO,Fragile Opportunity,Advanced Economy,stable,0.4882,0.4538,0.5945,0.3867,0.8268,0.363,0.4412,0.4471,0.4761,0.8906,0.839,0.9347,0.7735,0.5478,0.4783,0.7509,0.7902,0.0723,0.9669,0.0505,0.098,0.3613,clean,N/A,HIGH,external_debt_pct_gni,True
URY,URY,2013,6.19,5.59,0.6,0.6,0.801,0.105,0.504,0.62,0.667,0.38,0.212,Low Takeoff Signal,0.45,0.395,0.043,FO,Fragile Opportunity,Advanced Economy,stable,0.6067,0.4188,0.37,0.3772,0.8182,0.2332,0.4714,0.4532,0.5658,0.9008,0.8421,0.9383,0.768,0.7163,0.4611,0.7488,0.8163,0.1403,0.5478,0.0427,0.1693,0.1486,clean,N/A,HIGH,external_debt_pct_gni,True
URY,URY,2014,6.456,5.856,0.6,0.6,0.761,0.109,0.512,0.624,0.644,0.38,0.346,Low Takeoff Signal,0.288,0.384,0.379,RO,Robust Opportunity,Advanced Economy,stable,0.4812,0.4559,0.5338,0.3149,0.826,0.2587,0.4719,0.4507,0.5668,0.9169,0.8585,0.9326,0.7585,0.6308,0.4466,0.7473,0.817,0.0482,0.6033,0.3786,0.1931,0.1243,clean,N/A,HIGH,external_debt_pct_gni,True
URY,URY,2015,5.404,4.804,0.6,0.6,0.579,0.14,0.442,0.631,0.544,0.38,0.327,Low Takeoff Signal,0.185,0.391,0.513,FO,Fragile Opportunity,Advanced Economy,stable,0.253,0.4408,0.47,0.2676,0.8319,0.4192,0.4427,0.6501,0.6047,0.9237,0.8667,0.927,0.6946,0.3527,0.3295,0.735,0.7868,0.1119,0.5889,0.5128,0.2326,0.1508,clean,N/A,HIGH,external_debt_pct_gni,True
URY,URY,2016,5.819,5.219,0.6,0.6,0.579,0.149,0.423,0.653,0.563,0.38,0.442,Moderate Potential,0.202,0.499,0.957,FO,Fragile Opportunity,Advanced Economy,stable,0.3607,0.4416,0.2385,0.1912,0.8621,0.5056,0.5002,0.7154,0.5604,0.9333,0.8781,0.9378,0.7269,0.4896,0.2787,0.7253,0.8049,0.2342,0.0195,0.9566,0.5786,0.3122,clean,N/A,HIGH,external_debt_pct_gni,True
URY,URY,2017,6.367,5.767,0.6,0.6,0.642,0.152,0.464,0.659,0.548,0.58,0.5,Moderate Potential,0.277,0.549,0.897,FO,Fragile Opportunity,Advanced Economy,structural,0.3159,0.4389,0.4688,0.1252,0.8923,0.5299,0.5156,0.6287,0.5489,0.9324,0.8702,0.9346,0.7339,0.4239,0.2283,0.7201,0.7921,0.1755,0.5432,0.8968,0.6831,0.7848,clean,N/A,HIGH,external_debt_pct_gni,True
URY,URY,2018,5.413,4.813,0.6,0.6,0.536,0.168,0.409,0.666,0.492,0.497,0.394,Low Takeoff Signal,0.273,0.463,0.5,SR,Structural Risk,Advanced Economy,structural,0.1509,0.4131,0.4625,0.0985,0.9,0.5353,0.4951,0.5842,0.5814,0.9319,0.8702,0.9347,0.7045,0.2414,0.1808,0.7126,0.7676,0.2594,0.3122,0.5001,0.6762,0.7363,clean,N/A,HIGH,external_debt_pct_gni,True
URY,URY,2019,5.894,5.294,0.6,0.6,0.594,0.17,0.44,0.679,0.49,0.54,0.441,Moderate Potential,0.35,0.509,0.491,FO,Fragile Opportunity,Advanced Economy,structural,0.3083,0.4606,0.4333,0.0894,0.9125,0.5346,0.4905,0.6586,0.6241,0.9368,0.8695,0.9359,0.7055,0.421,0.1349,0.7119,0.7741,0.4576,0.6002,0.4906,0.6253,0.5253,clean,N/A,HIGH,external_debt_pct_gni,True
URY,URY,2020,5.063,4.463,0.6,0.6,0.474,0.189,0.357,0.639,0.293,0.393,0.389,Low Takeoff Signal,0.35,0.378,0.457,SR,Structural Risk,Knowledge / Service Economy,structural,0.2822,0.4267,0.5003,0.1769,0.8981,0.5355,0.5196,0.5545,0.4957,0.9369,0.8725,0.948,0.678,0.334,0.1031,0.7038,0.8101,0.2125,0.7296,0.4573,0.4692,0.0962,clean,N/A,HIGH,external_debt_pct_gni,True
URY,URY,2021,6.906,6.306,0.6,0.6,0.679,0.133,0.601,0.638,0.525,0.679,0.594,Pre-Breakout Signal,0.45,0.635,0.758,FO,Fragile Opportunity,Advanced Economy,structural,0.5166,0.5538,0.527,0.2249,0.9138,0.556,0.5413,0.4294,0.3866,0.9378,0.886,0.9582,0.7362,0.5986,0.1209,0.6992,0.8119,0.7183,0.7987,0.7583,0.5589,0.6192,clean,N/A,HIGH,external_debt_pct_gni,True
URY,URY,2022,7.143,6.543,0.6,0.6,0.791,0.133,0.59,0.656,0.593,0.75,0.491,Moderate Potential,0.2,0.698,0.931,FO,Fragile Opportunity,Advanced Economy,structural,0.5278,0.5476,0.6494,0.2322,0.9165,0.6171,0.5537,0.415,0.4408,0.954,0.8936,0.9585,0.7369,0.6306,0.2023,0.6983,0.8161,0.953,0.9807,0.9312,0.8067,0.8987,clean,N/A,HIGH,external_debt_pct_gni,True
URY,URY,2023,6.269,5.669,0.6,0.6,0.647,0.164,0.434,0.663,0.519,0.583,0.466,Moderate Potential,0.2,0.625,0.888,FO,Fragile Opportunity,Advanced Economy,structural,0.3144,0.425,0.1919,0.2006,0.9091,0.5751,0.5091,0.3923,0.5018,0.9395,0.8899,0.955,0.7367,0.4393,0.1624,0.6951,0.8185,0.4321,0.3908,0.8876,0.593,0.8552,clean,N/A,HIGH,external_debt_pct_gni,True
URY,URY,2024,6.424,5.824,0.6,0.6,0.703,0.154,0.488,0.702,0.543,0.466,0.424,Moderate Potential,0.2,0.55,0.755,FO,Fragile Opportunity,Advanced Economy,structural,0.497,0.6111,0.3124,0.1415,0.9095,0.5589,0.4492,0.5118,0.6936,0.9559,0.8881,0.9517,0.7368,0.6321,0.1532,0.6957,0.7932,0.4857,0.0483,0.7546,0.2953,0.9398,clean,N/A,HIGH,external_debt_pct_gni,True
USA,USA,2010,8.116,6.616,1.5,1.5,0.726,0.128,0.435,0.625,0.622,,0.471,Moderate Potential,0.45,0.469,0.5,FO,Fragile Opportunity,Advanced Economy,structural,0.2533,0.4977,0.3816,0.2102,0.8579,0.8356,0.053,0.4295,0.4181,0.8233,0.9589,0.9154,0.7784,0.3014,0.4696,0.9116,0.9306,,,,,,clean,N/A,HIGH,secondary_school_enrolment; external_debt_pct_gni,False
USA,USA,2011,7.991,6.491,1.5,1.5,0.703,0.116,0.428,0.586,0.634,,0.47,Moderate Potential,0.45,0.467,0.5,RO,Robust Opportunity,Advanced Economy,structural,0.3322,0.4669,0.3635,0.2272,0.8449,0.6754,0.0467,0.4431,0.2319,0.8399,0.9475,0.9264,0.7861,0.3724,0.5105,0.9109,0.9356,,,,,,clean,N/A,HIGH,secondary_school_enrolment; external_debt_pct_gni,False
USA,USA,2012,7.249,5.749,1.5,1.5,0.787,0.103,0.472,0.603,0.686,0.38,0.277,Low Takeoff Signal,0.45,0.424,0.096,RO,Robust Opportunity,Advanced Economy,stable,0.426,0.4571,0.4041,0.2593,0.9065,0.7474,0.0463,0.4698,0.3283,0.834,0.9468,0.9268,0.7838,0.4586,0.5547,0.9102,0.9397,0.6951,0.3674,0.0959,0.0716,0.3781,clean,N/A,HIGH,secondary_school_enrolment; external_debt_pct_gni,True
USA,USA,2013,6.817,5.317,1.5,1.5,0.742,0.104,0.44,0.59,0.692,0.38,0.225,Low Takeoff Signal,0.45,0.424,0.048,FO,Fragile Opportunity,Advanced Economy,stable,0.3981,0.4475,0.3738,0.2862,0.7259,0.6965,0.0573,0.4854,0.246,0.8297,0.9408,0.9185,0.7835,0.463,0.5804,0.9104,0.9344,0.6991,0.5523,0.0479,0.1698,0.2136,clean,N/A,HIGH,external_debt_pct_gni,True
USA,USA,2014,7.276,5.776,1.5,1.5,0.753,0.095,0.454,0.586,0.717,0.401,0.337,Low Takeoff Signal,0.512,0.453,0.146,RO,Robust Opportunity,Advanced Economy,stable,0.3982,0.4597,0.4097,0.3042,0.724,0.7128,0.0563,0.4843,0.1513,0.8322,0.9417,0.9269,0.7833,0.4859,0.6393,0.9099,0.9283,0.715,0.5478,0.1458,0.2792,0.3172,clean,N/A,HIGH,external_debt_pct_gni,True
USA,USA,2015,8.139,6.639,1.5,1.5,0.799,0.1,0.464,0.575,0.743,0.645,0.506,Moderate Potential,0.508,0.588,0.424,RO,Robust Opportunity,Advanced Economy,structural,0.4956,0.4496,0.4139,0.3429,0.7238,0.6377,0.0722,0.5512,0.1345,0.8435,0.9427,0.9246,0.7584,0.5695,0.6901,0.9091,0.9246,0.833,0.7726,0.4239,0.6901,0.6118,clean,N/A,HIGH,external_debt_pct_gni,True
USA,USA,2016,7.764,6.264,1.5,1.5,0.743,0.096,0.445,0.555,0.723,0.571,0.486,Moderate Potential,0.498,0.54,0.419,RO,Robust Opportunity,Advanced Economy,structural,0.375,0.4485,0.4105,0.3259,0.7324,0.5744,0.0784,0.5722,0.2672,0.7534,0.9439,0.9214,0.7905,0.4499,0.723,0.9086,0.9349,0.5746,0.7916,0.4191,0.7837,0.3606,clean,N/A,HIGH,external_debt_pct_gni,True
USA,USA,2017,7.684,6.184,1.5,1.5,0.749,0.076,0.466,0.549,0.75,0.526,0.456,Moderate Potential,0.502,0.519,0.351,RO,Robust Opportunity,Advanced Economy,structural,0.3855,0.4283,0.4341,0.3298,0.7355,0.5584,0.0908,0.5177,0.3202,0.6676,0.9378,0.9301,0.7884,0.4539,0.7479,0.9086,0.9454,0.5589,0.6068,0.3513,0.7967,0.3632,clean,N/A,HIGH,external_debt_pct_gni,True
USA,USA,2018,7.274,5.774,1.5,1.5,0.773,0.062,0.472,0.539,0.767,0.443,0.306,Low Takeoff Signal,0.517,0.472,0.1,RO,Robust Opportunity,Advanced Economy,structural,0.4551,0.4508,0.4463,0.3317,0.7374,0.5355,0.0884,0.4903,0.2033,0.7314,0.9214,0.9217,0.7525,0.5533,0.7525,0.9081,0.9447,0.5309,0.5921,0.0999,0.6907,0.3017,clean,N/A,HIGH,external_debt_pct_gni,True
USA,USA,2019,6.644,5.144,1.5,1.5,0.746,0.064,0.467,0.525,0.758,0.38,0.171,Low Takeoff Signal,0.25,0.415,0.039,FO,Fragile Opportunity,Advanced Economy,structural,0.4737,0.4383,0.424,0.3493,0.7472,0.5386,0.094,0.4961,0.2421,0.631,0.9116,0.9091,0.7519,0.556,0.7549,0.9087,0.9304,0.4594,0.1447,0.0386,0.5552,0.3992,clean,N/A,HIGH,external_debt_pct_gni,True
USA,USA,2020,6.671,5.171,1.5,1.5,0.739,0.096,0.392,0.509,0.613,0.38,0.188,Low Takeoff Signal,0.25,0.399,0.056,FO,Fragile Opportunity,Knowledge / Service Economy,structural,0.5868,0.4368,0.4825,0.4184,0.7521,0.5504,0.086,0.4222,0.367,0.5412,0.8948,0.9008,0.781,0.6353,0.6202,0.9084,0.9263,0.8173,0.2841,0.0564,0.2846,0.5201,clean,N/A,HIGH,external_debt_pct_gni,True
USA,USA,2021,6.656,5.156,1.5,1.5,0.741,0.03,0.554,0.51,0.822,0.38,0.182,Low Takeoff Signal,0.25,0.465,0.042,FO,Fragile Opportunity,Advanced Economy,structural,0.535,0.3533,0.4424,0.3857,0.7603,0.5602,0.1003,0.3696,0.3219,0.5613,0.8992,0.9043,0.7568,0.5965,0.7517,0.9067,0.9433,0.7233,0.5522,0.0422,0.1237,0.2825,clean,N/A,HIGH,external_debt_pct_gni,True
USA,USA,2022,7.148,5.648,1.5,1.5,0.743,0.046,0.496,0.512,0.764,0.443,0.316,Low Takeoff Signal,0.25,0.469,0.262,RO,Robust Opportunity,Advanced Economy,structural,0.3956,0.4372,0.5037,0.3947,0.7064,0.6437,0.0852,0.411,0.2748,0.5355,0.9058,0.9171,0.7574,0.4405,0.7616,0.9071,0.9451,0.3654,0.4782,0.2619,0.5109,0.596,clean,N/A,HIGH,external_debt_pct_gni,True
USA,USA,2023,7.804,6.304,1.5,1.5,0.83,0.054,0.486,0.516,0.766,0.488,0.368,Low Takeoff Signal,0.25,0.503,0.401,RO,Robust Opportunity,Advanced Economy,structural,0.5043,0.4924,0.4547,0.411,0.7149,0.5874,0.0861,0.3979,0.2773,0.5159,0.8904,0.9182,0.7573,0.5483,0.7567,0.9058,0.9422,0.2607,0.4406,0.4013,0.5878,0.7831,clean,N/A,HIGH,external_debt_pct_gni,True
USA,USA,2024,7.866,6.366,1.5,1.5,0.814,0.057,0.486,0.518,0.752,0.485,0.408,Moderate Potential,0.25,0.503,0.566,RO,Robust Opportunity,Advanced Economy,structural,0.4653,0.485,0.4372,0.4179,0.7099,0.5798,0.0746,0.3649,0.2895,0.5952,0.89,0.9007,0.7574,0.4978,0.7307,0.9049,0.9353,0.2201,0.3911,0.5661,0.6497,0.5981,clean,N/A,HIGH,external_debt_pct_gni,True
UVK,UVK,2010,,5.151,,0.255,0.438,0.111,0.546,0.444,0.335,,0.496,Moderate Potential,0.45,0.544,0.5,SL,Stable / Low Opportunity,Diversified Emerging Market,noise,0.7116,0.5227,0.5075,0.7637,0.2822,0.412,0.8859,0.2124,0.8579,0.3748,0.2235,0.2253,0.3326,0.6006,0.5913,0.1917,0.1929,,,,,,data_poverty,HIGH,LOW,gdp_growth; export_growth; net_fdi_pct_gdp; gross_capital_formation; secondary_school_enrolment; external_debt_pct_gni; political_stability; rule_of_law; control_of_corruption; natural_resource_rents_pct_gdp; gdp_per_capita_growth; youth_unemployment; vulnerable_employment; regulatory_quality,False
UVK,UVK,2011,,5.41,,0.255,0.495,0.126,0.506,0.515,0.384,,0.482,Moderate Potential,0.45,0.5,0.5,SR,Structural Risk,High-Growth Emerging Market,noise,0.6061,0.4631,0.5219,0.7532,0.2373,0.6569,0.8872,0.2381,0.6152,0.4956,0.3904,0.4161,0.3024,0.5539,0.5212,0.3346,0.3583,,,,,,data_poverty,HIGH,LOW,gdp_growth; export_growth; net_fdi_pct_gdp; gross_capital_formation; secondary_school_enrolment; external_debt_pct_gni; political_stability; rule_of_law; control_of_corruption; natural_resource_rents_pct_gdp; gdp_per_capita_growth; youth_unemployment; vulnerable_employment; regulatory_quality,False
UVK,UVK,2012,6.073,6.611,-0.538,0.255,0.79,0.113,0.551,0.548,0.544,0.652,0.513,Moderate Potential,0.45,0.597,0.5,RO,Robust Opportunity,High-Growth Emerging Market,noise,0.5598,0.4317,0.4976,0.6726,0.6344,0.6292,0.8718,0.3954,0.4157,0.6312,0.4944,0.4903,0.4631,0.5592,0.6659,0.5533,0.5082,,,,0.5547,0.8721,data_poverty,HIGH,LOW,gdp_growth; export_growth; net_fdi_pct_gdp; gross_capital_formation; secondary_school_enrolment; external_debt_pct_gni; political_stability; rule_of_law; control_of_corruption; natural_resource_rents_pct_gdp; gdp_per_capita_growth; youth_unemployment; vulnerable_employment; regulatory_quality,True
UVK,UVK,2013,3.954,4.491,-0.537,0.255,0.402,0.17,0.48,0.536,0.288,0.648,0.505,Moderate Potential,0.45,0.573,0.5,SR,Structural Risk,Diversified Emerging Market,noise,0.2529,0.3963,0.4528,0.5992,0.7556,0.7428,0.8678,0.4446,0.656,0.2366,0.4004,0.506,0.1348,0.2398,0.1976,0.7213,0.3786,,,,0.5463,0.9728,data_poverty,HIGH,LOW,gdp_growth; export_growth; net_fdi_pct_gdp; gross_capital_formation; secondary_school_enrolment; external_debt_pct_gni; political_stability; rule_of_law; control_of_corruption; natural_resource_rents_pct_gdp; gdp_per_capita_growth; youth_unemployment; vulnerable_employment; regulatory_quality,True
UVK,UVK,2014,5.701,6.224,-0.523,0.255,0.709,0.116,0.62,0.552,0.452,0.618,0.526,Moderate Potential,0.45,0.641,0.5,RO,Robust Opportunity,High-Growth Emerging Market,noise,0.7477,0.4401,0.5204,0.8189,0.7421,0.7581,0.8712,0.2909,0.6661,0.4215,0.3968,0.4826,0.2359,0.7345,0.4265,0.6864,0.3493,,,,0.4851,0.97,data_poverty,HIGH,LOW,gdp_growth; export_growth; net_fdi_pct_gdp; gross_capital_formation; secondary_school_enrolment; external_debt_pct_gni; political_stability; rule_of_law; control_of_corruption; natural_resource_rents_pct_gdp; gdp_per_capita_growth; youth_unemployment; vulnerable_employment; regulatory_quality,True
UVK,UVK,2015,5.02,5.54,-0.52,0.255,0.583,0.131,0.59,0.54,0.392,0.612,0.526,Moderate Potential,0.45,0.641,0.5,FO,Fragile Opportunity,High-Growth Emerging Market,noise,0.7052,0.4552,0.3884,0.7995,0.7324,0.6581,0.8763,0.2386,0.7621,0.3659,0.3915,0.4605,0.1045,0.5299,0.2812,0.773,0.4403,,,,0.4733,0.8725,data_poverty,HIGH,LOW,gdp_growth; export_growth; net_fdi_pct_gdp; gross_capital_formation; secondary_school_enrolment; external_debt_pct_gni; political_stability; rule_of_law; control_of_corruption; natural_resource_rents_pct_gdp; gdp_per_capita_growth; youth_unemployment; vulnerable_employment; regulatory_quality,True
UVK,UVK,2016,4.691,5.189,-0.498,0.255,0.537,0.108,0.548,0.475,0.421,0.562,0.497,Moderate Potential,0.45,0.546,0.5,SL,Stable / Low Opportunity,Diversified Emerging Market,noise,0.6576,0.4805,0.5216,0.5154,0.7532,0.5847,0.8862,0.2746,0.5661,0.4044,0.3366,0.3819,0.0857,0.481,0.4776,0.7042,0.3991,,,,0.5929,0.5316,data_poverty,HIGH,LOW,gdp_growth; export_growth; net_fdi_pct_gdp; gross_capital_formation; secondary_school_enrolment; external_debt_pct_gni; political_stability; rule_of_law; control_of_corruption; natural_resource_rents_pct_gdp; gdp_per_capita_growth; youth_unemployment; vulnerable_employment; regulatory_quality,True
UVK,UVK,2017,4.538,5.032,-0.494,0.255,0.512,0.102,0.502,0.461,0.467,0.554,0.491,Moderate Potential,0.45,0.528,0.5,SL,Stable / Low Opportunity,Diversified Emerging Market,noise,0.6912,0.3901,0.4608,0.4342,0.6186,0.5693,0.8736,0.3096,0.5863,0.3572,0.2628,0.3378,0.2358,0.6748,0.3923,0.6913,0.3507,,,,0.5588,0.55,data_poverty,HIGH,LOW,gdp_growth; export_growth; net_fdi_pct_gdp; gross_capital_formation; secondary_school_enrolment; external_debt_pct_gni; political_stability; rule_of_law; control_of_corruption; natural_resource_rents_pct_gdp; gdp_per_capita_growth; youth_unemployment; vulnerable_employment; regulatory_quality,True
UVK,UVK,2018,3.931,4.347,-0.416,0.255,0.4,0.078,0.513,0.412,0.398,0.38,0.468,Moderate Potential,0.45,0.461,0.5,SL,Stable / Low Opportunity,Diversified Emerging Market,noise,0.724,0.5294,0.4758,0.526,0.3766,0.5355,0.8697,0.2165,0.6144,0.3066,0.1746,0.2234,0.3447,0.6084,0.5043,0.3456,0.2444,,,,0.4989,0.1148,data_poverty,HIGH,LOW,gdp_growth; export_growth; net_fdi_pct_gdp; gross_capital_formation; secondary_school_enrolment; external_debt_pct_gni; political_stability; rule_of_law; control_of_corruption; natural_resource_rents_pct_gdp; gdp_per_capita_growth; youth_unemployment; vulnerable_employment; regulatory_quality,True
UVK,UVK,2019,3.685,4.102,-0.417,0.255,0.358,0.094,0.456,0.429,0.39,0.382,0.464,Moderate Potential,0.45,0.448,0.5,SL,Stable / Low Opportunity,Diversified Emerging Market,noise,0.5978,0.4295,0.4523,0.5543,0.3683,0.5391,0.8684,0.322,0.6343,0.3231,0.1829,0.2474,0.3709,0.4972,0.4925,0.3443,0.2318,,,,0.4402,0.3231,data_poverty,HIGH,LOW,gdp_growth; export_growth; net_fdi_pct_gdp; gross_capital_formation; secondary_school_enrolment; external_debt_pct_gni; political_stability; rule_of_law; control_of_corruption; natural_resource_rents_pct_gdp; gdp_per_capita_growth; youth_unemployment; vulnerable_employment; regulatory_quality,True
UVK,UVK,2020,3.367,3.833,-0.466,0.255,0.326,0.162,0.355,0.469,0.199,0.491,0.437,Moderate Potential,0.45,0.378,0.5,SR,Structural Risk,Diversified Emerging Market,noise,0.1888,0.3798,0.5631,0.5344,0.6029,0.5533,0.8616,0.2087,0.7041,0.3439,0.3037,0.3846,0.4916,0.1671,0.1749,0.6023,0.2984,,,,0.5929,0.3885,data_poverty,HIGH,LOW,gdp_growth; export_growth; net_fdi_pct_gdp; gross_capital_formation; secondary_school_enrolment; external_debt_pct_gni; political_stability; rule_of_law; control_of_corruption; natural_resource_rents_pct_gdp; gdp_per_capita_growth; youth_unemployment; vulnerable_employment; regulatory_quality,True
UVK,UVK,2021,5.274,5.777,-0.503,0.255,0.637,0.093,0.593,0.543,0.539,0.574,0.51,Moderate Potential,0.45,0.589,0.5,RO,Robust Opportunity,High-Growth Emerging Market,noise,0.6281,0.6166,0.4933,0.5524,0.549,0.5655,0.8605,0.1548,0.6714,0.575,0.5087,0.5714,0.4865,0.5989,0.3193,0.7354,0.579,,,,0.7021,0.4459,data_poverty,HIGH,LOW,gdp_growth; export_growth; net_fdi_pct_gdp; gross_capital_formation; secondary_school_enrolment; external_debt_pct_gni; political_stability; rule_of_law; control_of_corruption; natural_resource_rents_pct_gdp; gdp_per_capita_growth; youth_unemployment; vulnerable_employment; regulatory_quality,True
UVK,UVK,2022,4.563,5.059,-0.496,0.255,0.513,0.114,0.557,0.506,0.423,0.558,0.497,Moderate Potential,0.45,0.546,0.5,SL,Stable / Low Opportunity,High-Growth Emerging Market,noise,0.4999,0.5143,0.5406,0.6623,0.5438,0.5616,0.8777,0.1996,0.7298,0.4525,0.4116,0.4745,0.3891,0.4675,0.2688,0.556,0.4616,,,,0.7472,0.3696,data_poverty,HIGH,LOW,gdp_growth; export_growth; net_fdi_pct_gdp; gross_capital_formation; secondary_school_enrolment; external_debt_pct_gni; political_stability; rule_of_law; control_of_corruption; natural_resource_rents_pct_gdp; gdp_per_capita_growth; youth_unemployment; vulnerable_employment; regulatory_quality,True
UVK,UVK,2023,3.547,4.078,-0.531,0.255,0.369,0.188,0.346,0.574,0.343,0.635,0.44,Moderate Potential,0.45,0.386,0.5,SR,Structural Risk,Diversified Emerging Market,noise,0.1264,0.1765,0.6582,0.528,0.3375,0.5936,0.8873,0.2214,0.7302,0.6482,0.5058,0.5745,0.422,0.1299,0.2637,0.6281,0.5109,,,,0.5957,0.6736,data_poverty,HIGH,LOW,gdp_growth; export_growth; net_fdi_pct_gdp; gross_capital_formation; secondary_school_enrolment; external_debt_pct_gni; political_stability; rule_of_law; control_of_corruption; natural_resource_rents_pct_gdp; gdp_per_capita_growth; youth_unemployment; vulnerable_employment; regulatory_quality,True
UVK,UVK,2024,4.389,4.899,-0.51,0.255,0.488,0.113,0.49,0.445,0.428,0.589,0.489,Moderate Potential,0.45,0.523,0.5,SL,Stable / Low Opportunity,Diversified Emerging Market,noise,0.5762,0.6477,0.4823,0.7218,0.2178,0.593,0.8907,0.165,0.6904,0.3088,0.3018,0.3099,0.3904,0.5429,0.5215,0.4578,0.3525,,,,0.5813,0.5965,data_poverty,HIGH,LOW,gdp_growth; export_growth; net_fdi_pct_gdp; gross_capital_formation; secondary_school_enrolment; external_debt_pct_gni; political_stability; rule_of_law; control_of_corruption; natural_resource_rents_pct_gdp; gdp_per_capita_growth; youth_unemployment; vulnerable_employment; regulatory_quality,True
UZB,Uzbekistan,2010,5.972,5.325,0.647,0.647,0.459,0.098,0.58,0.417,0.341,,0.514,Moderate Potential,0.45,0.6,0.5,SL,Stable / Low Opportunity,Diversified Emerging Market,structural,0.7717,0.4176,0.4245,0.6414,0.7026,0.0712,0.885,0.6192,0.901,0.3025,0.1101,0.0953,0.2883,0.7672,0.6935,0.5493,0.0574,,,,,,clean,N/A,HIGH,,False
UZB,Uzbekistan,2011,5.82,5.173,0.647,0.647,0.427,0.106,0.586,0.433,0.315,,0.518,Moderate Potential,0.45,0.615,0.5,SL,Stable / Low Opportunity,High-Growth Emerging Market,structural,0.7559,0.5374,0.3904,0.5776,0.6873,0.2332,0.883,0.6088,0.9073,0.3434,0.1023,0.0845,0.2381,0.7481,0.7206,0.5496,0.0538,,,,,,clean,N/A,HIGH,,False
UZB,Uzbekistan,2012,5.684,5.037,0.647,0.647,0.455,0.108,0.562,0.446,0.337,0.499,0.577,Pre-Breakout Signal,0.45,0.564,0.794,SL,Stable / Low Opportunity,High-Growth Emerging Market,structural,0.6613,0.3791,0.3962,0.7229,0.7013,0.1774,0.8819,0.5632,0.9111,0.367,0.1334,0.103,0.2359,0.6535,0.719,0.55,0.0699,0.6271,0.0434,0.794,0.6487,0.4267,clean,N/A,HIGH,,True
UZB,Uzbekistan,2013,6.036,5.389,0.647,0.647,0.491,0.101,0.583,0.447,0.357,0.501,0.622,Pre-Breakout Signal,0.45,0.603,0.938,SL,Stable / Low Opportunity,High-Growth Emerging Market,structural,0.7904,0.5198,0.3455,0.6217,0.6717,0.1382,0.8849,0.5873,0.8986,0.3778,0.1572,0.1208,0.2674,0.8015,0.7191,0.5509,0.072,0.641,0.032,0.9382,0.7188,0.3647,clean,N/A,HIGH,,True
UZB,Uzbekistan,2014,5.807,5.16,0.647,0.647,0.489,0.117,0.537,0.48,0.38,0.543,0.561,Pre-Breakout Signal,0.339,0.59,0.951,SL,Stable / Low Opportunity,High-Growth Emerging Market,structural,0.8377,0.356,0.3996,0.6614,0.6553,0.2144,0.8976,0.6666,0.8936,0.4719,0.1655,0.1364,0.3753,0.8368,0.6983,0.5509,0.067,0.5417,0.0376,0.9513,0.7784,0.6369,clean,N/A,HIGH,,True
UZB,Uzbekistan,2015,6.358,5.711,0.647,0.647,0.552,0.129,0.557,0.486,0.405,0.666,0.62,Pre-Breakout Signal,0.389,0.685,0.952,SR,Structural Risk,High-Growth Emerging Market,structural,0.852,0.4673,0.3665,0.5739,0.653,0.4446,0.9079,0.7092,0.884,0.4563,0.1689,0.1298,0.4367,0.8391,0.6952,0.5513,0.0675,0.6251,0.4536,0.9521,0.8325,0.9206,clean,N/A,HIGH,,True
UZB,Uzbekistan,2016,6.101,5.454,0.647,0.647,0.543,0.13,0.549,0.494,0.402,0.657,0.562,Pre-Breakout Signal,0.321,0.657,0.898,SR,Structural Risk,High-Growth Emerging Market,structural,0.8094,0.4856,0.3768,0.5525,0.6538,0.4855,0.9137,0.6895,0.8577,0.5222,0.1729,0.1335,0.4431,0.7865,0.6933,0.5519,0.0726,0.481,0.7211,0.8979,0.8531,0.5843,clean,N/A,HIGH,,True
UZB,Uzbekistan,2017,5.022,4.375,0.647,0.647,0.444,0.103,0.581,0.478,0.356,0.442,0.41,Moderate Potential,0.158,0.559,0.87,SL,Stable / Low Opportunity,High-Growth Emerging Market,structural,0.5894,0.5222,0.444,0.6575,0.6696,0.4498,0.8688,0.7382,0.8208,0.5187,0.1833,0.1304,0.2358,0.5489,0.6369,0.553,0.085,0.0935,0.9503,0.8702,0.5855,0.0325,clean,N/A,HIGH,,True
UZB,Uzbekistan,2018,4.858,4.211,0.647,0.647,0.431,0.094,0.641,0.466,0.324,0.38,0.384,Low Takeoff Signal,0.124,0.538,0.967,SL,Stable / Low Opportunity,High-Growth Emerging Market,structural,0.7777,0.5222,0.4465,0.9038,0.6813,0.535,0.868,0.2799,0.7808,0.5039,0.2126,0.1401,0.1116,0.7323,0.6468,0.5561,0.1138,0.1183,0.6519,0.9667,0.2529,0.0387,clean,N/A,HIGH,,True
UZB,Uzbekistan,2019,6.856,6.209,0.647,0.647,0.647,0.054,0.692,0.454,0.441,0.41,0.616,Pre-Breakout Signal,0.45,0.586,0.94,RO,Robust Opportunity,High-Growth Emerging Market,structural,0.8424,0.5145,0.4449,0.9607,0.698,0.5308,0.8225,0.3518,0.7354,0.501,0.2005,0.1538,0.2691,0.816,0.6672,0.5582,0.1643,0.4522,0.7655,0.9401,0.0496,0.0498,clean,N/A,HIGH,,True
UZB,Uzbekistan,2020,6.685,6.038,0.647,0.647,0.633,0.104,0.518,0.424,0.379,0.527,0.589,Pre-Breakout Signal,0.45,0.544,0.885,RO,Robust Opportunity,High-Growth Emerging Market,structural,0.7811,0.378,0.5123,0.9596,0.6069,0.5321,0.8022,0.3228,0.6116,0.437,0.2055,0.2156,0.2542,0.7562,0.684,0.5546,0.146,0.8664,0.7276,0.8853,0.0362,0.3719,clean,N/A,HIGH,,True
UZB,Uzbekistan,2021,6.028,5.381,0.647,0.647,0.468,0.104,0.703,0.444,0.342,0.607,0.655,Pre-Breakout Signal,0.45,0.689,0.955,SL,Stable / Low Opportunity,High-Growth Emerging Market,structural,0.6974,0.5235,0.4541,0.9568,0.7109,0.5414,0.806,0.2547,0.5662,0.5158,0.2812,0.2522,0.11,0.6022,0.6553,0.5527,0.2366,0.746,0.615,0.9548,0.1747,0.8562,clean,N/A,HIGH,,True
UZB,Uzbekistan,2022,6.049,5.402,0.647,0.647,0.483,0.108,0.688,0.467,0.333,0.565,0.638,Pre-Breakout Signal,0.45,0.649,0.938,SL,Stable / Low Opportunity,High-Growth Emerging Market,structural,0.6277,0.7507,0.522,0.9027,0.7052,0.5593,0.8189,0.4397,0.5236,0.5011,0.3016,0.2701,0.1108,0.5785,0.6807,0.5518,0.2597,0.3627,0.6082,0.9378,0.3528,0.8987,clean,N/A,HIGH,,True
UZB,Uzbekistan,2023,6.112,5.465,0.647,0.647,0.502,0.091,0.685,0.437,0.325,0.486,0.626,Pre-Breakout Signal,0.45,0.617,0.938,SL,Stable / Low Opportunity,High-Growth Emerging Market,structural,0.7827,0.8823,0.4848,0.9333,0.7137,0.5509,0.806,0.2204,0.5013,0.488,0.3035,0.2705,0.1107,0.724,0.6699,0.5485,0.2486,0.2246,0.1925,0.9378,0.5152,0.8552,clean,N/A,HIGH,,True
UZB,Uzbekistan,2024,5.38,4.733,0.647,0.647,0.477,0.108,0.619,0.467,0.335,0.502,0.46,Moderate Potential,0.2,0.584,0.918,SL,Stable / Low Opportunity,High-Growth Emerging Market,structural,0.7946,0.249,0.4725,0.9144,0.7013,0.5257,0.8019,0.3129,0.4818,0.6271,0.3135,0.2621,0.1105,0.7416,0.6705,0.5505,0.2969,0.342,0.3699,0.9182,0.2966,0.7509,clean,N/A,HIGH,,True
VEN,VEN,2010,3.791,3.133,0.658,0.658,0.116,0.114,0.283,0.22,0.197,,0.418,Moderate Potential,0.45,0.333,0.5,SL,Stable / Low Opportunity,Diversified Emerging Market,structural,0.0455,0.1419,0.3463,0.3578,0.5632,0.0001,0.5782,0.5485,0.1499,0.1026,0.0524,0.1143,0.371,0.0417,0.6124,0.5984,0.0532,,,,,,clean,N/A,HIGH,external_debt_pct_gni,False
VEN,VEN,2011,4.377,3.719,0.658,0.658,0.187,0.095,0.443,0.216,0.271,,0.475,Moderate Potential,0.45,0.481,0.5,SL,Stable / Low Opportunity,Commodity Exporter,structural,0.5257,0.4434,0.3678,0.3976,0.5656,0.0232,0.3848,0.6203,0.1676,0.135,0.0491,0.1408,0.1289,0.5331,0.6175,0.5977,0.0807,,,,,,clean,N/A,HIGH,external_debt_pct_gni,False
VEN,VEN,2012,3.493,2.835,0.658,0.658,0.224,0.073,0.476,0.223,0.313,0.443,0.312,Low Takeoff Signal,0.45,0.525,0.111,SL,Stable / Low Opportunity,High-Growth Emerging Market,structural,0.592,0.436,0.4005,0.4292,0.5792,0.0144,0.3347,0.5399,0.4464,0.1487,0.0462,0.1216,0.198,0.5982,0.6215,0.6114,0.0672,0.9051,0.564,0.1113,0.0391,0.97,clean,N/A,HIGH,external_debt_pct_gni,True
VEN,VEN,2013,2.948,2.29,0.658,0.658,0.183,0.063,0.49,0.218,0.273,0.38,0.222,Low Takeoff Signal,0.45,0.45,0.043,SL,Stable / Low Opportunity,Diversified Emerging Market,structural,0.3376,0.3633,0.3412,0.7928,0.6635,0.0,0.1349,0.5868,0.6867,0.1315,0.0383,0.1129,0.1835,0.3571,0.5595,0.6133,0.0642,0.8185,0.56,0.0427,0.0286,0.1486,clean,N/A,HIGH,external_debt_pct_gni,True
VEN,VEN,2014,2.512,1.854,0.658,0.658,0.112,0.078,0.336,0.19,0.225,0.38,0.208,Low Takeoff Signal,0.511,0.346,0.04,SL,Stable / Low Opportunity,Diversified Emerging Market,structural,0.031,0.3787,0.3888,0.2513,0.6421,0.0,0.1386,0.6565,0.4668,0.142,0.031,0.1009,0.3132,0.0327,0.5975,0.6105,0.0437,0.6236,0.5982,0.04,0.0367,0.1216,clean,N/A,HIGH,external_debt_pct_gni,True
VEN,VEN,2015,2.206,1.548,0.658,0.658,0.107,0.078,0.337,0.133,0.196,0.38,0.13,Low Takeoff Signal,0.136,0.293,0.048,SL,Stable / Low Opportunity,Diversified Emerging Market,structural,0.0217,0.4383,0.4003,0.2571,0.6043,0.0,0.0222,0.1188,0.5644,0.133,0.0215,0.1002,0.2369,0.0253,0.6393,0.6072,0.0422,0.0212,0.6679,0.0475,0.0274,0.0741,clean,N/A,HIGH,external_debt_pct_gni,True
VEN,VEN,2016,2.096,1.438,0.658,0.658,0.076,0.088,0.239,0.105,0.095,0.38,0.146,Low Takeoff Signal,0.211,0.262,0.049,SL,Stable / Low Opportunity,Diversified Emerging Market,structural,0.0001,0.3356,0.3486,0.0545,0.5392,0.0,0.0178,0.5017,0.042,0.1367,0.0222,0.0998,0.1867,0.0001,0.687,0.6032,0.0383,0.0294,0.6301,0.0485,0.0441,0.0385,clean,N/A,HIGH,external_debt_pct_gni,True
VEN,VEN,2017,2.512,1.854,0.658,0.658,0.104,0.103,0.254,0.234,0.104,0.38,0.22,Low Takeoff Signal,0.668,0.248,0.052,SL,Stable / Low Opportunity,Commodity Exporter,structural,0.0003,0.3903,0.3995,0.0118,0.5219,0.0,0.0259,0.9122,0.749,0.1028,0.024,0.0943,0.2429,0.0006,0.6579,0.5832,0.033,0.0275,0.5412,0.0519,0.0347,0.0257,clean,N/A,HIGH,external_debt_pct_gni,True
VEN,VEN,2018,2.778,2.12,0.658,0.658,0.083,0.104,0.225,0.222,0.073,0.38,0.325,Low Takeoff Signal,0.729,0.241,0.179,SL,Stable / Low Opportunity,Commodity Exporter,structural,0.0,0.3248,0.4419,0.0104,0.5168,0.0,0.0039,0.9137,0.6948,0.0799,0.0202,0.0771,0.2945,0.0,0.6481,0.5554,0.0197,0.0302,0.5638,0.1786,0.0412,0.0387,clean,N/A,HIGH,external_debt_pct_gni,True
VEN,VEN,2019,1.658,2.602,-0.944,0.658,0.074,0.103,0.24,0.208,0.039,0.38,0.472,Moderate Potential,0.854,0.262,0.471,SL,Stable / Low Opportunity,Commodity Exporter,structural,0.0,0.3822,0.4165,0.0192,0.5142,0.0,0.0012,0.8294,0.6641,0.0732,0.0203,0.0737,0.2311,0.0,0.6506,0.525,0.0192,0.0678,0.342,0.4712,0.0483,0.0498,narrative_inconsistency,MEDIUM,HIGH,external_debt_pct_gni,True
VEN,VEN,2020,2.85,2.192,0.658,0.658,0.085,0.096,0.201,0.147,0.042,0.38,0.342,Low Takeoff Signal,0.877,0.239,0.174,SL,Stable / Low Opportunity,Commodity Exporter,structural,0.0015,0.1323,0.5261,0.0437,0.5097,0.0,0.0,0.3977,0.3699,0.0887,0.0184,0.068,0.1398,0.0021,0.6607,0.5195,0.0197,0.0514,0.8463,0.1739,0.0355,0.0608,clean,N/A,HIGH,external_debt_pct_gni,True
VEN,VEN,2021,3.829,3.171,0.658,0.658,0.139,0.113,0.274,0.184,0.257,0.524,0.533,Moderate Potential,0.974,0.449,0.323,SL,Stable / Low Opportunity,Commodity Exporter,structural,0.1612,0.0067,0.4436,0.0351,0.5095,0.0,0.0007,0.5042,0.1766,0.1191,0.0209,0.0698,0.3449,0.2718,0.658,0.5285,0.0232,0.7652,0.9647,0.3225,0.0493,0.8562,clean,N/A,HIGH,external_debt_pct_gni,True
VEN,VEN,2022,3.581,3.593,-0.012,0.658,0.271,0.143,0.556,0.237,0.304,0.744,0.453,Moderate Potential,0.2,0.689,0.722,SR,Structural Risk,High-Growth Emerging Market,recovery_bounce,0.7435,0.9288,0.5177,0.0212,0.6973,0.0,0.0124,0.7131,0.1965,0.1469,0.0251,0.0685,0.3462,0.8181,0.6893,0.5081,0.0321,0.9664,0.8549,0.722,0.8196,0.8987,clean,N/A,HIGH,external_debt_pct_gni,True
VEN,VEN,2023,2.089,4.633,-2.544,0.658,0.224,0.134,0.466,0.241,0.286,0.679,0.812,Strong Pre-Breakout Signal,0.875,0.667,0.938,SR,Structural Risk,Diversified Emerging Market,structural,0.6062,0.8699,0.4046,0.014,0.7117,0.0091,0.0387,0.7082,0.1534,0.153,0.0276,0.0736,0.346,0.6875,0.6861,0.4925,0.0336,0.9806,0.3965,0.9378,0.9658,0.8552,narrative_inconsistency,HIGH,HIGH,external_debt_pct_gni,True
VEN,VEN,2024,1.8,3.836,-2.036,0.658,0.198,0.117,0.483,0.213,0.273,0.61,0.63,Pre-Breakout Signal,0.45,0.638,0.918,SL,Stable / Low Opportunity,Diversified Emerging Market,structural,0.7048,0.7345,0.4446,0.0131,0.7141,0.2578,0.0115,0.6825,0.0906,0.0553,0.0284,0.0758,0.2852,0.7777,0.692,0.488,0.0308,0.9702,0.0483,0.9182,0.9726,0.9398,narrative_inconsistency,HIGH,HIGH,external_debt_pct_gni; natural_resource_rents_pct_gdp,True
VNM,Vietnam,2010,6.785,5.923,0.862,0.862,0.577,0.086,0.557,0.439,0.435,,0.502,Moderate Potential,0.45,0.562,0.5,RO,Robust Opportunity,High-Growth Emerging Market,structural,0.6609,0.4247,0.4829,0.9429,0.3253,0.0753,0.5839,0.4266,0.7485,0.6475,0.305,0.3794,0.5593,0.6998,0.875,0.1731,0.2724,,,,,,clean,N/A,HIGH,secondary_school_enrolment,False
VNM,Vietnam,2011,6.866,6.004,0.862,0.862,0.589,0.09,0.562,0.46,0.439,,0.507,Moderate Potential,0.45,0.579,0.5,RO,Robust Opportunity,High-Growth Emerging Market,structural,0.6876,0.499,0.4357,0.8096,0.4175,0.1173,0.6011,0.5108,0.7074,0.6741,0.3499,0.3967,0.5545,0.7046,0.8749,0.1727,0.3014,,,,,,clean,N/A,HIGH,secondary_school_enrolment,False
VNM,Vietnam,2012,6.307,5.445,0.862,0.862,0.576,0.117,0.522,0.518,0.418,0.52,0.509,Moderate Potential,0.45,0.534,0.557,RO,Robust Opportunity,High-Growth Emerging Market,structural,0.5861,0.5538,0.4545,0.7419,0.2655,0.4076,0.5898,0.6243,0.7177,0.6622,0.3271,0.367,0.5781,0.5967,0.865,0.1687,0.2523,0.5737,0.1854,0.5569,0.6272,0.6588,clean,N/A,HIGH,secondary_school_enrolment,True
VNM,Vietnam,2013,6.408,5.546,0.862,0.862,0.588,0.114,0.535,0.519,0.43,0.508,0.519,Moderate Potential,0.45,0.552,0.572,RO,Robust Opportunity,Diversified Emerging Market,structural,0.6773,0.5877,0.4698,0.7398,0.254,0.3802,0.5762,0.6345,0.7405,0.6763,0.3265,0.3865,0.6073,0.7155,0.8501,0.1644,0.2687,0.4546,0.2474,0.5717,0.518,0.9728,clean,N/A,HIGH,secondary_school_enrolment,True
VNM,Vietnam,2014,6.839,5.977,0.862,0.862,0.669,0.111,0.59,0.552,0.455,0.537,0.518,Moderate Potential,0.4,0.593,0.599,RO,Robust Opportunity,High-Growth Emerging Market,structural,0.8066,0.544,0.469,0.7629,0.4964,0.639,0.566,0.7059,0.739,0.5854,0.3678,0.4264,0.59,0.8387,0.8478,0.1644,0.3133,0.7069,0.2416,0.5985,0.387,0.97,clean,N/A,HIGH,secondary_school_enrolment,True
VNM,Vietnam,2015,7.451,6.589,0.862,0.862,0.766,0.097,0.65,0.543,0.509,0.634,0.542,Moderate Potential,0.345,0.662,0.725,RO,Robust Opportunity,High-Growth Emerging Market,structural,0.8395,0.5801,0.4792,0.8071,0.6134,0.6397,0.5853,0.6207,0.7192,0.6319,0.4141,0.4146,0.6264,0.8547,0.8209,0.2074,0.3673,0.6944,0.6884,0.7254,0.3104,0.9553,clean,N/A,HIGH,,True
VNM,Vietnam,2016,7.661,6.799,0.862,0.862,0.767,0.097,0.642,0.537,0.52,0.661,0.599,Pre-Breakout Signal,0.366,0.657,0.957,RO,Robust Opportunity,High-Growth Emerging Market,structural,0.8589,0.5509,0.5468,0.8004,0.6154,0.5449,0.6029,0.6895,0.7178,0.698,0.4605,0.4154,0.6793,0.8704,0.8131,0.226,0.3712,0.7866,0.7123,0.9566,0.3976,0.6949,clean,N/A,HIGH,,True
VNM,Vietnam,2017,7.834,6.972,0.862,0.862,0.771,0.095,0.673,0.528,0.527,0.708,0.641,Pre-Breakout Signal,0.407,0.713,0.962,RO,Robust Opportunity,High-Growth Emerging Market,structural,0.8098,0.5519,0.4828,0.8603,0.6298,0.5556,0.6222,0.5939,0.68,0.6844,0.4387,0.3885,0.672,0.813,0.8009,0.2327,0.3836,0.7743,0.8311,0.9615,0.658,0.6331,clean,N/A,HIGH,,True
VNM,Vietnam,2018,8.071,7.209,0.862,0.862,0.809,0.093,0.668,0.536,0.542,0.705,0.651,Pre-Breakout Signal,0.443,0.702,0.932,RO,Robust Opportunity,High-Growth Emerging Market,structural,0.9093,0.5425,0.4865,0.8296,0.6518,0.5355,0.6556,0.7056,0.7117,0.5805,0.451,0.4024,0.6551,0.9206,0.8444,0.2453,0.3863,0.7405,0.7933,0.9324,0.7584,0.5359,clean,N/A,HIGH,,True
VNM,Vietnam,2019,8.114,7.252,0.862,0.862,0.799,0.079,0.647,0.561,0.549,0.539,0.678,Pre-Breakout Signal,0.875,0.609,0.569,RO,Robust Opportunity,High-Growth Emerging Market,structural,0.8724,0.4655,0.4597,0.834,0.6768,0.5368,0.6936,0.7603,0.7191,0.6478,0.4459,0.4068,0.6706,0.8953,0.8225,0.2512,0.3916,0.584,0.5998,0.5692,0.8138,0.1944,clean,N/A,HIGH,,True
VNM,Vietnam,2020,8.019,7.157,0.862,0.862,0.897,0.117,0.585,0.575,0.513,0.648,0.504,Moderate Potential,0.45,0.622,0.449,RO,Robust Opportunity,High-Growth Emerging Market,structural,0.8312,0.586,0.542,0.8718,0.654,0.553,0.7517,0.8087,0.747,0.6695,0.4405,0.4112,0.7056,0.8463,0.837,0.2574,0.4264,0.8251,0.638,0.449,0.871,0.6515,clean,N/A,HIGH,,True
VNM,Vietnam,2021,6.368,5.506,0.862,0.862,0.581,0.092,0.608,0.55,0.487,0.465,0.518,Moderate Potential,0.45,0.569,0.549,RO,Robust Opportunity,High-Growth Emerging Market,structural,0.2519,0.5576,0.4714,0.8841,0.6477,0.6001,0.7562,0.4409,0.7178,0.6794,0.4418,0.4214,0.7154,0.2701,0.8175,0.2487,0.3712,0.0121,0.2648,0.5489,0.8958,0.8546,clean,N/A,HIGH,,True
VNM,Vietnam,2022,6.634,5.772,0.862,0.862,0.735,0.08,0.653,0.581,0.545,0.473,0.361,Low Takeoff Signal,0.2,0.58,0.415,RO,Robust Opportunity,High-Growth Emerging Market,structural,0.7703,0.3367,0.541,0.8447,0.6497,0.669,0.7885,0.579,0.7219,0.6693,0.4412,0.454,0.7162,0.802,0.811,0.2503,0.3796,0.3277,0.1235,0.415,0.8874,0.8987,clean,N/A,HIGH,,True
VNM,Vietnam,2023,6.862,6.0,0.862,0.862,0.776,0.105,0.598,0.614,0.531,0.478,0.364,Low Takeoff Signal,0.2,0.544,0.457,RO,Robust Opportunity,High-Growth Emerging Market,structural,0.6956,0.3562,0.5687,0.8744,0.6591,0.5851,0.7903,0.7994,0.7429,0.6496,0.4421,0.4293,0.7161,0.738,0.7964,0.2519,0.4063,0.2031,0.2282,0.4573,0.9073,0.8533,clean,N/A,HIGH,,True
VNM,Vietnam,2024,7.348,6.486,0.862,0.862,0.837,0.093,0.662,0.625,0.549,0.47,0.408,Moderate Potential,0.2,0.563,0.644,RO,Robust Opportunity,High-Growth Emerging Market,structural,0.8308,0.7738,0.5097,0.8486,0.6524,0.5782,0.8004,0.8235,0.7754,0.6418,0.4562,0.4624,0.7162,0.8654,0.8008,0.2566,0.4077,0.6177,0.3252,0.6441,0.6855,0.078,clean,N/A,HIGH,,True
YEM,YEM,2010,4.141,3.756,0.385,0.385,0.214,0.104,0.355,0.299,0.309,,0.445,Moderate Potential,0.45,0.398,0.5,SL,Stable / Low Opportunity,Diversified Emerging Market,structural,0.7802,0.5223,0.3516,0.0524,0.0779,0.0569,0.514,0.4159,0.851,0.0156,0.1556,0.1589,0.0933,0.6054,0.3474,0.461,0.3235,,,,,,clean,N/A,HIGH,,False
YEM,YEM,2011,3.193,2.808,0.385,0.385,0.091,0.139,0.13,0.283,0.079,,0.366,Low Takeoff Signal,0.45,0.227,0.5,SR,Structural Risk,Commodity Exporter,structural,0.0062,0.3009,0.2814,0.0192,0.0842,0.0503,0.4738,0.4413,0.8467,0.016,0.1123,0.141,0.1078,0.0038,0.3196,0.4516,0.2269,,,,,,clean,N/A,HIGH,,False
YEM,YEM,2012,2.391,2.006,0.385,0.385,0.137,0.122,0.213,0.351,0.269,0.395,0.213,Low Takeoff Signal,0.45,0.344,0.051,SR,Structural Risk,Diversified Emerging Market,structural,0.4311,0.2933,0.3758,0.0362,0.0785,0.4811,0.4701,0.4883,0.8387,0.0209,0.1052,0.1237,0.1965,0.3559,0.316,0.4425,0.1882,0.6442,0.4162,0.0505,0.1939,0.6703,clean,N/A,HIGH,,True
YEM,YEM,2013,2.717,2.332,0.385,0.385,0.169,0.118,0.266,0.328,0.32,0.485,0.256,Low Takeoff Signal,0.45,0.445,0.069,SL,Stable / Low Opportunity,Diversified Emerging Market,structural,0.6215,0.3672,0.3006,0.033,0.0854,0.2529,0.4904,0.4568,0.8588,0.0201,0.1191,0.1298,0.3041,0.4928,0.3036,0.4354,0.1839,0.7097,0.5525,0.0694,0.3433,0.8676,clean,N/A,HIGH,,True
YEM,YEM,2014,2.509,2.124,0.385,0.385,0.132,0.126,0.201,0.321,0.262,0.469,0.254,Low Takeoff Signal,0.618,0.376,0.057,SR,Structural Risk,Diversified Emerging Market,structural,0.1553,0.3838,0.3647,0.0202,0.0829,0.1835,0.4991,0.6201,0.8688,0.0136,0.1019,0.0898,0.3494,0.0757,0.2864,0.4273,0.16,0.7151,0.596,0.0568,0.4183,0.5593,clean,N/A,HIGH,,True
YEM,YEM,2015,2.057,1.672,0.385,0.385,0.089,0.118,0.088,0.261,0.042,0.38,0.191,Low Takeoff Signal,0.399,0.271,0.054,SL,Stable / Low Opportunity,Diversified Emerging Market,structural,0.0,0.0538,0.3313,0.0104,0.0833,0.0558,0.443,0.522,0.8719,0.0118,0.0819,0.0909,0.6855,0.0,0.116,0.4104,0.1127,0.2202,0.8038,0.0541,0.4512,0.0741,clean,N/A,HIGH,,True
YEM,YEM,2016,1.896,1.511,0.385,0.385,0.098,0.117,0.083,0.264,0.12,0.38,0.134,Low Takeoff Signal,0.192,0.224,0.049,SL,Stable / Low Opportunity,Diversified Emerging Market,structural,0.0029,0.0602,0.2027,0.01,0.0813,0.4608,0.2724,0.3958,0.8274,0.0102,0.0753,0.0731,0.7713,0.0014,0.0949,0.3974,0.0852,0.0294,0.4171,0.0485,0.0459,0.0385,clean,N/A,HIGH,,True
YEM,YEM,2017,1.806,1.421,0.385,0.385,0.102,0.102,0.164,0.228,0.151,0.38,0.102,Low Takeoff Signal,0.087,0.217,0.052,SL,Stable / Low Opportunity,Commodity Exporter,structural,0.0245,0.3678,0.388,0.0059,0.0815,0.2819,0.2204,0.5409,0.7943,0.0085,0.063,0.0755,0.7266,0.0133,0.0785,0.3841,0.0855,0.1653,0.3813,0.0519,0.0347,0.0257,clean,N/A,HIGH,,True
YEM,YEM,2018,2.079,1.694,0.385,0.385,0.134,0.095,0.338,0.27,0.197,0.38,0.131,Low Takeoff Signal,0.082,0.347,0.072,SL,Stable / Low Opportunity,Commodity Exporter,structural,0.1973,0.8342,0.4226,0.0158,0.0781,0.534,0.2002,0.431,0.7546,0.0073,0.0601,0.0597,0.5881,0.0843,0.082,0.3739,0.0639,0.8763,0.4848,0.0723,0.0412,0.0387,clean,N/A,HIGH,,True
YEM,YEM,2019,2.003,1.618,0.385,0.385,0.129,0.102,0.326,0.265,0.192,0.411,0.117,Low Takeoff Signal,0.082,0.438,0.039,SL,Stable / Low Opportunity,Commodity Exporter,structural,0.2926,0.666,0.3948,0.0168,0.0752,0.5391,0.1826,0.3909,0.7614,0.009,0.0641,0.058,0.5558,0.1564,0.0807,0.3659,0.0576,0.9757,0.4667,0.0386,0.0483,0.9249,clean,N/A,HIGH,,True
YEM,YEM,2020,2.324,1.939,0.385,0.385,0.191,0.106,0.346,0.23,0.191,0.475,0.114,Low Takeoff Signal,0.053,0.443,0.056,SL,Stable / Low Opportunity,Commodity Exporter,structural,0.7449,0.8729,0.4528,0.0229,0.0714,0.4705,0.3452,0.0301,0.784,0.0087,0.047,0.0657,0.5128,0.6573,0.0992,0.3618,0.0541,0.9129,0.7801,0.0564,0.495,0.3221,clean,N/A,HIGH,,True
YEM,YEM,2021,2.074,1.689,0.385,0.385,0.152,0.116,0.347,0.249,0.191,0.514,0.102,Low Takeoff Signal,0.048,0.461,0.042,SL,Stable / Low Opportunity,Commodity Exporter,structural,0.1518,0.9754,0.3993,0.0196,0.0711,0.2648,0.4268,0.0688,0.7666,0.0093,0.0468,0.0689,0.6295,0.0947,0.0908,0.3649,0.0543,,,0.0422,0.8958,0.7885,clean,N/A,HIGH,,True
YEM,YEM,2022,2.271,1.886,0.385,0.385,0.149,0.118,0.345,0.261,0.195,0.514,0.162,Low Takeoff Signal,0.186,0.455,0.041,SL,Stable / Low Opportunity,Diversified Emerging Market,structural,0.2888,0.9905,0.4631,0.0212,0.071,0.7577,0.4948,0.1033,0.7508,0.0091,0.0444,0.0617,0.6305,0.1978,0.0815,0.359,0.0591,,,0.0412,0.8874,0.8987,clean,N/A,HIGH,,True
YEM,YEM,2023,2.362,1.977,0.385,0.385,0.132,0.117,0.346,0.25,0.196,0.52,0.212,Low Takeoff Signal,0.272,0.492,0.06,SL,Stable / Low Opportunity,Diversified Emerging Market,structural,0.3153,0.9985,0.3562,0.017,0.0744,0.4499,0.3617,0.1038,0.7507,0.0092,0.0458,0.0685,0.6303,0.2084,0.0735,0.3518,0.062,,,0.06,0.9658,0.8536,clean,N/A,HIGH,,True
YEM,YEM,2024,3.12,2.735,0.385,0.385,0.129,0.121,0.346,0.251,0.19,0.535,0.427,Moderate Potential,0.45,0.472,0.358,SR,Structural Risk,Diversified Emerging Market,structural,0.2768,0.9927,0.3857,0.0176,0.068,0.5323,0.4247,0.0311,0.74,0.008,0.0476,0.07,0.6304,0.1653,0.0728,0.3486,0.0547,,,0.3583,0.4957,0.9398,clean,N/A,HIGH,,True
ZAF,South Africa,2010,5.242,4.41,0.832,0.832,0.332,0.193,0.368,0.618,0.263,,0.449,Moderate Potential,0.45,0.409,0.5,SR,Structural Risk,Diversified Emerging Market,structural,0.2851,0.4122,0.3587,0.1729,0.6543,0.699,0.6631,0.4688,0.7909,0.5709,0.6175,0.6064,0.5835,0.3012,0.0103,0.8738,0.7977,,,,,,clean,N/A,HIGH,,False
ZAF,South Africa,2011,5.382,4.55,0.832,0.832,0.348,0.176,0.403,0.584,0.285,,0.464,Moderate Potential,0.45,0.448,0.5,SR,Structural Risk,Diversified Emerging Market,structural,0.4487,0.4281,0.3428,0.2209,0.6756,0.5465,0.6196,0.4632,0.7728,0.6018,0.5939,0.6054,0.5968,0.4589,0.0127,0.8722,0.7848,,,,,,clean,N/A,HIGH,,False
ZAF,South Africa,2012,4.181,3.349,0.832,0.832,0.3,0.155,0.411,0.545,0.279,0.38,0.342,Low Takeoff Signal,0.45,0.393,0.211,SR,Structural Risk,Diversified Emerging Market,structural,0.4312,0.4319,0.3955,0.2107,0.7028,0.4868,0.6013,0.425,0.6883,0.564,0.588,0.5572,0.6102,0.4302,0.0127,0.8714,0.7806,0.6337,0.485,0.2112,0.1325,0.103,clean,N/A,HIGH,,True
ZAF,South Africa,2013,4.685,3.853,0.832,0.832,0.308,0.151,0.428,0.53,0.284,0.424,0.469,Moderate Potential,0.45,0.466,0.495,SR,Structural Risk,Diversified Emerging Market,structural,0.428,0.4544,0.3868,0.2378,0.6731,0.4315,0.5888,0.3973,0.6886,0.5139,0.6089,0.5573,0.5995,0.4149,0.0141,0.8752,0.7771,0.5647,0.8284,0.4951,0.1641,0.1486,clean,N/A,HIGH,,True
ZAF,South Africa,2014,3.985,3.153,0.832,0.832,0.28,0.147,0.429,0.522,0.272,0.38,0.317,Low Takeoff Signal,0.161,0.424,0.498,SR,Structural Risk,Diversified Emerging Market,structural,0.2815,0.4572,0.4117,0.2044,0.7734,0.4166,0.5709,0.3776,0.653,0.4856,0.617,0.5791,0.6339,0.262,0.0125,0.8793,0.7095,0.2919,0.8026,0.4978,0.1146,0.1337,clean,N/A,HIGH,,True
ZAF,South Africa,2015,4.499,3.667,0.832,0.832,0.306,0.151,0.43,0.527,0.274,0.417,0.42,Moderate Potential,0.293,0.468,0.566,SR,Structural Risk,Diversified Emerging Market,structural,0.3342,0.476,0.3445,0.2284,0.8005,0.5276,0.5963,0.4415,0.7009,0.4539,0.5994,0.5846,0.6528,0.2871,0.0125,0.8739,0.6524,0.2681,0.6668,0.5655,0.28,0.3039,clean,N/A,HIGH,,True
ZAF,South Africa,2016,4.306,3.474,0.832,0.832,0.272,0.153,0.401,0.516,0.25,0.404,0.417,Moderate Potential,0.3,0.457,0.552,SR,Structural Risk,Diversified Emerging Market,structural,0.2573,0.4478,0.3115,0.1785,0.7898,0.5212,0.6116,0.542,0.637,0.46,0.6074,0.5836,0.6312,0.3029,0.0065,0.872,0.631,0.2565,0.5086,0.5522,0.3881,0.3145,clean,N/A,HIGH,,True
ZAF,South Africa,2017,4.263,3.431,0.832,0.832,0.26,0.148,0.404,0.511,0.253,0.38,0.425,Moderate Potential,0.547,0.412,0.327,SR,Structural Risk,Diversified Emerging Market,structural,0.2648,0.3882,0.4119,0.1435,0.8082,0.542,0.6,0.4879,0.6258,0.4379,0.5845,0.5378,0.6419,0.3273,0.0051,0.8689,0.6142,0.3027,0.1276,0.3272,0.4998,0.5875,clean,N/A,HIGH,,True
ZAF,South Africa,2018,3.777,2.945,0.832,0.832,0.256,0.156,0.414,0.508,0.234,0.456,0.295,Low Takeoff Signal,0.579,0.449,0.082,SR,Structural Risk,Diversified Emerging Market,structural,0.2771,0.4498,0.4496,0.1275,0.7625,0.5354,0.5694,0.4452,0.6361,0.461,0.5496,0.5521,0.6304,0.2288,0.0042,0.8653,0.5517,0.5298,0.6239,0.0823,0.3967,0.6458,clean,N/A,HIGH,,True
ZAF,South Africa,2019,3.284,2.452,0.832,0.832,0.216,0.159,0.387,0.499,0.197,0.434,0.218,Low Takeoff Signal,0.45,0.442,0.041,SR,Structural Risk,Diversified Emerging Market,structural,0.2513,0.4201,0.4222,0.1249,0.7894,0.5377,0.531,0.4683,0.6064,0.4416,0.5446,0.5785,0.5904,0.2104,0.0022,0.8624,0.5723,0.4334,0.834,0.0412,0.1941,0.7578,clean,N/A,HIGH,,True
ZAF,South Africa,2020,3.698,2.866,0.832,0.832,0.274,0.175,0.322,0.512,0.139,0.428,0.245,Low Takeoff Signal,0.45,0.402,0.068,SR,Structural Risk,Diversified Emerging Market,structural,0.3453,0.4465,0.4868,0.0837,0.7864,0.5473,0.5128,0.7023,0.638,0.4915,0.5495,0.5611,0.5701,0.3186,0.0035,0.8624,0.5774,0.4854,0.7308,0.0681,0.1039,0.9722,clean,N/A,HIGH,,True
ZAF,South Africa,2021,4.737,3.905,0.832,0.832,0.27,0.178,0.529,0.527,0.18,0.581,0.54,Moderate Potential,0.45,0.57,0.628,SR,Structural Risk,High-Growth Emerging Market,structural,0.4305,0.4299,0.5424,0.081,0.8167,0.5742,0.4967,0.7221,0.7114,0.2681,0.6335,0.5873,0.5295,0.384,0.0012,0.8571,0.5354,0.7182,0.9647,0.6282,0.057,0.8068,clean,N/A,HIGH,,True
ZAF,South Africa,2022,4.728,3.896,0.832,0.832,0.238,0.17,0.46,0.491,0.177,0.548,0.587,Pre-Breakout Signal,0.45,0.526,0.906,SR,Structural Risk,High-Growth Emerging Market,structural,0.3666,0.4442,0.5125,0.1387,0.791,0.6299,0.4345,0.5458,0.6728,0.2919,0.6062,0.4907,0.5307,0.353,0.0012,0.8543,0.5088,0.4447,0.7627,0.906,0.044,0.8403,clean,N/A,HIGH,,True
ZAF,South Africa,2023,4.399,3.567,0.832,0.832,0.204,0.156,0.428,0.482,0.17,0.436,0.545,Moderate Potential,0.45,0.457,0.839,SR,Structural Risk,Diversified Emerging Market,structural,0.3196,0.5745,0.4426,0.1315,0.7933,0.572,0.4081,0.4783,0.6573,0.3086,0.6099,0.4732,0.5305,0.3246,0.0011,0.8545,0.5059,0.3943,0.4342,0.8386,0.067,0.5325,clean,N/A,HIGH,,True
ZAF,South Africa,2024,4.072,3.24,0.832,0.832,0.182,0.157,0.395,0.487,0.164,0.38,0.487,Reform Story,0.45,0.4,0.674,SR,Structural Risk,Diversified Emerging Market,structural,0.2596,0.3191,0.4271,0.1032,0.7908,0.5787,0.3672,0.5312,0.6404,0.3458,0.6019,0.4887,0.5305,0.2644,0.0011,0.847,0.5038,0.248,0.1961,0.6736,0.1006,0.5935,clean,N/A,HIGH,,True
ZMB,ZMB,2010,5.197,4.8,0.397,0.397,0.37,0.174,0.576,0.584,0.211,,0.5,Moderate Potential,0.45,0.556,0.5,SR,Structural Risk,Diversified Emerging Market,structural,0.9231,0.5776,0.5697,0.7659,0.0734,0.284,0.7956,0.688,0.8465,0.7473,0.4152,0.3979,0.1809,0.8193,0.1655,0.0626,0.286,,,,,,clean,N/A,HIGH,secondary_school_enrolment,False
ZMB,ZMB,2011,5.124,4.727,0.397,0.397,0.362,0.182,0.517,0.606,0.226,,0.492,Moderate Potential,0.45,0.531,0.5,SR,Structural Risk,Diversified Emerging Market,structural,0.6295,0.5612,0.4476,0.8251,0.1454,0.4952,0.7755,0.6096,0.825,0.7731,0.4399,0.4342,0.2817,0.4758,0.318,0.0605,0.3016,,,,,,clean,N/A,HIGH,secondary_school_enrolment,False
ZMB,ZMB,2012,4.315,3.918,0.397,0.397,0.404,0.154,0.534,0.588,0.285,0.38,0.343,Low Takeoff Signal,0.45,0.435,0.19,SR,Structural Risk,High-Growth Emerging Market,structural,0.6832,0.5728,0.5016,0.7766,0.0681,0.3731,0.7432,0.6273,0.817,0.7883,0.3633,0.4503,0.3494,0.5913,0.524,0.058,0.2983,0.5377,0.3178,0.1897,0.153,0.4805,clean,N/A,HIGH,secondary_school_enrolment,True
ZMB,ZMB,2013,4.548,4.151,0.397,0.397,0.383,0.145,0.533,0.564,0.288,0.38,0.44,Moderate Potential,0.45,0.407,0.47,SR,Structural Risk,Diversified Emerging Market,structural,0.6399,0.5824,0.6022,0.8536,0.0839,0.3095,0.7447,0.5186,0.8179,0.7496,0.4139,0.4353,0.3611,0.4989,0.5757,0.0665,0.2963,0.1164,0.5567,0.4697,0.249,0.2927,clean,N/A,HIGH,secondary_school_enrolment,True
ZMB,ZMB,2014,4.199,3.802,0.397,0.397,0.377,0.123,0.539,0.506,0.31,0.38,0.352,Low Takeoff Signal,0.259,0.397,0.439,SR,Structural Risk,Diversified Emerging Market,structural,0.6483,0.5885,0.5078,0.8785,0.1436,0.2789,0.6818,0.651,0.703,0.5649,0.3977,0.4141,0.3547,0.4504,0.6213,0.0747,0.3319,0.0351,0.5434,0.439,0.091,0.1683,clean,N/A,HIGH,secondary_school_enrolment,True
ZMB,ZMB,2015,3.503,3.106,0.397,0.397,0.326,0.083,0.552,0.372,0.302,0.38,0.235,Low Takeoff Signal,0.08,0.418,0.424,SL,Stable / Low Opportunity,Diversified Emerging Market,structural,0.493,0.6116,0.5573,0.9716,0.1503,0.1801,0.3935,0.5276,0.4298,0.6381,0.4214,0.407,0.2625,0.3277,0.6687,0.0833,0.3443,0.2208,0.8223,0.424,0.0274,0.0741,clean,N/A,HIGH,secondary_school_enrolment,True
ZMB,ZMB,2016,3.807,3.41,0.397,0.397,0.344,0.086,0.56,0.39,0.306,0.38,0.293,Low Takeoff Signal,0.11,0.417,0.608,SL,Stable / Low Opportunity,High-Growth Emerging Market,structural,0.6011,0.6101,0.4461,0.9352,0.2406,0.5129,0.4424,0.5105,0.3016,0.5226,0.3977,0.3871,0.193,0.399,0.7209,0.0835,0.3119,0.1007,0.2679,0.6076,0.0441,0.1899,clean,N/A,HIGH,secondary_school_enrolment,True
ZMB,ZMB,2017,3.674,3.277,0.397,0.397,0.31,0.085,0.553,0.38,0.293,0.38,0.305,Low Takeoff Signal,0.217,0.415,0.318,SL,Stable / Low Opportunity,High-Growth Emerging Market,structural,0.4975,0.5519,0.4711,0.9784,0.1657,0.5329,0.3896,0.5294,0.1729,0.52,0.3769,0.3719,0.1926,0.3179,0.767,0.0831,0.3082,0.3141,0.0413,0.3184,0.0347,0.5889,clean,N/A,HIGH,secondary_school_enrolment,True
ZMB,ZMB,2018,3.605,3.208,0.397,0.397,0.314,0.074,0.559,0.351,0.311,0.38,0.281,Low Takeoff Signal,0.231,0.455,0.201,SL,Stable / Low Opportunity,Diversified Emerging Market,structural,0.6011,0.5904,0.4514,0.9541,0.2074,0.5353,0.2469,0.5374,0.1521,0.4648,0.3648,0.3142,0.2981,0.3562,0.7488,0.0833,0.3246,0.5262,0.0169,0.2006,0.0412,0.8317,clean,N/A,HIGH,secondary_school_enrolment,True
ZMB,ZMB,2019,3.036,2.639,0.397,0.397,0.256,0.076,0.519,0.32,0.285,0.38,0.21,Low Takeoff Signal,0.45,0.419,0.039,SL,Stable / Low Opportunity,High-Growth Emerging Market,structural,0.3566,0.5185,0.4332,0.9615,0.2775,0.5329,0.1148,0.6209,0.049,0.4268,0.321,0.2948,0.402,0.2002,0.6968,0.0786,0.2961,0.3934,0.0263,0.0386,0.0483,0.8901,clean,N/A,HIGH,secondary_school_enrolment,True
ZMB,ZMB,2020,3.125,2.728,0.397,0.397,0.272,0.109,0.446,0.351,0.19,0.38,0.212,Low Takeoff Signal,0.45,0.31,0.056,SL,Stable / Low Opportunity,Diversified Emerging Market,structural,0.5491,0.4368,0.4932,0.8797,0.5677,0.5166,0.0648,0.9632,0.0233,0.4338,0.2919,0.2932,0.0478,0.4458,0.7348,0.0807,0.2688,0.2559,0.3433,0.0564,0.0355,0.0608,clean,N/A,HIGH,export_growth; secondary_school_enrolment,True
ZMB,ZMB,2021,2.757,2.36,0.397,0.397,0.189,0.117,0.557,0.38,0.146,0.38,0.233,Low Takeoff Signal,0.45,0.399,0.057,SL,Stable / Low Opportunity,Diversified Emerging Market,structural,0.5507,0.4405,0.4389,0.8444,0.2611,0.4947,0.1595,0.9319,0.0679,0.5461,0.3182,0.2691,0.0102,0.3863,0.7604,0.0961,0.3023,0.7171,0.1801,0.0574,0.0493,0.0212,clean,N/A,HIGH,export_growth; secondary_school_enrolment,True
ZMB,ZMB,2022,3.436,3.039,0.397,0.397,0.189,0.145,0.499,0.406,0.134,0.503,0.422,Moderate Potential,0.45,0.521,0.307,SR,Structural Risk,Diversified Emerging Market,structural,0.5764,0.2776,0.478,0.6369,0.3841,0.594,0.1789,0.7036,0.1554,0.6348,0.3173,0.3794,0.0103,0.4698,0.7119,0.0875,0.3329,0.6119,0.1092,0.3073,0.7357,0.8853,clean,N/A,HIGH,export_growth; secondary_school_enrolment,True
ZMB,ZMB,2023,3.894,3.497,0.397,0.397,0.178,0.151,0.542,0.348,0.129,0.633,0.566,Pre-Breakout Signal,0.45,0.621,0.665,SR,Structural Risk,Diversified Emerging Market,structural,0.7188,0.6898,0.4935,0.8691,0.2385,0.5217,0.0573,0.4086,0.1028,0.6031,0.3288,0.3903,0.0103,0.5864,0.6938,0.0864,0.3265,0.9806,0.4128,0.6646,0.59,0.8552,clean,N/A,HIGH,export_growth; secondary_school_enrolment,True
ZMB,ZMB,2024,3.817,3.42,0.397,0.397,0.156,0.156,0.448,0.356,0.121,0.616,0.577,Pre-Breakout Signal,0.45,0.532,0.846,SR,Structural Risk,Diversified Emerging Market,structural,0.5682,0.543,0.6229,0.5318,0.1465,0.4718,0.0946,0.4779,0.0914,0.5925,0.3509,0.3748,0.0102,0.4125,0.6938,0.0869,0.3401,0.4734,0.9741,0.8458,0.3542,0.7791,clean,N/A,HIGH,export_growth,True
ZWE,ZWE,2010,4.677,4.202,0.475,0.475,0.259,0.087,0.521,0.259,0.285,,0.501,Moderate Potential,0.45,0.559,0.5,SL,Stable / Low Opportunity,Diversified Emerging Market,structural,0.999,0.9101,0.3622,0.2135,0.1538,0.7307,0.4422,0.1966,0.261,0.0867,0.0491,0.081,0.5739,0.9992,0.7616,0.1253,0.0358,,,,,,clean,N/A,HIGH,secondary_school_enrolment,False
ZWE,ZWE,2011,4.251,3.776,0.475,0.475,0.205,0.096,0.416,0.25,0.291,,0.464,Moderate Potential,0.45,0.449,0.5,SL,Stable / Low Opportunity,Diversified Emerging Market,structural,0.9599,0.4475,0.3837,0.1748,0.1204,0.5981,0.5124,0.154,0.2653,0.1367,0.0496,0.0827,0.5947,0.9554,0.7628,0.1242,0.0421,,,,,,clean,N/A,HIGH,secondary_school_enrolment,False
ZWE,ZWE,2012,2.311,4.09,-1.779,0.475,0.255,0.119,0.438,0.297,0.304,0.603,0.615,Pre-Breakout Signal,0.45,0.582,0.944,SL,Stable / Low Opportunity,Diversified Emerging Market,structural,0.9302,0.3945,0.4133,0.0451,0.4508,0.6828,0.5891,0.2606,0.3342,0.1358,0.0639,0.1098,0.6256,0.923,0.7801,0.1206,0.0467,0.5317,0.604,0.944,0.9383,0.3801,narrative_inconsistency,HIGH,HIGH,,True
ZWE,ZWE,2013,1.56,3.326,-1.766,0.475,0.148,0.144,0.237,0.341,0.252,0.575,0.562,Pre-Breakout Signal,0.45,0.471,0.897,SR,Structural Risk,Diversified Emerging Market,structural,0.3878,0.3146,0.383,0.0408,0.1463,0.7518,0.6276,0.2075,0.5147,0.2131,0.0637,0.0968,0.6409,0.3938,0.7932,0.1167,0.0476,0.0254,0.6358,0.8973,0.9248,0.7143,narrative_inconsistency,HIGH,HIGH,,True
ZWE,ZWE,2014,3.804,3.329,0.475,0.475,0.174,0.145,0.285,0.345,0.252,0.603,0.525,Moderate Potential,0.358,0.502,0.862,SR,Structural Risk,Diversified Emerging Market,structural,0.3817,0.4594,0.4329,0.0372,0.1418,0.7761,0.5825,0.1599,0.5607,0.1925,0.0664,0.0904,0.5918,0.3968,0.8052,0.112,0.0436,0.021,0.7449,0.8617,0.8692,0.9116,clean,N/A,HIGH,,True
ZWE,ZWE,2015,3.956,3.481,0.475,0.475,0.239,0.132,0.374,0.354,0.275,0.586,0.469,Moderate Potential,0.216,0.554,0.952,SR,Structural Risk,Diversified Emerging Market,structural,0.3775,0.8407,0.3897,0.0518,0.1414,0.7086,0.5622,0.2689,0.5303,0.2261,0.0989,0.1213,0.5679,0.3923,0.7836,0.1114,0.0709,0.0212,0.6597,0.9521,0.7738,0.9553,clean,N/A,HIGH,,True
ZWE,ZWE,2016,3.639,3.164,0.475,0.475,0.193,0.119,0.318,0.333,0.255,0.475,0.451,Moderate Potential,0.226,0.474,0.957,SL,Stable / Low Opportunity,Diversified Emerging Market,structural,0.2656,0.6444,0.3626,0.0508,0.1323,0.6095,0.579,0.5035,0.4511,0.221,0.0942,0.1195,0.5772,0.2677,0.7624,0.1105,0.064,0.0294,0.5893,0.9566,0.2555,0.9337,clean,N/A,HIGH,,True
ZWE,ZWE,2017,1.702,4.244,-2.542,0.475,0.213,0.11,0.337,0.362,0.294,0.407,0.721,Strong Pre-Breakout Signal,0.972,0.418,0.962,SL,Stable / Low Opportunity,Diversified Emerging Market,structural,0.624,0.4353,0.4128,0.0976,0.1326,0.5502,0.3637,0.5564,0.8035,0.2463,0.1004,0.1213,0.5245,0.6106,0.7314,0.1103,0.0716,0.6364,0.1956,0.9615,0.0349,0.4172,narrative_inconsistency,HIGH,HIGH,,True
ZWE,ZWE,2018,1.729,3.704,-1.975,0.475,0.184,0.128,0.257,0.365,0.307,0.472,0.614,Emerging (Increasingly Discovered),0.609,0.421,0.967,SR,Structural Risk,Diversified Emerging Market,structural,0.7209,0.1401,0.4479,0.0855,0.1279,0.5338,0.6082,0.4004,0.7064,0.2338,0.1155,0.1204,0.6504,0.6984,0.6915,0.1095,0.0786,0.9397,0.2036,0.9667,0.6191,0.0387,narrative_inconsistency,HIGH,HIGH,,True
ZWE,ZWE,2019,3.514,3.039,0.475,0.475,0.117,0.118,0.24,0.316,0.163,0.38,0.53,Reform Story,0.545,0.316,0.94,SL,Stable / Low Opportunity,Commodity Exporter,structural,0.02,0.5024,0.4163,0.0529,0.1242,0.2518,0.2536,0.752,0.6127,0.182,0.1202,0.1206,0.5641,0.0147,0.6522,0.1081,0.0891,0.2036,0.3147,0.9401,0.1264,0.0498,clean,N/A,HIGH,,True
ZWE,ZWE,2020,3.595,3.12,0.475,0.475,0.151,0.127,0.135,0.324,0.163,0.38,0.501,Reform Story,0.545,0.265,0.956,SR,Structural Risk,Commodity Exporter,structural,0.2597,0.1813,0.4798,0.0664,0.1191,0.0782,0.3674,0.7299,0.6659,0.1695,0.1242,0.1308,0.5217,0.234,0.6409,0.1085,0.0878,0.0707,0.5575,0.9559,0.0758,0.0608,clean,N/A,HIGH,,True
ZWE,ZWE,2021,1.802,4.259,-2.457,0.475,0.274,0.115,0.474,0.363,0.298,0.55,0.633,Pre-Breakout Signal,0.545,0.559,0.873,SL,Stable / Low Opportunity,Diversified Emerging Market,structural,0.7285,0.9697,0.4233,0.0918,0.1188,0.21,0.5976,0.5996,0.6099,0.1859,0.1237,0.1323,0.5682,0.6521,0.5837,0.1036,0.0881,0.7039,0.5268,0.8726,0.8801,0.0212,narrative_inconsistency,HIGH,HIGH,,True
ZWE,ZWE,2022,2.209,3.82,-1.611,0.475,0.241,0.111,0.447,0.334,0.278,0.531,0.561,Pre-Breakout Signal,0.545,0.525,0.626,SL,Stable / Low Opportunity,Diversified Emerging Market,structural,0.6364,0.9815,0.4926,0.075,0.118,0.0,0.1786,0.602,0.6641,0.2376,0.1223,0.1317,0.5693,0.6092,0.4637,0.0989,0.0904,0.9379,0.3322,0.6263,0.1954,0.8987,narrative_inconsistency,HIGH,HIGH,,True
ZWE,ZWE,2023,3.992,3.517,0.475,0.475,0.197,0.114,0.347,0.322,0.289,0.501,0.543,Moderate Potential,0.545,0.456,0.662,SL,Stable / Low Opportunity,Diversified Emerging Market,structural,0.7176,0.171,0.4686,0.041,0.2983,0.0,0.2002,0.5747,0.6793,0.1816,0.1308,0.1333,0.5691,0.6812,0.5034,0.0998,0.1056,0.9806,0.693,0.662,0.3812,0.0174,clean,N/A,HIGH,secondary_school_enrolment,True
ZWE,ZWE,2024,3.646,3.171,0.475,0.475,0.176,0.105,0.355,0.344,0.258,0.38,0.478,Reform Story,0.45,0.377,0.677,SL,Stable / Low Opportunity,Diversified Emerging Market,structural,0.3631,0.4218,0.4392,0.0325,0.531,0.0,0.2052,0.6367,0.7443,0.1944,0.1456,0.1289,0.5691,0.3195,0.5016,0.0996,0.1104,0.3653,0.6407,0.6768,0.1006,0.0145,clean,N/A,HIGH,secondary_school_enrolment,True
